Absolute Path,Best Solution Raw
/home/garrett/coding/Ising_Model_Instances/data/4D/DRL/256/DRL_4_ID17.txt,ERROR: Model too large for size-limited license; visit https://gurobi.com/unrestricted for more information
/home/garrett/coding/Ising_Model_Instances/data/4D/DRL/256/DRL_4_ID4.txt,ERROR: Model too large for size-limited license; visit https://gurobi.com/unrestricted for more information
/home/garrett/coding/Ising_Model_Instances/data/4D/DRL/256/DRL_4_ID11.txt,ERROR: Model too large for size-limited license; visit https://gurobi.com/unrestricted for more information
/home/garrett/coding/Ising_Model_Instances/data/4D/DRL/256/DRL_4_ID9.txt,ERROR: Model too large for size-limited license; visit https://gurobi.com/unrestricted for more information
/home/garrett/coding/Ising_Model_Instances/data/4D/DRL/256/DRL_4_ID8.txt,ERROR: Model too large for size-limited license; visit https://gurobi.com/unrestricted for more information
/home/garrett/coding/Ising_Model_Instances/data/4D/DRL/256/DRL_4_ID37.txt,ERROR: Model too large for size-limited license; visit https://gurobi.com/unrestricted for more information
/home/garrett/coding/Ising_Model_Instances/data/4D/DRL/256/DRL_4_ID13.txt,ERROR: Model too large for size-limited license; visit https://gurobi.com/unrestricted for more information
/home/garrett/coding/Ising_Model_Instances/data/4D/DRL/256/DRL_4_ID38.txt,ERROR: Model too large for size-limited license; visit https://gurobi.com/unrestricted for more information
/home/garrett/coding/Ising_Model_Instances/data/4D/DRL/256/DRL_4_ID24.txt,ERROR: Model too large for size-limited license; visit https://gurobi.com/unrestricted for more information
/home/garrett/coding/Ising_Model_Instances/data/4D/DRL/256/DRL_4_ID42.txt,ERROR: Model too large for size-limited license; visit https://gurobi.com/unrestricted for more information
/home/garrett/coding/Ising_Model_Instances/data/4D/DRL/256/DRL_4_ID5.txt,ERROR: Model too large for size-limited license; visit https://gurobi.com/unrestricted for more information
/home/garrett/coding/Ising_Model_Instances/data/4D/DRL/256/DRL_4_ID44.txt,ERROR: Model too large for size-limited license; visit https://gurobi.com/unrestricted for more information
/home/garrett/coding/Ising_Model_Instances/data/4D/DRL/256/DRL_4_ID48.txt,ERROR: Model too large for size-limited license; visit https://gurobi.com/unrestricted for more information
/home/garrett/coding/Ising_Model_Instances/data/4D/DRL/256/DRL_4_ID0.txt,ERROR: Model too large for size-limited license; visit https://gurobi.com/unrestricted for more information
/home/garrett/coding/Ising_Model_Instances/data/4D/DRL/256/DRL_4_ID40.txt,ERROR: Model too large for size-limited license; visit https://gurobi.com/unrestricted for more information
/home/garrett/coding/Ising_Model_Instances/data/4D/DRL/256/DRL_4_ID30.txt,ERROR: Model too large for size-limited license; visit https://gurobi.com/unrestricted for more information
/home/garrett/coding/Ising_Model_Instances/data/4D/DRL/256/DRL_4_ID12.txt,ERROR: Model too large for size-limited license; visit https://gurobi.com/unrestricted for more information
/home/garrett/coding/Ising_Model_Instances/data/4D/DRL/256/DRL_4_ID31.txt,ERROR: Model too large for size-limited license; visit https://gurobi.com/unrestricted for more information
/home/garrett/coding/Ising_Model_Instances/data/4D/DRL/256/DRL_4_ID39.txt,ERROR: Model too large for size-limited license; visit https://gurobi.com/unrestricted for more information
/home/garrett/coding/Ising_Model_Instances/data/4D/DRL/256/DRL_4_ID18.txt,ERROR: Model too large for size-limited license; visit https://gurobi.com/unrestricted for more information
/home/garrett/coding/Ising_Model_Instances/data/4D/DRL/256/DRL_4_ID20.txt,ERROR: Model too large for size-limited license; visit https://gurobi.com/unrestricted for more information
/home/garrett/coding/Ising_Model_Instances/data/4D/DRL/256/DRL_4_ID14.txt,ERROR: Model too large for size-limited license; visit https://gurobi.com/unrestricted for more information
/home/garrett/coding/Ising_Model_Instances/data/4D/DRL/256/DRL_4_ID10.txt,ERROR: Model too large for size-limited license; visit https://gurobi.com/unrestricted for more information
/home/garrett/coding/Ising_Model_Instances/data/4D/DRL/256/DRL_4_ID45.txt,ERROR: Model too large for size-limited license; visit https://gurobi.com/unrestricted for more information
/home/garrett/coding/Ising_Model_Instances/data/4D/DRL/256/DRL_4_ID15.txt,ERROR: Model too large for size-limited license; visit https://gurobi.com/unrestricted for more information
/home/garrett/coding/Ising_Model_Instances/data/4D/DRL/256/DRL_4_ID22.txt,ERROR: Model too large for size-limited license; visit https://gurobi.com/unrestricted for more information
/home/garrett/coding/Ising_Model_Instances/data/4D/DRL/256/DRL_4_ID7.txt,ERROR: Model too large for size-limited license; visit https://gurobi.com/unrestricted for more information
/home/garrett/coding/Ising_Model_Instances/data/4D/DRL/256/DRL_4_ID36.txt,ERROR: Model too large for size-limited license; visit https://gurobi.com/unrestricted for more information
/home/garrett/coding/Ising_Model_Instances/data/4D/DRL/256/DRL_4_ID34.txt,ERROR: Model too large for size-limited license; visit https://gurobi.com/unrestricted for more information
/home/garrett/coding/Ising_Model_Instances/data/4D/DRL/256/DRL_4_ID2.txt,ERROR: Model too large for size-limited license; visit https://gurobi.com/unrestricted for more information
/home/garrett/coding/Ising_Model_Instances/data/4D/DRL/256/DRL_4_ID32.txt,ERROR: Model too large for size-limited license; visit https://gurobi.com/unrestricted for more information
/home/garrett/coding/Ising_Model_Instances/data/4D/DRL/256/DRL_4_ID21.txt,ERROR: Model too large for size-limited license; visit https://gurobi.com/unrestricted for more information
/home/garrett/coding/Ising_Model_Instances/data/4D/DRL/256/DRL_4_ID46.txt,ERROR: Model too large for size-limited license; visit https://gurobi.com/unrestricted for more information
/home/garrett/coding/Ising_Model_Instances/data/4D/DRL/256/DRL_4_ID19.txt,ERROR: Model too large for size-limited license; visit https://gurobi.com/unrestricted for more information
/home/garrett/coding/Ising_Model_Instances/data/4D/DRL/256/DRL_4_ID16.txt,ERROR: Model too large for size-limited license; visit https://gurobi.com/unrestricted for more information
/home/garrett/coding/Ising_Model_Instances/data/4D/DRL/256/DRL_4_ID43.txt,ERROR: Model too large for size-limited license; visit https://gurobi.com/unrestricted for more information
/home/garrett/coding/Ising_Model_Instances/data/4D/DRL/256/DRL_4_ID41.txt,ERROR: Model too large for size-limited license; visit https://gurobi.com/unrestricted for more information
/home/garrett/coding/Ising_Model_Instances/data/4D/DRL/256/DRL_4_ID28.txt,ERROR: Model too large for size-limited license; visit https://gurobi.com/unrestricted for more information
/home/garrett/coding/Ising_Model_Instances/data/4D/DRL/256/DRL_4_ID1.txt,ERROR: Model too large for size-limited license; visit https://gurobi.com/unrestricted for more information
/home/garrett/coding/Ising_Model_Instances/data/4D/DRL/256/DRL_4_ID3.txt,ERROR: Model too large for size-limited license; visit https://gurobi.com/unrestricted for more information
/home/garrett/coding/Ising_Model_Instances/data/4D/DRL/256/DRL_4_ID23.txt,ERROR: Model too large for size-limited license; visit https://gurobi.com/unrestricted for more information
/home/garrett/coding/Ising_Model_Instances/data/4D/DRL/256/DRL_4_ID27.txt,ERROR: Model too large for size-limited license; visit https://gurobi.com/unrestricted for more information
/home/garrett/coding/Ising_Model_Instances/data/4D/DRL/256/DRL_4_ID26.txt,ERROR: Model too large for size-limited license; visit https://gurobi.com/unrestricted for more information
/home/garrett/coding/Ising_Model_Instances/data/4D/DRL/256/DRL_4_ID25.txt,ERROR: Model too large for size-limited license; visit https://gurobi.com/unrestricted for more information
/home/garrett/coding/Ising_Model_Instances/data/4D/DRL/256/DRL_4_ID29.txt,ERROR: Model too large for size-limited license; visit https://gurobi.com/unrestricted for more information
/home/garrett/coding/Ising_Model_Instances/data/4D/DRL/256/DRL_4_ID33.txt,ERROR: Model too large for size-limited license; visit https://gurobi.com/unrestricted for more information
/home/garrett/coding/Ising_Model_Instances/data/4D/DRL/256/DRL_4_ID35.txt,ERROR: Model too large for size-limited license; visit https://gurobi.com/unrestricted for more information
/home/garrett/coding/Ising_Model_Instances/data/4D/DRL/256/DRL_4_ID49.txt,ERROR: Model too large for size-limited license; visit https://gurobi.com/unrestricted for more information
/home/garrett/coding/Ising_Model_Instances/data/4D/DRL/256/DRL_4_ID47.txt,ERROR: Model too large for size-limited license; visit https://gurobi.com/unrestricted for more information
/home/garrett/coding/Ising_Model_Instances/data/4D/DRL/256/DRL_4_ID6.txt,ERROR: Model too large for size-limited license; visit https://gurobi.com/unrestricted for more information
/home/garrett/coding/Ising_Model_Instances/data/4D/DRL/2401/DRL_7_ID78.txt,ERROR: Model too large for size-limited license; visit https://gurobi.com/unrestricted for more information
/home/garrett/coding/Ising_Model_Instances/data/4D/DRL/2401/DRL_7_ID27.txt,ERROR: Model too large for size-limited license; visit https://gurobi.com/unrestricted for more information
/home/garrett/coding/Ising_Model_Instances/data/4D/DRL/2401/DRL_7_ID9.txt,ERROR: Model too large for size-limited license; visit https://gurobi.com/unrestricted for more information
/home/garrett/coding/Ising_Model_Instances/data/4D/DRL/2401/DRL_7_ID63.txt,ERROR: Model too large for size-limited license; visit https://gurobi.com/unrestricted for more information
/home/garrett/coding/Ising_Model_Instances/data/4D/DRL/2401/DRL_7_ID48.txt,ERROR: Model too large for size-limited license; visit https://gurobi.com/unrestricted for more information
/home/garrett/coding/Ising_Model_Instances/data/4D/DRL/2401/DRL_7_ID11.txt,ERROR: Model too large for size-limited license; visit https://gurobi.com/unrestricted for more information
/home/garrett/coding/Ising_Model_Instances/data/4D/DRL/2401/DRL_7_ID96.txt,ERROR: Model too large for size-limited license; visit https://gurobi.com/unrestricted for more information
/home/garrett/coding/Ising_Model_Instances/data/4D/DRL/2401/DRL_7_ID80.txt,ERROR: Model too large for size-limited license; visit https://gurobi.com/unrestricted for more information
/home/garrett/coding/Ising_Model_Instances/data/4D/DRL/2401/DRL_7_ID56.txt,ERROR: Model too large for size-limited license; visit https://gurobi.com/unrestricted for more information
/home/garrett/coding/Ising_Model_Instances/data/4D/DRL/2401/DRL_7_ID95.txt,ERROR: Model too large for size-limited license; visit https://gurobi.com/unrestricted for more information
/home/garrett/coding/Ising_Model_Instances/data/4D/DRL/2401/DRL_7_ID21.txt,ERROR: Model too large for size-limited license; visit https://gurobi.com/unrestricted for more information
/home/garrett/coding/Ising_Model_Instances/data/4D/DRL/2401/DRL_7_ID12.txt,ERROR: Model too large for size-limited license; visit https://gurobi.com/unrestricted for more information
/home/garrett/coding/Ising_Model_Instances/data/4D/DRL/2401/DRL_7_ID79.txt,ERROR: Model too large for size-limited license; visit https://gurobi.com/unrestricted for more information
/home/garrett/coding/Ising_Model_Instances/data/4D/DRL/2401/DRL_7_ID42.txt,ERROR: Model too large for size-limited license; visit https://gurobi.com/unrestricted for more information
/home/garrett/coding/Ising_Model_Instances/data/4D/DRL/2401/DRL_7_ID70.txt,ERROR: Model too large for size-limited license; visit https://gurobi.com/unrestricted for more information
/home/garrett/coding/Ising_Model_Instances/data/4D/DRL/2401/DRL_7_ID20.txt,ERROR: Model too large for size-limited license; visit https://gurobi.com/unrestricted for more information
/home/garrett/coding/Ising_Model_Instances/data/4D/DRL/2401/DRL_7_ID53.txt,ERROR: Model too large for size-limited license; visit https://gurobi.com/unrestricted for more information
/home/garrett/coding/Ising_Model_Instances/data/4D/DRL/2401/DRL_7_ID52.txt,ERROR: Model too large for size-limited license; visit https://gurobi.com/unrestricted for more information
/home/garrett/coding/Ising_Model_Instances/data/4D/DRL/2401/DRL_7_ID94.txt,ERROR: Model too large for size-limited license; visit https://gurobi.com/unrestricted for more information
/home/garrett/coding/Ising_Model_Instances/data/4D/DRL/2401/DRL_7_ID71.txt,ERROR: Model too large for size-limited license; visit https://gurobi.com/unrestricted for more information
/home/garrett/coding/Ising_Model_Instances/data/4D/DRL/2401/DRL_7_ID32.txt,ERROR: Model too large for size-limited license; visit https://gurobi.com/unrestricted for more information
/home/garrett/coding/Ising_Model_Instances/data/4D/DRL/2401/DRL_7_ID34.txt,ERROR: Model too large for size-limited license; visit https://gurobi.com/unrestricted for more information
/home/garrett/coding/Ising_Model_Instances/data/4D/DRL/2401/DRL_7_ID66.txt,ERROR: Model too large for size-limited license; visit https://gurobi.com/unrestricted for more information
/home/garrett/coding/Ising_Model_Instances/data/4D/DRL/2401/DRL_7_ID44.txt,ERROR: Model too large for size-limited license; visit https://gurobi.com/unrestricted for more information
/home/garrett/coding/Ising_Model_Instances/data/4D/DRL/2401/DRL_7_ID31.txt,ERROR: Model too large for size-limited license; visit https://gurobi.com/unrestricted for more information
/home/garrett/coding/Ising_Model_Instances/data/4D/DRL/2401/DRL_7_ID18.txt,ERROR: Model too large for size-limited license; visit https://gurobi.com/unrestricted for more information
/home/garrett/coding/Ising_Model_Instances/data/4D/DRL/2401/DRL_7_ID85.txt,ERROR: Model too large for size-limited license; visit https://gurobi.com/unrestricted for more information
/home/garrett/coding/Ising_Model_Instances/data/4D/DRL/2401/DRL_7_ID97.txt,ERROR: Model too large for size-limited license; visit https://gurobi.com/unrestricted for more information
/home/garrett/coding/Ising_Model_Instances/data/4D/DRL/2401/DRL_7_ID49.txt,ERROR: Model too large for size-limited license; visit https://gurobi.com/unrestricted for more information
/home/garrett/coding/Ising_Model_Instances/data/4D/DRL/2401/DRL_7_ID50.txt,ERROR: Model too large for size-limited license; visit https://gurobi.com/unrestricted for more information
/home/garrett/coding/Ising_Model_Instances/data/4D/DRL/2401/DRL_7_ID87.txt,ERROR: Model too large for size-limited license; visit https://gurobi.com/unrestricted for more information
/home/garrett/coding/Ising_Model_Instances/data/4D/DRL/2401/DRL_7_ID93.txt,ERROR: Model too large for size-limited license; visit https://gurobi.com/unrestricted for more information
/home/garrett/coding/Ising_Model_Instances/data/4D/DRL/2401/DRL_7_ID1.txt,ERROR: Model too large for size-limited license; visit https://gurobi.com/unrestricted for more information
/home/garrett/coding/Ising_Model_Instances/data/4D/DRL/2401/DRL_7_ID22.txt,ERROR: Model too large for size-limited license; visit https://gurobi.com/unrestricted for more information
/home/garrett/coding/Ising_Model_Instances/data/4D/DRL/2401/DRL_7_ID14.txt,ERROR: Model too large for size-limited license; visit https://gurobi.com/unrestricted for more information
/home/garrett/coding/Ising_Model_Instances/data/4D/DRL/2401/DRL_7_ID74.txt,ERROR: Model too large for size-limited license; visit https://gurobi.com/unrestricted for more information
/home/garrett/coding/Ising_Model_Instances/data/4D/DRL/2401/DRL_7_ID86.txt,ERROR: Model too large for size-limited license; visit https://gurobi.com/unrestricted for more information
/home/garrett/coding/Ising_Model_Instances/data/4D/DRL/2401/DRL_7_ID30.txt,ERROR: Model too large for size-limited license; visit https://gurobi.com/unrestricted for more information
/home/garrett/coding/Ising_Model_Instances/data/4D/DRL/2401/DRL_7_ID28.txt,ERROR: Model too large for size-limited license; visit https://gurobi.com/unrestricted for more information
/home/garrett/coding/Ising_Model_Instances/data/4D/DRL/2401/DRL_7_ID16.txt,ERROR: Model too large for size-limited license; visit https://gurobi.com/unrestricted for more information
/home/garrett/coding/Ising_Model_Instances/data/4D/DRL/2401/DRL_7_ID64.txt,ERROR: Model too large for size-limited license; visit https://gurobi.com/unrestricted for more information
/home/garrett/coding/Ising_Model_Instances/data/4D/DRL/2401/DRL_7_ID88.txt,ERROR: Model too large for size-limited license; visit https://gurobi.com/unrestricted for more information
/home/garrett/coding/Ising_Model_Instances/data/4D/DRL/2401/DRL_7_ID33.txt,ERROR: Model too large for size-limited license; visit https://gurobi.com/unrestricted for more information
/home/garrett/coding/Ising_Model_Instances/data/4D/DRL/2401/DRL_7_ID29.txt,ERROR: Model too large for size-limited license; visit https://gurobi.com/unrestricted for more information
/home/garrett/coding/Ising_Model_Instances/data/4D/DRL/2401/DRL_7_ID6.txt,ERROR: Model too large for size-limited license; visit https://gurobi.com/unrestricted for more information
/home/garrett/coding/Ising_Model_Instances/data/4D/DRL/2401/DRL_7_ID92.txt,ERROR: Model too large for size-limited license; visit https://gurobi.com/unrestricted for more information
/home/garrett/coding/Ising_Model_Instances/data/4D/DRL/2401/DRL_7_ID7.txt,ERROR: Model too large for size-limited license; visit https://gurobi.com/unrestricted for more information
/home/garrett/coding/Ising_Model_Instances/data/4D/DRL/2401/DRL_7_ID51.txt,ERROR: Model too large for size-limited license; visit https://gurobi.com/unrestricted for more information
/home/garrett/coding/Ising_Model_Instances/data/4D/DRL/2401/DRL_7_ID24.txt,ERROR: Model too large for size-limited license; visit https://gurobi.com/unrestricted for more information
/home/garrett/coding/Ising_Model_Instances/data/4D/DRL/2401/DRL_7_ID3.txt,ERROR: Model too large for size-limited license; visit https://gurobi.com/unrestricted for more information
/home/garrett/coding/Ising_Model_Instances/data/4D/DRL/2401/DRL_7_ID82.txt,ERROR: Model too large for size-limited license; visit https://gurobi.com/unrestricted for more information
/home/garrett/coding/Ising_Model_Instances/data/4D/DRL/2401/DRL_7_ID60.txt,ERROR: Model too large for size-limited license; visit https://gurobi.com/unrestricted for more information
/home/garrett/coding/Ising_Model_Instances/data/4D/DRL/2401/DRL_7_ID25.txt,ERROR: Model too large for size-limited license; visit https://gurobi.com/unrestricted for more information
/home/garrett/coding/Ising_Model_Instances/data/4D/DRL/2401/DRL_7_ID54.txt,ERROR: Model too large for size-limited license; visit https://gurobi.com/unrestricted for more information
/home/garrett/coding/Ising_Model_Instances/data/4D/DRL/2401/DRL_7_ID2.txt,ERROR: Model too large for size-limited license; visit https://gurobi.com/unrestricted for more information
/home/garrett/coding/Ising_Model_Instances/data/4D/DRL/2401/DRL_7_ID43.txt,ERROR: Model too large for size-limited license; visit https://gurobi.com/unrestricted for more information
/home/garrett/coding/Ising_Model_Instances/data/4D/DRL/2401/DRL_7_ID26.txt,ERROR: Model too large for size-limited license; visit https://gurobi.com/unrestricted for more information
/home/garrett/coding/Ising_Model_Instances/data/4D/DRL/2401/DRL_7_ID98.txt,ERROR: Model too large for size-limited license; visit https://gurobi.com/unrestricted for more information
/home/garrett/coding/Ising_Model_Instances/data/4D/DRL/2401/DRL_7_ID39.txt,ERROR: Model too large for size-limited license; visit https://gurobi.com/unrestricted for more information
/home/garrett/coding/Ising_Model_Instances/data/4D/DRL/2401/DRL_7_ID8.txt,ERROR: Model too large for size-limited license; visit https://gurobi.com/unrestricted for more information
/home/garrett/coding/Ising_Model_Instances/data/4D/DRL/2401/DRL_7_ID69.txt,ERROR: Model too large for size-limited license; visit https://gurobi.com/unrestricted for more information
/home/garrett/coding/Ising_Model_Instances/data/4D/DRL/2401/DRL_7_ID91.txt,ERROR: Model too large for size-limited license; visit https://gurobi.com/unrestricted for more information
/home/garrett/coding/Ising_Model_Instances/data/4D/DRL/2401/DRL_7_ID67.txt,ERROR: Model too large for size-limited license; visit https://gurobi.com/unrestricted for more information
/home/garrett/coding/Ising_Model_Instances/data/4D/DRL/2401/DRL_7_ID84.txt,ERROR: Model too large for size-limited license; visit https://gurobi.com/unrestricted for more information
/home/garrett/coding/Ising_Model_Instances/data/4D/DRL/2401/DRL_7_ID35.txt,ERROR: Model too large for size-limited license; visit https://gurobi.com/unrestricted for more information
/home/garrett/coding/Ising_Model_Instances/data/4D/DRL/2401/DRL_7_ID0.txt,ERROR: Model too large for size-limited license; visit https://gurobi.com/unrestricted for more information
/home/garrett/coding/Ising_Model_Instances/data/4D/DRL/2401/DRL_7_ID4.txt,ERROR: Model too large for size-limited license; visit https://gurobi.com/unrestricted for more information
/home/garrett/coding/Ising_Model_Instances/data/4D/DRL/2401/DRL_7_ID75.txt,ERROR: Model too large for size-limited license; visit https://gurobi.com/unrestricted for more information
/home/garrett/coding/Ising_Model_Instances/data/4D/DRL/2401/DRL_7_ID65.txt,ERROR: Model too large for size-limited license; visit https://gurobi.com/unrestricted for more information
/home/garrett/coding/Ising_Model_Instances/data/4D/DRL/2401/DRL_7_ID58.txt,ERROR: Model too large for size-limited license; visit https://gurobi.com/unrestricted for more information
/home/garrett/coding/Ising_Model_Instances/data/4D/DRL/2401/DRL_7_ID36.txt,ERROR: Model too large for size-limited license; visit https://gurobi.com/unrestricted for more information
/home/garrett/coding/Ising_Model_Instances/data/4D/DRL/2401/DRL_7_ID59.txt,ERROR: Model too large for size-limited license; visit https://gurobi.com/unrestricted for more information
/home/garrett/coding/Ising_Model_Instances/data/4D/DRL/2401/DRL_7_ID37.txt,ERROR: Model too large for size-limited license; visit https://gurobi.com/unrestricted for more information
/home/garrett/coding/Ising_Model_Instances/data/4D/DRL/2401/DRL_7_ID46.txt,ERROR: Model too large for size-limited license; visit https://gurobi.com/unrestricted for more information
/home/garrett/coding/Ising_Model_Instances/data/4D/DRL/2401/DRL_7_ID83.txt,ERROR: Model too large for size-limited license; visit https://gurobi.com/unrestricted for more information
/home/garrett/coding/Ising_Model_Instances/data/4D/DRL/2401/DRL_7_ID40.txt,ERROR: Model too large for size-limited license; visit https://gurobi.com/unrestricted for more information
/home/garrett/coding/Ising_Model_Instances/data/4D/DRL/2401/DRL_7_ID10.txt,ERROR: Model too large for size-limited license; visit https://gurobi.com/unrestricted for more information
/home/garrett/coding/Ising_Model_Instances/data/4D/DRL/2401/DRL_7_ID90.txt,ERROR: Model too large for size-limited license; visit https://gurobi.com/unrestricted for more information
/home/garrett/coding/Ising_Model_Instances/data/4D/DRL/2401/DRL_7_ID62.txt,ERROR: Model too large for size-limited license; visit https://gurobi.com/unrestricted for more information
/home/garrett/coding/Ising_Model_Instances/data/4D/DRL/2401/DRL_7_ID47.txt,ERROR: Model too large for size-limited license; visit https://gurobi.com/unrestricted for more information
/home/garrett/coding/Ising_Model_Instances/data/4D/DRL/2401/DRL_7_ID15.txt,ERROR: Model too large for size-limited license; visit https://gurobi.com/unrestricted for more information
/home/garrett/coding/Ising_Model_Instances/data/4D/DRL/2401/DRL_7_ID45.txt,ERROR: Model too large for size-limited license; visit https://gurobi.com/unrestricted for more information
/home/garrett/coding/Ising_Model_Instances/data/4D/DRL/2401/DRL_7_ID73.txt,ERROR: Model too large for size-limited license; visit https://gurobi.com/unrestricted for more information
/home/garrett/coding/Ising_Model_Instances/data/4D/DRL/2401/DRL_7_ID76.txt,ERROR: Model too large for size-limited license; visit https://gurobi.com/unrestricted for more information
/home/garrett/coding/Ising_Model_Instances/data/4D/DRL/2401/DRL_7_ID55.txt,ERROR: Model too large for size-limited license; visit https://gurobi.com/unrestricted for more information
/home/garrett/coding/Ising_Model_Instances/data/4D/DRL/2401/DRL_7_ID68.txt,ERROR: Model too large for size-limited license; visit https://gurobi.com/unrestricted for more information
/home/garrett/coding/Ising_Model_Instances/data/4D/DRL/2401/DRL_7_ID89.txt,ERROR: Model too large for size-limited license; visit https://gurobi.com/unrestricted for more information
/home/garrett/coding/Ising_Model_Instances/data/4D/DRL/2401/DRL_7_ID13.txt,ERROR: Model too large for size-limited license; visit https://gurobi.com/unrestricted for more information
/home/garrett/coding/Ising_Model_Instances/data/4D/DRL/2401/DRL_7_ID77.txt,ERROR: Model too large for size-limited license; visit https://gurobi.com/unrestricted for more information
/home/garrett/coding/Ising_Model_Instances/data/4D/DRL/2401/DRL_7_ID81.txt,ERROR: Model too large for size-limited license; visit https://gurobi.com/unrestricted for more information
/home/garrett/coding/Ising_Model_Instances/data/4D/DRL/2401/DRL_7_ID38.txt,ERROR: Model too large for size-limited license; visit https://gurobi.com/unrestricted for more information
/home/garrett/coding/Ising_Model_Instances/data/4D/DRL/2401/DRL_7_ID17.txt,ERROR: Model too large for size-limited license; visit https://gurobi.com/unrestricted for more information
/home/garrett/coding/Ising_Model_Instances/data/4D/DRL/2401/DRL_7_ID5.txt,ERROR: Model too large for size-limited license; visit https://gurobi.com/unrestricted for more information
/home/garrett/coding/Ising_Model_Instances/data/4D/DRL/2401/DRL_7_ID61.txt,ERROR: Model too large for size-limited license; visit https://gurobi.com/unrestricted for more information
/home/garrett/coding/Ising_Model_Instances/data/4D/DRL/2401/DRL_7_ID41.txt,ERROR: Model too large for size-limited license; visit https://gurobi.com/unrestricted for more information
/home/garrett/coding/Ising_Model_Instances/data/4D/DRL/2401/DRL_7_ID72.txt,ERROR: Model too large for size-limited license; visit https://gurobi.com/unrestricted for more information
/home/garrett/coding/Ising_Model_Instances/data/4D/DRL/2401/DRL_7_ID19.txt,ERROR: Model too large for size-limited license; visit https://gurobi.com/unrestricted for more information
/home/garrett/coding/Ising_Model_Instances/data/4D/DRL/2401/DRL_7_ID57.txt,ERROR: Model too large for size-limited license; visit https://gurobi.com/unrestricted for more information
/home/garrett/coding/Ising_Model_Instances/data/4D/DRL/2401/DRL_7_ID99.txt,ERROR: Model too large for size-limited license; visit https://gurobi.com/unrestricted for more information
/home/garrett/coding/Ising_Model_Instances/data/4D/DRL/2401/DRL_7_ID23.txt,ERROR: Model too large for size-limited license; visit https://gurobi.com/unrestricted for more information
/home/garrett/coding/Ising_Model_Instances/data/4D/DRL/81/DRL_3_ID723.txt,0101101101010000010111111000101111010110011111100010111101111001110010011011101011
/home/garrett/coding/Ising_Model_Instances/data/4D/DRL/81/DRL_3_ID451.txt,0011111000000110010101011001101100001010101001011000001111101100011001101001111100
/home/garrett/coding/Ising_Model_Instances/data/4D/DRL/81/DRL_3_ID608.txt,0101110000111110001011110001011011110001101101011011101101100000000101111010111110
/home/garrett/coding/Ising_Model_Instances/data/4D/DRL/81/DRL_3_ID503.txt,0100011001011010101110000001101101011111000101110010011011111100111011000110100110
/home/garrett/coding/Ising_Model_Instances/data/4D/DRL/81/DRL_3_ID531.txt,0110011011010101010011010000010110111011010000110101110010011000010101100110101000
/home/garrett/coding/Ising_Model_Instances/data/4D/DRL/81/DRL_3_ID410.txt,0001001101111111110010100010001111011000010010101010110000011001110111101010101001
/home/garrett/coding/Ising_Model_Instances/data/4D/DRL/81/DRL_3_ID645.txt,0001001011001101011101010111111000001001100000100110110010100010011110100010010001
/home/garrett/coding/Ising_Model_Instances/data/4D/DRL/81/DRL_3_ID581.txt,0111111111100110000010101001011010110110001101110001000101101001001010111011100111
/home/garrett/coding/Ising_Model_Instances/data/4D/DRL/81/DRL_3_ID733.txt,0001011100101101111001010000110000000111010111100100101101110110010000000111100111
/home/garrett/coding/Ising_Model_Instances/data/4D/DRL/81/DRL_3_ID54.txt,0010110100101011010001000110110000001110110001100100101111001000000011001000000100
/home/garrett/coding/Ising_Model_Instances/data/4D/DRL/81/DRL_3_ID987.txt,0011001101101000000011110110001010101000011111100010011111010010000100110000101111
/home/garrett/coding/Ising_Model_Instances/data/4D/DRL/81/DRL_3_ID390.txt,0011111011110001010110100110111111010011011000011100000101110110110011111111010001
/home/garrett/coding/Ising_Model_Instances/data/4D/DRL/81/DRL_3_ID896.txt,0011110101000001111011100001011100100100101111000101011010011110000011000111000110
/home/garrett/coding/Ising_Model_Instances/data/4D/DRL/81/DRL_3_ID413.txt,0100100101110001001101000100000111101001110100011110011101011000010100011101100001
/home/garrett/coding/Ising_Model_Instances/data/4D/DRL/81/DRL_3_ID921.txt,0111111110110011111111011001000110110000101001010010010011101010011100000010011111
/home/garrett/coding/Ising_Model_Instances/data/4D/DRL/81/DRL_3_ID189.txt,0011101001011100011110100110101001111100100110101011010010111110001011100000010101
/home/garrett/coding/Ising_Model_Instances/data/4D/DRL/81/DRL_3_ID662.txt,0000101100100101110001000100100100101011001110011000000110100010101101001010011100
/home/garrett/coding/Ising_Model_Instances/data/4D/DRL/81/DRL_3_ID558.txt,0010110000101001011100001101010110000110111010110101000110101011011011010110100000
/home/garrett/coding/Ising_Model_Instances/data/4D/DRL/81/DRL_3_ID56.txt,0011111011110111011010011111100111000101001011101010001011110101100001011110101010
/home/garrett/coding/Ising_Model_Instances/data/4D/DRL/81/DRL_3_ID928.txt,0111010100000011110011010111100011001000100101000010000110110010010101001000001000
/home/garrett/coding/Ising_Model_Instances/data/4D/DRL/81/DRL_3_ID734.txt,0001000110001111110100111101001101000101010010110010010010001001011101110011000001
/home/garrett/coding/Ising_Model_Instances/data/4D/DRL/81/DRL_3_ID892.txt,0010011010111111101111011110111100010010101011010100001001011110011100011010011100
/home/garrett/coding/Ising_Model_Instances/data/4D/DRL/81/DRL_3_ID866.txt,0011010010010011100011100110110010011101010100111100011111101101010101111110010111
/home/garrett/coding/Ising_Model_Instances/data/4D/DRL/81/DRL_3_ID805.txt,0001011010001001001010101001100111011101110100101101110111000100001101011011000101
/home/garrett/coding/Ising_Model_Instances/data/4D/DRL/81/DRL_3_ID196.txt,0101011111010111101111001011001101001100010000110110110000000100000111011101111011
/home/garrett/coding/Ising_Model_Instances/data/4D/DRL/81/DRL_3_ID27.txt,0111010111010101000101000110111110001110010001011110000000010101001010111010001010
/home/garrett/coding/Ising_Model_Instances/data/4D/DRL/81/DRL_3_ID211.txt,0011001000001010111101100101100000001000100101111011111101100010010110101001110011
/home/garrett/coding/Ising_Model_Instances/data/4D/DRL/81/DRL_3_ID422.txt,0000100010110110101101000110001000110000000011000101001111100001111101011101111111
/home/garrett/coding/Ising_Model_Instances/data/4D/DRL/81/DRL_3_ID320.txt,0111110011010110101001111111111110011101001011101110101110111000100011111110011010
/home/garrett/coding/Ising_Model_Instances/data/4D/DRL/81/DRL_3_ID603.txt,0001110110001101110111001110101000010011011011011111110110100010110001111110010100
/home/garrett/coding/Ising_Model_Instances/data/4D/DRL/81/DRL_3_ID341.txt,0000001111001111010011000111110000001010110111001011010000001110110101111110010110
/home/garrett/coding/Ising_Model_Instances/data/4D/DRL/81/DRL_3_ID86.txt,0010110010101111000000011110000101100000101111111100010101101101011101110011011001
/home/garrett/coding/Ising_Model_Instances/data/4D/DRL/81/DRL_3_ID335.txt,0000100100110000001010010101111100000000111010011001101010001010111111111001110011
/home/garrett/coding/Ising_Model_Instances/data/4D/DRL/81/DRL_3_ID137.txt,0001010001110111000010101100001011010100010011110000001111000001010100011000111111
/home/garrett/coding/Ising_Model_Instances/data/4D/DRL/81/DRL_3_ID781.txt,0010100000100001101011010101001000011011000101100010101011010001011011100110001110
/home/garrett/coding/Ising_Model_Instances/data/4D/DRL/81/DRL_3_ID742.txt,0001110110000101101010010001101000001000110111110011100001000110000001101010011011
/home/garrett/coding/Ising_Model_Instances/data/4D/DRL/81/DRL_3_ID520.txt,0111101010000010001010011111010101100010001000001000111101011010000100100100000010
/home/garrett/coding/Ising_Model_Instances/data/4D/DRL/81/DRL_3_ID750.txt,0001101100001101000011101001010100111111110110000110001101011010000100010111111110
/home/garrett/coding/Ising_Model_Instances/data/4D/DRL/81/DRL_3_ID988.txt,0111101110101000001111001111011000000001000111111110111110001110010100011110000010
/home/garrett/coding/Ising_Model_Instances/data/4D/DRL/81/DRL_3_ID148.txt,0010000111001010010101111010100110000101100001100110001110010011110000100101011101
/home/garrett/coding/Ising_Model_Instances/data/4D/DRL/81/DRL_3_ID194.txt,0000110110111010000001010100000100111100111111010101110101110001101100011011100101
/home/garrett/coding/Ising_Model_Instances/data/4D/DRL/81/DRL_3_ID235.txt,0100110110101010001111100001001011010011001000010110100101111110011010111011010001
/home/garrett/coding/Ising_Model_Instances/data/4D/DRL/81/DRL_3_ID933.txt,0011000100100101100111101100010111100010110110001001000111111110001001100011011010
/home/garrett/coding/Ising_Model_Instances/data/4D/DRL/81/DRL_3_ID574.txt,0010100111010001100001111111001111011001101101100011011111000110110010010101101010
/home/garrett/coding/Ising_Model_Instances/data/4D/DRL/81/DRL_3_ID115.txt,0010000011111100011000101111001110011010101001000011011100001100101101010000110101
/home/garrett/coding/Ising_Model_Instances/data/4D/DRL/81/DRL_3_ID318.txt,0100010100011110100010000011101100100001100011110101001011110001011110011001001000
/home/garrett/coding/Ising_Model_Instances/data/4D/DRL/81/DRL_3_ID241.txt,0111000010111000001100111111011010100100110101000010110111000011011111110000111100
/home/garrett/coding/Ising_Model_Instances/data/4D/DRL/81/DRL_3_ID104.txt,0101101010010100011011010110001101101110000000100101111101111011100010010110101101
/home/garrett/coding/Ising_Model_Instances/data/4D/DRL/81/DRL_3_ID744.txt,0001100111111001111011000001100100100110111011001011011011000000101101110101000110
/home/garrett/coding/Ising_Model_Instances/data/4D/DRL/81/DRL_3_ID895.txt,0101001001101111010101001100110011011101011101111011000101010010100001110110101011
/home/garrett/coding/Ising_Model_Instances/data/4D/DRL/81/DRL_3_ID588.txt,0000001011011001011010101000110011000010100011010010100101101111010001110010100101
/home/garrett/coding/Ising_Model_Instances/data/4D/DRL/81/DRL_3_ID6.txt,0001110010000110000001010100001101100101111100010110111101010010101100100010001100
/home/garrett/coding/Ising_Model_Instances/data/4D/DRL/81/DRL_3_ID936.txt,0111000111000101110100010110001011001111011011000100111101111010000100011100011101
/home/garrett/coding/Ising_Model_Instances/data/4D/DRL/81/DRL_3_ID313.txt,0110111100101001000110110110111000010010010010011101100001111101011101011110100111
/home/garrett/coding/Ising_Model_Instances/data/4D/DRL/81/DRL_3_ID107.txt,0100101101100100001110011001101101001000011010011111100000111100110000110010100100
/home/garrett/coding/Ising_Model_Instances/data/4D/DRL/81/DRL_3_ID911.txt,0001111000000111111101111010011100101100101000001110010110010101111110110010101001
/home/garrett/coding/Ising_Model_Instances/data/4D/DRL/81/DRL_3_ID63.txt,0010011000111001111101001101101011101100101111000101100100111011001110010001100011
/home/garrett/coding/Ising_Model_Instances/data/4D/DRL/81/DRL_3_ID573.txt,0000011100011000111111101000011100100001101101011001001111001000100101100010011110
/home/garrett/coding/Ising_Model_Instances/data/4D/DRL/81/DRL_3_ID404.txt,0000110100001110110111111101110111011111111110100011110001011100001011001110100000
/home/garrett/coding/Ising_Model_Instances/data/4D/DRL/81/DRL_3_ID213.txt,0101100110010011000101010101001110110001100111110111101100011110111111111110111101
/home/garrett/coding/Ising_Model_Instances/data/4D/DRL/81/DRL_3_ID950.txt,0100101100111111001111101011100011111000110010101101111100001111101110010011001011
/home/garrett/coding/Ising_Model_Instances/data/4D/DRL/81/DRL_3_ID62.txt,0110100100100100100000111110101011000011110010011011000010010000000100101001110100
/home/garrett/coding/Ising_Model_Instances/data/4D/DRL/81/DRL_3_ID257.txt,0001110101001101011110111111010111001101101110110101100011110010110100000011111100
/home/garrett/coding/Ising_Model_Instances/data/4D/DRL/81/DRL_3_ID719.txt,0011101001100010100100010000011110001000111001011110101010111001010101111111011011
/home/garrett/coding/Ising_Model_Instances/data/4D/DRL/81/DRL_3_ID482.txt,0010010000000001011001001111101010101000011111010111000001101011110110001001110011
/home/garrett/coding/Ising_Model_Instances/data/4D/DRL/81/DRL_3_ID547.txt,0111011111011100000010101011010110101011011001110011101110101011101101011111010101
/home/garrett/coding/Ising_Model_Instances/data/4D/DRL/81/DRL_3_ID436.txt,0111011000101001110010110101010010110101110010101111010010010111011010011111000011
/home/garrett/coding/Ising_Model_Instances/data/4D/DRL/81/DRL_3_ID888.txt,0000000011001110110001001111011101110110111101111100010100001101001010101100100111
/home/garrett/coding/Ising_Model_Instances/data/4D/DRL/81/DRL_3_ID201.txt,0111101111101100110010001010100010001001111011110010110010111100001001001101110010
/home/garrett/coding/Ising_Model_Instances/data/4D/DRL/81/DRL_3_ID700.txt,0101101010110000111001101111010000110010100111000000001110101110100001111101111011
/home/garrett/coding/Ising_Model_Instances/data/4D/DRL/81/DRL_3_ID555.txt,0101101101101000011111111111011101110011100010011000010111110111111110110110110011
/home/garrett/coding/Ising_Model_Instances/data/4D/DRL/81/DRL_3_ID417.txt,0000001011010100011001001111110100100110100000001110010001010011110111011000010111
/home/garrett/coding/Ising_Model_Instances/data/4D/DRL/81/DRL_3_ID631.txt,0100000010001110001100101010001101101100100101000000010111000110101111000011000011
/home/garrett/coding/Ising_Model_Instances/data/4D/DRL/81/DRL_3_ID173.txt,0100111111010000111111011101000110000111111000000010001100001111011101111110010110
/home/garrett/coding/Ising_Model_Instances/data/4D/DRL/81/DRL_3_ID575.txt,0001010011010101011000110100010001101011111110111011000111011011010111001100111101
/home/garrett/coding/Ising_Model_Instances/data/4D/DRL/81/DRL_3_ID935.txt,0000100100101111000111110110011011010111011110100111000010100110011100111010100000
/home/garrett/coding/Ising_Model_Instances/data/4D/DRL/81/DRL_3_ID400.txt,0100001001101000001010010111000111011110001100001100101110110000011001101101001011
/home/garrett/coding/Ising_Model_Instances/data/4D/DRL/81/DRL_3_ID592.txt,0001101001010011011101101111111000100011111011000001001101111101010100110000010011
/home/garrett/coding/Ising_Model_Instances/data/4D/DRL/81/DRL_3_ID596.txt,0000010100100001101011010011110100111100011000011011111010001101100101100001101000
/home/garrett/coding/Ising_Model_Instances/data/4D/DRL/81/DRL_3_ID39.txt,0110100001001111110001010101111100010011000111010000000010010010101011110110011010
/home/garrett/coding/Ising_Model_Instances/data/4D/DRL/81/DRL_3_ID997.txt,0110111011101010110111100010011001010001011100110111000001111101100011111111110100
/home/garrett/coding/Ising_Model_Instances/data/4D/DRL/81/DRL_3_ID425.txt,0010001011000001011101011010010001111110110100110110110011111011000001010001101110
/home/garrett/coding/Ising_Model_Instances/data/4D/DRL/81/DRL_3_ID584.txt,0100101111100010100110110101100100001101101100010000010101010000010001000001010000
/home/garrett/coding/Ising_Model_Instances/data/4D/DRL/81/DRL_3_ID458.txt,0110100001001110110111100110001101011011111110100111001111110111110011110100110111
/home/garrett/coding/Ising_Model_Instances/data/4D/DRL/81/DRL_3_ID927.txt,0110011101000000010101110101101001001001011100101001001001111111010101100111111110
/home/garrett/coding/Ising_Model_Instances/data/4D/DRL/81/DRL_3_ID843.txt,0001000001010110111010111010110011001001011001001010000011101111111100000100000010
/home/garrett/coding/Ising_Model_Instances/data/4D/DRL/81/DRL_3_ID871.txt,0101010101010100001011000101110001000110101011001010000000100010101110101101010100
/home/garrett/coding/Ising_Model_Instances/data/4D/DRL/81/DRL_3_ID144.txt,0111111001010011111001001011110000001110010000101111111110000110010000101100111000
/home/garrett/coding/Ising_Model_Instances/data/4D/DRL/81/DRL_3_ID152.txt,0100101110101101001111011001011000101000011001000111000100011011000010111110100100
/home/garrett/coding/Ising_Model_Instances/data/4D/DRL/81/DRL_3_ID254.txt,0000000011001110001101000010000000111100001001111101000101100000010101110101001110
/home/garrett/coding/Ising_Model_Instances/data/4D/DRL/81/DRL_3_ID812.txt,0101100111010110111100101010110011001010001001011101101111101010101111110101001010
/home/garrett/coding/Ising_Model_Instances/data/4D/DRL/81/DRL_3_ID122.txt,0001100100010001100011001101100001100111101000010010101001110101111000000010010101
/home/garrett/coding/Ising_Model_Instances/data/4D/DRL/81/DRL_3_ID311.txt,0101111101100110110001011101001010011011011110111000111111110110111111010110011001
/home/garrett/coding/Ising_Model_Instances/data/4D/DRL/81/DRL_3_ID642.txt,0101101111000101110001010000111010111110101000101100010011010111110001000000100111
/home/garrett/coding/Ising_Model_Instances/data/4D/DRL/81/DRL_3_ID449.txt,0101111111100011010110001000011101101111100001100101110111111111110010000010100000
/home/garrett/coding/Ising_Model_Instances/data/4D/DRL/81/DRL_3_ID572.txt,0011100101000011100001011010010111111001010110010100011101011101111100001100100011
/home/garrett/coding/Ising_Model_Instances/data/4D/DRL/81/DRL_3_ID525.txt,0101001111101100011001110110100000001000001000000001010110000111111111000110001110
/home/garrett/coding/Ising_Model_Instances/data/4D/DRL/81/DRL_3_ID796.txt,0100110000110011011011100011010101011000110110111011011001001011111100001110011110
/home/garrett/coding/Ising_Model_Instances/data/4D/DRL/81/DRL_3_ID485.txt,0000010100111100101001101001100110110110010101000001010110010011010011111001011110
/home/garrett/coding/Ising_Model_Instances/data/4D/DRL/81/DRL_3_ID706.txt,0111010001010011001001100110010011011111010011101011011011010011110111101010110110
/home/garrett/coding/Ising_Model_Instances/data/4D/DRL/81/DRL_3_ID339.txt,0000101001000010010001101011001101110111110111111100001010111110011110001111000000
/home/garrett/coding/Ising_Model_Instances/data/4D/DRL/81/DRL_3_ID50.txt,0001111001111101101001110111111000100001010001100110010110001101110101101110110001
/home/garrett/coding/Ising_Model_Instances/data/4D/DRL/81/DRL_3_ID979.txt,0100000001111110001101001110100001001000011100110101011001000011101110100101111011
/home/garrett/coding/Ising_Model_Instances/data/4D/DRL/81/DRL_3_ID53.txt,0110001100000111000110010101101000011000000100110101001001011001011101010111111000
/home/garrett/coding/Ising_Model_Instances/data/4D/DRL/81/DRL_3_ID191.txt,0110101100011101010101111010000000100100011110011000110110011101101111000011000111
/home/garrett/coding/Ising_Model_Instances/data/4D/DRL/81/DRL_3_ID252.txt,0001111010111011001101100111110111011000111101000001110101011000001101001000101111
/home/garrett/coding/Ising_Model_Instances/data/4D/DRL/81/DRL_3_ID852.txt,0010000100001100010110101011001001101001111111110001111101100010000000000100101110
/home/garrett/coding/Ising_Model_Instances/data/4D/DRL/81/DRL_3_ID270.txt,0011101011101100011000101010010111101110111011110001101111111011101000100010100000
/home/garrett/coding/Ising_Model_Instances/data/4D/DRL/81/DRL_3_ID366.txt,0110100101101101111110100100111101001111110101101001111110110000001000110000111101
/home/garrett/coding/Ising_Model_Instances/data/4D/DRL/81/DRL_3_ID628.txt,0000011011111111100110100110001101101001000000001111000100111000001111001101110010
/home/garrett/coding/Ising_Model_Instances/data/4D/DRL/81/DRL_3_ID872.txt,0111001001010000100111111010101011011011101111111001111110100010110011001000000010
/home/garrett/coding/Ising_Model_Instances/data/4D/DRL/81/DRL_3_ID806.txt,0000110110000101000110100010111010110011011000100100110100100011011010110100011000
/home/garrett/coding/Ising_Model_Instances/data/4D/DRL/81/DRL_3_ID495.txt,0000111000011110001011010010010010101000001001010001001100010010011101100011010011
/home/garrett/coding/Ising_Model_Instances/data/4D/DRL/81/DRL_3_ID258.txt,0101101001101100100111001011110101011010111101111100000011101010111100011101101001
/home/garrett/coding/Ising_Model_Instances/data/4D/DRL/81/DRL_3_ID111.txt,0100100001101100000110111001001011110011001110001011111011010001110011000111111110
/home/garrett/coding/Ising_Model_Instances/data/4D/DRL/81/DRL_3_ID128.txt,0110011011101011010000001100010100000011000000001111001000101100110111010110101011
/home/garrett/coding/Ising_Model_Instances/data/4D/DRL/81/DRL_3_ID269.txt,0010111011110111011101101000101101101010000011011111000111101001100100110100011001
/home/garrett/coding/Ising_Model_Instances/data/4D/DRL/81/DRL_3_ID970.txt,0100100100011111011011000010000001010110001100001101001100101011111010111100001010
/home/garrett/coding/Ising_Model_Instances/data/4D/DRL/81/DRL_3_ID38.txt,0010000011100101111111101010100011110011110111101111111010001001010011110100111110
/home/garrett/coding/Ising_Model_Instances/data/4D/DRL/81/DRL_3_ID941.txt,0100100011011000001111100010111001101100000100110000010000000011000111000000101010
/home/garrett/coding/Ising_Model_Instances/data/4D/DRL/81/DRL_3_ID647.txt,0111000111111100001001110110011001101011101000000111101000001010000110010111101011
/home/garrett/coding/Ising_Model_Instances/data/4D/DRL/81/DRL_3_ID154.txt,0010011010010110001011001010100011000010001011110000101010111010110010001111010101
/home/garrett/coding/Ising_Model_Instances/data/4D/DRL/81/DRL_3_ID271.txt,0100100010111000001111000100101011101000100011010010110011111111010000000101010101
/home/garrett/coding/Ising_Model_Instances/data/4D/DRL/81/DRL_3_ID166.txt,0011010111101010101011001001011010110011100110110001110110100101110000011011010101
/home/garrett/coding/Ising_Model_Instances/data/4D/DRL/81/DRL_3_ID790.txt,0100100111001100001010101011111101001000000010101100000001000010001111111111111001
/home/garrett/coding/Ising_Model_Instances/data/4D/DRL/81/DRL_3_ID666.txt,0001101000110110000010100111110001110011100011111111010010110011111011001001100111
/home/garrett/coding/Ising_Model_Instances/data/4D/DRL/81/DRL_3_ID749.txt,0100101111001001001000011101010101101001111101011010111111101011001001010010100000
/home/garrett/coding/Ising_Model_Instances/data/4D/DRL/81/DRL_3_ID346.txt,0011010110111011110000100111110110110101111101110100100110101010010001110010100011
/home/garrett/coding/Ising_Model_Instances/data/4D/DRL/81/DRL_3_ID175.txt,0010110111000110111100011111100101101011001001011100111111001001010111110111110100
/home/garrett/coding/Ising_Model_Instances/data/4D/DRL/81/DRL_3_ID262.txt,0001101100101110111100000100110100001011010010010100001011000011010010000101100010
/home/garrett/coding/Ising_Model_Instances/data/4D/DRL/81/DRL_3_ID774.txt,0000101000001001011101111110111000010011110001111010000111000111000001110100110011
/home/garrett/coding/Ising_Model_Instances/data/4D/DRL/81/DRL_3_ID46.txt,0101001110111111010101001111101110100100011010101011000111100101111011101000110001
/home/garrett/coding/Ising_Model_Instances/data/4D/DRL/81/DRL_3_ID613.txt,0111001010100000001001001011110000101111000101100111011001111110000001000011100000
/home/garrett/coding/Ising_Model_Instances/data/4D/DRL/81/DRL_3_ID208.txt,0101100011110000000101001110000110100010010111011001100110111101101000101000100101
/home/garrett/coding/Ising_Model_Instances/data/4D/DRL/81/DRL_3_ID980.txt,0110101110110100100010000100111101000001001111100110011001100000101101001011101100
/home/garrett/coding/Ising_Model_Instances/data/4D/DRL/81/DRL_3_ID332.txt,0101001101010010010011001011111111111011010110010110001001011011101001101011110100
/home/garrett/coding/Ising_Model_Instances/data/4D/DRL/81/DRL_3_ID75.txt,0111110101110001011100011000000001000101110111001100101111111001000001010010000111
/home/garrett/coding/Ising_Model_Instances/data/4D/DRL/81/DRL_3_ID287.txt,0001110000101010001110011011110011011101001001000010111011111011110000000111000110
/home/garrett/coding/Ising_Model_Instances/data/4D/DRL/81/DRL_3_ID117.txt,0111001111001100111100010001000111000011100101110000011101110101110000011010101010
/home/garrett/coding/Ising_Model_Instances/data/4D/DRL/81/DRL_3_ID641.txt,0011111011001101101010001101001001100100011101101010100011100000001010010111111001
/home/garrett/coding/Ising_Model_Instances/data/4D/DRL/81/DRL_3_ID108.txt,0101001101000011101000010010111100100111000111000011100001100110011001111011000010
/home/garrett/coding/Ising_Model_Instances/data/4D/DRL/81/DRL_3_ID88.txt,0101011100101011101001001001010011101111110010111101010011100101101100000111100000
/home/garrett/coding/Ising_Model_Instances/data/4D/DRL/81/DRL_3_ID282.txt,0111101101111010111101100000101110110011010110110101011100011111010010011101100011
/home/garrett/coding/Ising_Model_Instances/data/4D/DRL/81/DRL_3_ID347.txt,0010001011110000111101001110101000001010111111110001101101010110100110111010101111
/home/garrett/coding/Ising_Model_Instances/data/4D/DRL/81/DRL_3_ID530.txt,0000100010001110000110111000111100000010110001110011011111100011100110010101000011
/home/garrett/coding/Ising_Model_Instances/data/4D/DRL/81/DRL_3_ID767.txt,0010111100001100011110010011111101001011100100101101110010010111011000001111001110
/home/garrett/coding/Ising_Model_Instances/data/4D/DRL/81/DRL_3_ID904.txt,0111111010000111010111111100101000111011001101000011010000001010001100010110100001
/home/garrett/coding/Ising_Model_Instances/data/4D/DRL/81/DRL_3_ID552.txt,0001111000010110011010111111110011011010110001100010111000100110011000001110010010
/home/garrett/coding/Ising_Model_Instances/data/4D/DRL/81/DRL_3_ID639.txt,0111110001001001110101101001011111100101101010100101001101011111101000110011100011
/home/garrett/coding/Ising_Model_Instances/data/4D/DRL/81/DRL_3_ID36.txt,0111001000111110000111000010100011101111110110111110110011101011101100100101100001
/home/garrett/coding/Ising_Model_Instances/data/4D/DRL/81/DRL_3_ID747.txt,0100000100110101010011101000110111000011010000000101000001011010001111000100010010
/home/garrett/coding/Ising_Model_Instances/data/4D/DRL/81/DRL_3_ID899.txt,0000000011101001100000100000011110111111111101000000111001101111010010100000111100
/home/garrett/coding/Ising_Model_Instances/data/4D/DRL/81/DRL_3_ID989.txt,0110000010001011101111010111011011010000110000011011100010100101010001000111010101
/home/garrett/coding/Ising_Model_Instances/data/4D/DRL/81/DRL_3_ID680.txt,0101100110101001011101011000010110101111000101100000010001010011110111001011011011
/home/garrett/coding/Ising_Model_Instances/data/4D/DRL/81/DRL_3_ID562.txt,0000111001100001110011010000110111111100111110101110011000011000100011011100100011
/home/garrett/coding/Ising_Model_Instances/data/4D/DRL/81/DRL_3_ID7.txt,0001101011011101000001101010011000010001001001011100100110101110100100111000110110
/home/garrett/coding/Ising_Model_Instances/data/4D/DRL/81/DRL_3_ID97.txt,0100010100001011110101010000110000111101100010111010010001010111100011110110010101
/home/garrett/coding/Ising_Model_Instances/data/4D/DRL/81/DRL_3_ID476.txt,0001000111000001101100111111001101011010011000001001110100011111110111100100100110
/home/garrett/coding/Ising_Model_Instances/data/4D/DRL/81/DRL_3_ID236.txt,0110111001011011011100111111100100000000011000001111111011111100110001100011100001
/home/garrett/coding/Ising_Model_Instances/data/4D/DRL/81/DRL_3_ID374.txt,0010110000111011111111110110000110000010101111100111001100101000111110000001011000
/home/garrett/coding/Ising_Model_Instances/data/4D/DRL/81/DRL_3_ID771.txt,0111110110010101100000111110001100010010110011111111010010111110111100101111000110
/home/garrett/coding/Ising_Model_Instances/data/4D/DRL/81/DRL_3_ID741.txt,0001001110101010001110010101010111010000001001001111111111110001111100001000101010
/home/garrett/coding/Ising_Model_Instances/data/4D/DRL/81/DRL_3_ID186.txt,0110011011001000111110110010100110011110010100110001010111000111001111111101101000
/home/garrett/coding/Ising_Model_Instances/data/4D/DRL/81/DRL_3_ID874.txt,0000010101110110010111101110100110000100001011101100101110100111101010010111110101
/home/garrett/coding/Ising_Model_Instances/data/4D/DRL/81/DRL_3_ID83.txt,0111001000111111110001111100000000000111011111001011000101100110010011011001111000
/home/garrett/coding/Ising_Model_Instances/data/4D/DRL/81/DRL_3_ID688.txt,0110111010000001110101010111010000001011000110001101000000010001100001001000000111
/home/garrett/coding/Ising_Model_Instances/data/4D/DRL/81/DRL_3_ID474.txt,0101010110101101000001110011000010011000101000001000101000100111000010110100000011
/home/garrett/coding/Ising_Model_Instances/data/4D/DRL/81/DRL_3_ID401.txt,0111111010100100100001001010001111010110100011000111000011101001011011010111011100
/home/garrett/coding/Ising_Model_Instances/data/4D/DRL/81/DRL_3_ID756.txt,0111000100010000010011101011000011010101111100111010011001111001110011101011000100
/home/garrett/coding/Ising_Model_Instances/data/4D/DRL/81/DRL_3_ID377.txt,0100101100110010100000100000011100101111001101100110010001000010000100011011010110
/home/garrett/coding/Ising_Model_Instances/data/4D/DRL/81/DRL_3_ID488.txt,0000011000000111010101101001100100001001011100000001100001010011010000001111011111
/home/garrett/coding/Ising_Model_Instances/data/4D/DRL/81/DRL_3_ID853.txt,0111111100110000101101001110000010101100000001001011011101111111100010111001001001
/home/garrett/coding/Ising_Model_Instances/data/4D/DRL/81/DRL_3_ID492.txt,0001101101101111010001010000110110001101111101101011001110010001111110111011010101
/home/garrett/coding/Ising_Model_Instances/data/4D/DRL/81/DRL_3_ID651.txt,0101000110110011000011110001001101100100111010010001001110110111101001110001100011
/home/garrett/coding/Ising_Model_Instances/data/4D/DRL/81/DRL_3_ID431.txt,0111111000010001101110101111110101000101001101010101110100011111000110101001011101
/home/garrett/coding/Ising_Model_Instances/data/4D/DRL/81/DRL_3_ID587.txt,0111101110000111111011001011100111010110111101001110100100100110011011110100011011
/home/garrett/coding/Ising_Model_Instances/data/4D/DRL/81/DRL_3_ID190.txt,0100101100000100100000111111011011101101101001101000110010000000011000001001001010
/home/garrett/coding/Ising_Model_Instances/data/4D/DRL/81/DRL_3_ID529.txt,0011110011000111010010001000110100101000011011001111111111111111111100101100110100
/home/garrett/coding/Ising_Model_Instances/data/4D/DRL/81/DRL_3_ID428.txt,0100010001000010101101010011010010010111111000111110111110100111101110100000000001
/home/garrett/coding/Ising_Model_Instances/data/4D/DRL/81/DRL_3_ID748.txt,0110010101101110011110011100010001100101010111010011111001100011101101101111011000
/home/garrett/coding/Ising_Model_Instances/data/4D/DRL/81/DRL_3_ID124.txt,0111011101110001000111000011010000001101011011011001011011010000111010001111111110
/home/garrett/coding/Ising_Model_Instances/data/4D/DRL/81/DRL_3_ID120.txt,0010000100001011101000111110111101111111111110111000101000110011001000110111000110
/home/garrett/coding/Ising_Model_Instances/data/4D/DRL/81/DRL_3_ID504.txt,0111011100100001000010000001111000011110000100000110011010011000001101101110101111
/home/garrett/coding/Ising_Model_Instances/data/4D/DRL/81/DRL_3_ID720.txt,0001111010001111000101101110011011100100001001100000011101010111101000000001000010
/home/garrett/coding/Ising_Model_Instances/data/4D/DRL/81/DRL_3_ID703.txt,0110001010101111011100011100000011001001111101111011100101111111011000100100101101
/home/garrett/coding/Ising_Model_Instances/data/4D/DRL/81/DRL_3_ID918.txt,0111001101011101001001100000111110010111111011000000110100100100111010010001101010
/home/garrett/coding/Ising_Model_Instances/data/4D/DRL/81/DRL_3_ID762.txt,0011000010111101110100000001011000101000110110110010110101000100011000001110101111
/home/garrett/coding/Ising_Model_Instances/data/4D/DRL/81/DRL_3_ID79.txt,0111110111111001110100011011110110101010101000101010111111010100000000011111101010
/home/garrett/coding/Ising_Model_Instances/data/4D/DRL/81/DRL_3_ID156.txt,0101011101101000110100010101010000111001100110100100110111000011010110001000011011
/home/garrett/coding/Ising_Model_Instances/data/4D/DRL/81/DRL_3_ID802.txt,0001110011101100111010011011100111100011111110010011101110110111101111011000101010
/home/garrett/coding/Ising_Model_Instances/data/4D/DRL/81/DRL_3_ID459.txt,0011100100111110101101011111011100111101000111000010110001010000111101101110011101
/home/garrett/coding/Ising_Model_Instances/data/4D/DRL/81/DRL_3_ID625.txt,0001100000110000001111001111010110011011010010101001010111010000110001011110001000
/home/garrett/coding/Ising_Model_Instances/data/4D/DRL/81/DRL_3_ID590.txt,0101010100110110000000110010000100000000001100110011110100101110111111000001011111
/home/garrett/coding/Ising_Model_Instances/data/4D/DRL/81/DRL_3_ID231.txt,0110100101101111111111101111100110011110001100101011100011110111111111100001001101
/home/garrett/coding/Ising_Model_Instances/data/4D/DRL/81/DRL_3_ID644.txt,0001001100111110010100100001100000011011011101100001000101100101011010110111111111
/home/garrett/coding/Ising_Model_Instances/data/4D/DRL/81/DRL_3_ID940.txt,0001100100111011101001101000101110000000011111000011110001100010001010001001100101
/home/garrett/coding/Ising_Model_Instances/data/4D/DRL/81/DRL_3_ID819.txt,0010010110011100100001111011100101000010010101011011101011110011011111111110000100
/home/garrett/coding/Ising_Model_Instances/data/4D/DRL/81/DRL_3_ID618.txt,0000110011110000001011101000001000001001101111100110101110011010111100111111101110
/home/garrett/coding/Ising_Model_Instances/data/4D/DRL/81/DRL_3_ID543.txt,0101001101110001001100011011000010111001100100001111101100011110110100101001011010
/home/garrett/coding/Ising_Model_Instances/data/4D/DRL/81/DRL_3_ID344.txt,0001110110000100011110011000110001110000110110001001001100111110000111100110000101
/home/garrett/coding/Ising_Model_Instances/data/4D/DRL/81/DRL_3_ID183.txt,0000100010101110111010000011000110110001000011001101110000001100100101101000100101
/home/garrett/coding/Ising_Model_Instances/data/4D/DRL/81/DRL_3_ID506.txt,0011111001000001111100000000111101010111001000110110100001111011000001110010011101
/home/garrett/coding/Ising_Model_Instances/data/4D/DRL/81/DRL_3_ID813.txt,0110011100111001001001000011000100110001111100100100001101110010010110111000111111
/home/garrett/coding/Ising_Model_Instances/data/4D/DRL/81/DRL_3_ID514.txt,0100100011011001001011111011110111001000001111010111010110110110000101110110111100
/home/garrett/coding/Ising_Model_Instances/data/4D/DRL/81/DRL_3_ID299.txt,0010010111101001010100000011110011001011011101100001100010110001001001011011101010
/home/garrett/coding/Ising_Model_Instances/data/4D/DRL/81/DRL_3_ID509.txt,0101111100010000111001110111111101000111111011101111101011000001111100110001010011
/home/garrett/coding/Ising_Model_Instances/data/4D/DRL/81/DRL_3_ID517.txt,0100110011111011111101010000110001001111101100100011001101101110001010100101110000
/home/garrett/coding/Ising_Model_Instances/data/4D/DRL/81/DRL_3_ID294.txt,0100010111110110011010000100001111011001010010001000101001100011001100100110111111
/home/garrett/coding/Ising_Model_Instances/data/4D/DRL/81/DRL_3_ID705.txt,0101100100000001011010110110010100101001001111000011010000100000011010011000100111
/home/garrett/coding/Ising_Model_Instances/data/4D/DRL/81/DRL_3_ID727.txt,0101001101011100110010111110101101000101110111001011110100011010101100110100001000
/home/garrett/coding/Ising_Model_Instances/data/4D/DRL/81/DRL_3_ID909.txt,0101110111010110001000000000000000111001111111000111000011010111111011000111110100
/home/garrett/coding/Ising_Model_Instances/data/4D/DRL/81/DRL_3_ID505.txt,0000100011010100001011010100001001101000001000100101010100110110101010110111001011
/home/garrett/coding/Ising_Model_Instances/data/4D/DRL/81/DRL_3_ID521.txt,0101000010101011110010101110010001111000010101000100001101101001111111111110100011
/home/garrett/coding/Ising_Model_Instances/data/4D/DRL/81/DRL_3_ID635.txt,0101010110000011100110100001111111111111101000111011011001011101001110000100101001
/home/garrett/coding/Ising_Model_Instances/data/4D/DRL/81/DRL_3_ID679.txt,0011000010010111011101110000010001001110010111110111000100110010011001100001101101
/home/garrett/coding/Ising_Model_Instances/data/4D/DRL/81/DRL_3_ID314.txt,0011100110100010011001111010111100111011101000111010111000111101000000111010010001
/home/garrett/coding/Ising_Model_Instances/data/4D/DRL/81/DRL_3_ID303.txt,0011001011111111000101001110001110101100100111110111001001100001001111010010011011
/home/garrett/coding/Ising_Model_Instances/data/4D/DRL/81/DRL_3_ID859.txt,0010101000100001010010100111111100111011110011100010101111110110010100111010010001
/home/garrett/coding/Ising_Model_Instances/data/4D/DRL/81/DRL_3_ID956.txt,0111111011011010010000001100000111110111100111011001011110101100011010101001111010
/home/garrett/coding/Ising_Model_Instances/data/4D/DRL/81/DRL_3_ID291.txt,0001101001010111010001101100011010011100111101110101000011000010101100111001001010
/home/garrett/coding/Ising_Model_Instances/data/4D/DRL/81/DRL_3_ID952.txt,0001010110011100011110010110010111110101001101001101011100110000101010000001011000
/home/garrett/coding/Ising_Model_Instances/data/4D/DRL/81/DRL_3_ID352.txt,0011001110111001011110100011011111101010100011111111010110011101111110100101110011
/home/garrett/coding/Ising_Model_Instances/data/4D/DRL/81/DRL_3_ID440.txt,0000101110110111000000101101010111110101100101110000011101000101001010000010111110
/home/garrett/coding/Ising_Model_Instances/data/4D/DRL/81/DRL_3_ID653.txt,0111011101111110111011010101111010101100111000110100011000010101100010001101110011
/home/garrett/coding/Ising_Model_Instances/data/4D/DRL/81/DRL_3_ID437.txt,0111010000000001101001000100001000101111110101010000000010100111110110001110110000
/home/garrett/coding/Ising_Model_Instances/data/4D/DRL/81/DRL_3_ID478.txt,0111101111010010100111110000010000100100101000000111101001010001111000011000010110
/home/garrett/coding/Ising_Model_Instances/data/4D/DRL/81/DRL_3_ID30.txt,0110000100110001000111100110011010010111000111110001101010010010111111101011001101
/home/garrett/coding/Ising_Model_Instances/data/4D/DRL/81/DRL_3_ID364.txt,0100101010111100110101011001100100001111111100111111110101111011111011110001000101
/home/garrett/coding/Ising_Model_Instances/data/4D/DRL/81/DRL_3_ID685.txt,0100111001001011011110110111100111011111001100110011111100111001001000011101101100
/home/garrett/coding/Ising_Model_Instances/data/4D/DRL/81/DRL_3_ID637.txt,0101100011101001100001010000011000110110011000000000000100000110100101010111010010
/home/garrett/coding/Ising_Model_Instances/data/4D/DRL/81/DRL_3_ID371.txt,0011100101111011011001011000010111100000110111110001000011100111110101010101011010
/home/garrett/coding/Ising_Model_Instances/data/4D/DRL/81/DRL_3_ID550.txt,0110101000111101010011011101001110000011110001101010011011000011110110110100111001
/home/garrett/coding/Ising_Model_Instances/data/4D/DRL/81/DRL_3_ID138.txt,0101110000101101110011101011100111000100001000110110001001111011001110011111101111
/home/garrett/coding/Ising_Model_Instances/data/4D/DRL/81/DRL_3_ID2.txt,0101011001001001010010011000100100011011000001000100110100001011111000111001010100
/home/garrett/coding/Ising_Model_Instances/data/4D/DRL/81/DRL_3_ID822.txt,0100100011100111111100100100000000000100000110111110000111010100010010111101111000
/home/garrett/coding/Ising_Model_Instances/data/4D/DRL/81/DRL_3_ID942.txt,0011101100001100100010001010100000001010110011000011101011010111001000010010101001
/home/garrett/coding/Ising_Model_Instances/data/4D/DRL/81/DRL_3_ID8.txt,0000111111011000011001110110010001101001101100000100110101101011010000100101101110
/home/garrett/coding/Ising_Model_Instances/data/4D/DRL/81/DRL_3_ID331.txt,0100101010100101011110101100010001111101111110100111010001100110110001100111110001
/home/garrett/coding/Ising_Model_Instances/data/4D/DRL/81/DRL_3_ID881.txt,0010011010010000100101011010010101011010010111010110101110011010010001000000100011
/home/garrett/coding/Ising_Model_Instances/data/4D/DRL/81/DRL_3_ID67.txt,0111000001000101010110111000110110001000101101001011010011111011110011000001100001
/home/garrett/coding/Ising_Model_Instances/data/4D/DRL/81/DRL_3_ID76.txt,0100010000110110000110000100100010111000010011010110011100010001101111111011111110
/home/garrett/coding/Ising_Model_Instances/data/4D/DRL/81/DRL_3_ID763.txt,0000010010001110000000101010100000010100001110011101100110010010010110001101100100
/home/garrett/coding/Ising_Model_Instances/data/4D/DRL/81/DRL_3_ID387.txt,0000100010100111011111011110110011111101110101000001011111110011010000111010001111
/home/garrett/coding/Ising_Model_Instances/data/4D/DRL/81/DRL_3_ID704.txt,0111000111001010100001011010111011110001000001000110011000111100111100100011101111
/home/garrett/coding/Ising_Model_Instances/data/4D/DRL/81/DRL_3_ID518.txt,0001110101011111110010110111111011001001100000011111101110110101000101000011001110
/home/garrett/coding/Ising_Model_Instances/data/4D/DRL/81/DRL_3_ID564.txt,0110111010111010110111010111001011001101101101000001100100110111100100110100000000
/home/garrett/coding/Ising_Model_Instances/data/4D/DRL/81/DRL_3_ID732.txt,0111110000101001111011010001010000100001000001011001000011111001110010110100010111
/home/garrett/coding/Ising_Model_Instances/data/4D/DRL/81/DRL_3_ID187.txt,0111111100101110111101011011100001000001000110110001100011100010011100100110001100
/home/garrett/coding/Ising_Model_Instances/data/4D/DRL/81/DRL_3_ID523.txt,0110101101110001110101111011011010010100011000000110010111000001010111000111001011
/home/garrett/coding/Ising_Model_Instances/data/4D/DRL/81/DRL_3_ID776.txt,0110111110010001001110001110100111110111101010000101111010101011101001011011001101
/home/garrett/coding/Ising_Model_Instances/data/4D/DRL/81/DRL_3_ID264.txt,0101000010110100010010111011110010110110010010011011010110001101010010111001111010
/home/garrett/coding/Ising_Model_Instances/data/4D/DRL/81/DRL_3_ID605.txt,0110110011100100100010111000000000110000000000110110110010111001011111110101110010
/home/garrett/coding/Ising_Model_Instances/data/4D/DRL/81/DRL_3_ID649.txt,0001001001101111011111111101101111001110100111010001111110011101001100010001010010
/home/garrett/coding/Ising_Model_Instances/data/4D/DRL/81/DRL_3_ID667.txt,0010011011011000001100101010110101111010100000110110101000000100100101001011101100
/home/garrett/coding/Ising_Model_Instances/data/4D/DRL/81/DRL_3_ID491.txt,0100110010001100111001011110100001100101011010101101001101010000010111110001010111
/home/garrett/coding/Ising_Model_Instances/data/4D/DRL/81/DRL_3_ID502.txt,0111110100101010100011010001011110010010000001111010101010001100111101011100011110
/home/garrett/coding/Ising_Model_Instances/data/4D/DRL/81/DRL_3_ID463.txt,0111110111111001101011001111101011010111111010101101111110111011000101101001100100
/home/garrett/coding/Ising_Model_Instances/data/4D/DRL/81/DRL_3_ID698.txt,0101001001111011101111100011110100100100011000010100010000111111101000010010101010
/home/garrett/coding/Ising_Model_Instances/data/4D/DRL/81/DRL_3_ID411.txt,0101010101111001100100000000111001111010100101011000011100110100100110101101111100
/home/garrett/coding/Ising_Model_Instances/data/4D/DRL/81/DRL_3_ID501.txt,0100100100111010110011000111010011111001101100110000101011111111000111100100100000
/home/garrett/coding/Ising_Model_Instances/data/4D/DRL/81/DRL_3_ID669.txt,0111010100111011110101101011100010111111100001111000010011111010011101000001100110
/home/garrett/coding/Ising_Model_Instances/data/4D/DRL/81/DRL_3_ID251.txt,0010001100111001001111010000001110101001111011100111100111111110001011001110111010
/home/garrett/coding/Ising_Model_Instances/data/4D/DRL/81/DRL_3_ID789.txt,0001010000100111100010111111101111111011101110110010111100101100101101000000001011
/home/garrett/coding/Ising_Model_Instances/data/4D/DRL/81/DRL_3_ID419.txt,0110011011110110101011001001100100001001001110111101001001001100100101011011101001
/home/garrett/coding/Ising_Model_Instances/data/4D/DRL/81/DRL_3_ID480.txt,0011110101000101111010111000110001100101000000101001001001001110101001111101000001
/home/garrett/coding/Ising_Model_Instances/data/4D/DRL/81/DRL_3_ID717.txt,0010100111100111100000101011100100010111111111010010111011000011100110100011100011
/home/garrett/coding/Ising_Model_Instances/data/4D/DRL/81/DRL_3_ID820.txt,0111111101011110011111101100010111011101001000011010101001010101001010100100111110
/home/garrett/coding/Ising_Model_Instances/data/4D/DRL/81/DRL_3_ID298.txt,0100110011111011001101100010101010100000011101110010111100011111110000010110010110
/home/garrett/coding/Ising_Model_Instances/data/4D/DRL/81/DRL_3_ID123.txt,0010001110101111110101011101010011101101001110101111001001010011101101010000010111
/home/garrett/coding/Ising_Model_Instances/data/4D/DRL/81/DRL_3_ID286.txt,0001010010111000110100010000010010010010001110100000110001100100000000000001110101
/home/garrett/coding/Ising_Model_Instances/data/4D/DRL/81/DRL_3_ID42.txt,0011110100010011001110111100001011010011111101101001111001100010100011111111111101
/home/garrett/coding/Ising_Model_Instances/data/4D/DRL/81/DRL_3_ID310.txt,0011000110011101111001100110110101100011110111111100100100111000000000111111101010
/home/garrett/coding/Ising_Model_Instances/data/4D/DRL/81/DRL_3_ID81.txt,0001001010001000011101010110011101010100001010110100010110000100000101101010000010
/home/garrett/coding/Ising_Model_Instances/data/4D/DRL/81/DRL_3_ID538.txt,0110011010010110111110011111110110000100110011110100111011000001010011011110010101
/home/garrett/coding/Ising_Model_Instances/data/4D/DRL/81/DRL_3_ID389.txt,0100111011100111110000011010101011000010010011111111000100110101110110011010110000
/home/garrett/coding/Ising_Model_Instances/data/4D/DRL/81/DRL_3_ID49.txt,0001100111111110001000100011100100000111110010101110010000001111001110010001010111
/home/garrett/coding/Ising_Model_Instances/data/4D/DRL/81/DRL_3_ID465.txt,0011001111011111101101100110101011011101010000100101110111111101001110010111010000
/home/garrett/coding/Ising_Model_Instances/data/4D/DRL/81/DRL_3_ID803.txt,0000011110000111111101111010001001010100100100101100000001010010101100100000111001
/home/garrett/coding/Ising_Model_Instances/data/4D/DRL/81/DRL_3_ID914.txt,0000000010100100110101101010011100001001000010111001000011100011111000110011000111
/home/garrett/coding/Ising_Model_Instances/data/4D/DRL/81/DRL_3_ID348.txt,0011000110111001110101011000100000110001110010011101110010100001010111100100010111
/home/garrett/coding/Ising_Model_Instances/data/4D/DRL/81/DRL_3_ID395.txt,0111110101111010101101111110011011110010100111101101010000001011100001100100011001
/home/garrett/coding/Ising_Model_Instances/data/4D/DRL/81/DRL_3_ID835.txt,0011000001011100100000000100101111010000101100001000110111001001110101100111000010
/home/garrett/coding/Ising_Model_Instances/data/4D/DRL/81/DRL_3_ID32.txt,0101010001101011000010011010101101101100001000001111101011111111011000001000100100
/home/garrett/coding/Ising_Model_Instances/data/4D/DRL/81/DRL_3_ID456.txt,0111000100011101000001100001111101011110000110111100101100011101100110101000010101
/home/garrett/coding/Ising_Model_Instances/data/4D/DRL/81/DRL_3_ID368.txt,0100100000110101110000100010001010111010101101111100001000010001000101101011101011
/home/garrett/coding/Ising_Model_Instances/data/4D/DRL/81/DRL_3_ID785.txt,0011100000101101110010010110000001101111010001010100011100111000001010010011011011
/home/garrett/coding/Ising_Model_Instances/data/4D/DRL/81/DRL_3_ID542.txt,0111110100001011110000100111011010010101001011001111011111111000101100000001001110
/home/garrett/coding/Ising_Model_Instances/data/4D/DRL/81/DRL_3_ID541.txt,0000110001101101000000111001010100101010100111111001011001110000101110001101001111
/home/garrett/coding/Ising_Model_Instances/data/4D/DRL/81/DRL_3_ID947.txt,0101011101100110101010111101000110010111101101100110010101110011010010100100010111
/home/garrett/coding/Ising_Model_Instances/data/4D/DRL/81/DRL_3_ID878.txt,0010011011111101111011111011001011001101100101111001110111001000100001101101100101
/home/garrett/coding/Ising_Model_Instances/data/4D/DRL/81/DRL_3_ID677.txt,0101001101101010001110001100000110110101111000010110110101110101101110111101100011
/home/garrett/coding/Ising_Model_Instances/data/4D/DRL/81/DRL_3_ID369.txt,0000101000110000111001011100000111010011010111000110010010011100100000001001011001
/home/garrett/coding/Ising_Model_Instances/data/4D/DRL/81/DRL_3_ID140.txt,0110011001011100110001000001101000110000101110001110011000110011011100000111101101
/home/garrett/coding/Ising_Model_Instances/data/4D/DRL/81/DRL_3_ID66.txt,0111011100110001010011010110011001111010100011101111110100010010101000100000100010
/home/garrett/coding/Ising_Model_Instances/data/4D/DRL/81/DRL_3_ID230.txt,0011001100001110111101111110100111010100110111010100110110111001110010110111000110
/home/garrett/coding/Ising_Model_Instances/data/4D/DRL/81/DRL_3_ID867.txt,0101111011000110010110011100010100011110000011011101001100111101011110110000010000
/home/garrett/coding/Ising_Model_Instances/data/4D/DRL/81/DRL_3_ID412.txt,0001101111111001011111001111000011100000100011010101000110000111111000011011011100
/home/garrett/coding/Ising_Model_Instances/data/4D/DRL/81/DRL_3_ID418.txt,0100010111000010000100010100001100111001011111001011010011101111011100010111111001
/home/garrett/coding/Ising_Model_Instances/data/4D/DRL/81/DRL_3_ID35.txt,0110111110110111001101111101011010100001011101000101011011101101000111101101011001
/home/garrett/coding/Ising_Model_Instances/data/4D/DRL/81/DRL_3_ID433.txt,0111010010010111000100001011011111111101110011001000001110000110000010011010000001
/home/garrett/coding/Ising_Model_Instances/data/4D/DRL/81/DRL_3_ID127.txt,0011100101001010000101111100110001110010010011100000100011110110100110010110011001
/home/garrett/coding/Ising_Model_Instances/data/4D/DRL/81/DRL_3_ID354.txt,0101010101010000001110101001111001111101100100011011010101111010010010001000110010
/home/garrett/coding/Ising_Model_Instances/data/4D/DRL/81/DRL_3_ID380.txt,0011000001100010011010100011111000001000001101100111001100000000000000101101101010
/home/garrett/coding/Ising_Model_Instances/data/4D/DRL/81/DRL_3_ID716.txt,0110100001110110100110101111100111100111110111001111011100001011000011110100100110
/home/garrett/coding/Ising_Model_Instances/data/4D/DRL/81/DRL_3_ID460.txt,0001011000110010111101100100101100011000100101010101110101110011000100010111001111
/home/garrett/coding/Ising_Model_Instances/data/4D/DRL/81/DRL_3_ID661.txt,0101000110011111100110100001100000000110110111110110100111101010000100101111010111
/home/garrett/coding/Ising_Model_Instances/data/4D/DRL/81/DRL_3_ID11.txt,0111101100010001010000110100110001000100011100100011100101101001000101010100101100
/home/garrett/coding/Ising_Model_Instances/data/4D/DRL/81/DRL_3_ID44.txt,0111001001101000111111111011011011100101100111010100010001110101001000001001110001
/home/garrett/coding/Ising_Model_Instances/data/4D/DRL/81/DRL_3_ID167.txt,0111111001101001101010110100110110111000000111101001110011010100000110010111001000
/home/garrett/coding/Ising_Model_Instances/data/4D/DRL/81/DRL_3_ID528.txt,0011000000101001000001101111110010000100100011111110111010001101010001010000101111
/home/garrett/coding/Ising_Model_Instances/data/4D/DRL/81/DRL_3_ID913.txt,0010010010010111001011110001001010101110110110010100110110000001010000110010001000
/home/garrett/coding/Ising_Model_Instances/data/4D/DRL/81/DRL_3_ID426.txt,0001010001010110010001000110111001001101010011110101110011010111100101001010000100
/home/garrett/coding/Ising_Model_Instances/data/4D/DRL/81/DRL_3_ID181.txt,0000100010111111101011111011011001000111100101010011111000100010110010001000000111
/home/garrett/coding/Ising_Model_Instances/data/4D/DRL/81/DRL_3_ID464.txt,0010011001111110011001110000110110100101111011111100100101011000111100000001000010
/home/garrett/coding/Ising_Model_Instances/data/4D/DRL/81/DRL_3_ID582.txt,0100010111110000110110000111110000001010101111101110101010101000001101001100000000
/home/garrett/coding/Ising_Model_Instances/data/4D/DRL/81/DRL_3_ID1.txt,0001000101010111111110000010000111010111111011100110001001101011110100001001110011
/home/garrett/coding/Ising_Model_Instances/data/4D/DRL/81/DRL_3_ID983.txt,0110001010111101100111000100101101111100100000101001111000010010100110010101011000
/home/garrett/coding/Ising_Model_Instances/data/4D/DRL/81/DRL_3_ID203.txt,0011010010001000101110000010000000001110001110110001100110101100111101100001101110
/home/garrett/coding/Ising_Model_Instances/data/4D/DRL/81/DRL_3_ID372.txt,0110111111111001111111011111101010011101011100010010011000000000101011101001101110
/home/garrett/coding/Ising_Model_Instances/data/4D/DRL/81/DRL_3_ID870.txt,0011101001101101100101110010101010001110010111101111101101111000011001010100001101
/home/garrett/coding/Ising_Model_Instances/data/4D/DRL/81/DRL_3_ID678.txt,0110010001000010010100100001001101101001010111110100010000111111001000011001101001
/home/garrett/coding/Ising_Model_Instances/data/4D/DRL/81/DRL_3_ID80.txt,0101010101011010000011100111000001100001110110100000111011010011101100001110011100
/home/garrett/coding/Ising_Model_Instances/data/4D/DRL/81/DRL_3_ID787.txt,0100110000110011010111011100001101010001100110001011100001111000110011011111000011
/home/garrett/coding/Ising_Model_Instances/data/4D/DRL/81/DRL_3_ID420.txt,0100100110000100101000001011011101100111011100100111010000001011101110101000010000
/home/garrett/coding/Ising_Model_Instances/data/4D/DRL/81/DRL_3_ID160.txt,0010000100110111000010101101000010111001111001010110000000011010101001001000101110
/home/garrett/coding/Ising_Model_Instances/data/4D/DRL/81/DRL_3_ID351.txt,0000111010101101100000101000010000111001110110101111100001111100000010111111100000
/home/garrett/coding/Ising_Model_Instances/data/4D/DRL/81/DRL_3_ID894.txt,0000011111010100011000100010101111010001000110101100110110110011010000001001010000
/home/garrett/coding/Ising_Model_Instances/data/4D/DRL/81/DRL_3_ID220.txt,0101110101010111110111011111001000000101100010101010100100011000111101000100000010
/home/garrett/coding/Ising_Model_Instances/data/4D/DRL/81/DRL_3_ID308.txt,0010000100100010001110000111011110010010010001110001001100101101011110111000001001
/home/garrett/coding/Ising_Model_Instances/data/4D/DRL/81/DRL_3_ID319.txt,0101110100100100011110101111000011101111010000101100011100101100011000010110011111
/home/garrett/coding/Ising_Model_Instances/data/4D/DRL/81/DRL_3_ID13.txt,0001010011101100000100101011001000010011010010000011100100100100000100011101010001
/home/garrett/coding/Ising_Model_Instances/data/4D/DRL/81/DRL_3_ID200.txt,0011000110011010011111010010111100011101000111011110111010111001101111100111100001
/home/garrett/coding/Ising_Model_Instances/data/4D/DRL/81/DRL_3_ID221.txt,0110010100011100111110011011111100010100000011010000100101110101000101111111100100
/home/garrett/coding/Ising_Model_Instances/data/4D/DRL/81/DRL_3_ID34.txt,0101011100101111111011110010101111011111110000101100111111101010101011111010100010
/home/garrett/coding/Ising_Model_Instances/data/4D/DRL/81/DRL_3_ID770.txt,0110000111001000001111011011001110111010111110001110100010011100010100001101011010
/home/garrett/coding/Ising_Model_Instances/data/4D/DRL/81/DRL_3_ID627.txt,0110101011000111111000101100100101110010011011000000011100101110101001101110001100
/home/garrett/coding/Ising_Model_Instances/data/4D/DRL/81/DRL_3_ID452.txt,0110110111010100101111011100001011000111111011101010111011111001111010110010011110
/home/garrett/coding/Ising_Model_Instances/data/4D/DRL/81/DRL_3_ID457.txt,0011001010011111110000110111100111000111000110100011011000110011000100001010000011
/home/garrett/coding/Ising_Model_Instances/data/4D/DRL/81/DRL_3_ID893.txt,0001010101101010111011111101001111010001111101110111010100010101111100100111011100
/home/garrett/coding/Ising_Model_Instances/data/4D/DRL/81/DRL_3_ID793.txt,0001011100111010100011011110010111010010011111000110110110011101111110110010010111
/home/garrett/coding/Ising_Model_Instances/data/4D/DRL/81/DRL_3_ID248.txt,0111001101011010001001110001110101011100111001011001010010110000001001111111101010
/home/garrett/coding/Ising_Model_Instances/data/4D/DRL/81/DRL_3_ID966.txt,0111101111100101001110001101011011011101100100001000101111010101110011111010111101
/home/garrett/coding/Ising_Model_Instances/data/4D/DRL/81/DRL_3_ID807.txt,0010000000011011000101100011011000111011011110100001010110011110000000010100001110
/home/garrett/coding/Ising_Model_Instances/data/4D/DRL/81/DRL_3_ID969.txt,0001101000011100101110101000110000011011100010110101101100110111101010000100100010
/home/garrett/coding/Ising_Model_Instances/data/4D/DRL/81/DRL_3_ID69.txt,0000000101101100011100010111101101110100100010000100101101111011111011111010110101
/home/garrett/coding/Ising_Model_Instances/data/4D/DRL/81/DRL_3_ID198.txt,0010101100111011011100111010010001101110101111101000100101110011110001011010010001
/home/garrett/coding/Ising_Model_Instances/data/4D/DRL/81/DRL_3_ID119.txt,0110101100000011110110101101001011010000000111010111100000111110111001101011111110
/home/garrett/coding/Ising_Model_Instances/data/4D/DRL/81/DRL_3_ID864.txt,0001001001011101011110010011101100111111110001010010101010101111100101000000100111
/home/garrett/coding/Ising_Model_Instances/data/4D/DRL/81/DRL_3_ID240.txt,0001000100010101010010110000101100101111111010001010000101111000110000011110101010
/home/garrett/coding/Ising_Model_Instances/data/4D/DRL/81/DRL_3_ID794.txt,0000111110001111110110011010101111100001110100101101100000111111000101100011101010
/home/garrett/coding/Ising_Model_Instances/data/4D/DRL/81/DRL_3_ID709.txt,0101011100110010011101100000011110001001000111101110110101010110110111010011110011
/home/garrett/coding/Ising_Model_Instances/data/4D/DRL/81/DRL_3_ID755.txt,0011000111010101010011111110110111010101100110100100011011101011110010011011010010
/home/garrett/coding/Ising_Model_Instances/data/4D/DRL/81/DRL_3_ID824.txt,0110110101100011111001011010000101100110101101111100001111100101010111001110100000
/home/garrett/coding/Ising_Model_Instances/data/4D/DRL/81/DRL_3_ID883.txt,0001101111100100000000011011010101110001010111011011111100001001110001111111100011
/home/garrett/coding/Ising_Model_Instances/data/4D/DRL/81/DRL_3_ID963.txt,0100101000000010111111000001000011011110110010111111111100111000101111100010101101
/home/garrett/coding/Ising_Model_Instances/data/4D/DRL/81/DRL_3_ID134.txt,0100110010000011000011100011101110000010000011000000011011101010010001100010110000
/home/garrett/coding/Ising_Model_Instances/data/4D/DRL/81/DRL_3_ID886.txt,0000111010101010011110110001010000010011101000111011111011110010001101011000111000
/home/garrett/coding/Ising_Model_Instances/data/4D/DRL/81/DRL_3_ID993.txt,0101111010110011001011110000101111011110110100101110110100000110100011010011100000
/home/garrett/coding/Ising_Model_Instances/data/4D/DRL/81/DRL_3_ID905.txt,0110110100000000001101110011110011110000010111100011001101111000000110001001001001
/home/garrett/coding/Ising_Model_Instances/data/4D/DRL/81/DRL_3_ID713.txt,0010110110010000011000011001011011001001010110010101101010000010000010011101100101
/home/garrett/coding/Ising_Model_Instances/data/4D/DRL/81/DRL_3_ID539.txt,0111001110101111100100100000011111000011110100110000011100001001011000011010011011
/home/garrett/coding/Ising_Model_Instances/data/4D/DRL/81/DRL_3_ID731.txt,0111000000010100000110110101000111010100101001001010011100101100100101100111000010
/home/garrett/coding/Ising_Model_Instances/data/4D/DRL/81/DRL_3_ID689.txt,0111111111010101001110000111100001010011000000000000010000100101101110010001100011
/home/garrett/coding/Ising_Model_Instances/data/4D/DRL/81/DRL_3_ID249.txt,0101001011010110100110101101001100000011011100110001101011100011101101000101111000
/home/garrett/coding/Ising_Model_Instances/data/4D/DRL/81/DRL_3_ID288.txt,0011111101011100111011100000111111010010010101010111011011100110111110111100101010
/home/garrett/coding/Ising_Model_Instances/data/4D/DRL/81/DRL_3_ID757.txt,0000111001001111111101001010001101101010101110011001010110110010000010110101111011
/home/garrett/coding/Ising_Model_Instances/data/4D/DRL/81/DRL_3_ID12.txt,0001011000001100011001011110101010100011100110001101010111010110000110111001111111
/home/garrett/coding/Ising_Model_Instances/data/4D/DRL/81/DRL_3_ID851.txt,0011000100100100101101001101110101111100000010110110110011000100101001001111110001
/home/garrett/coding/Ising_Model_Instances/data/4D/DRL/81/DRL_3_ID384.txt,0000110101001110011010011000000011101111101101101110101111111111011010100111110111
/home/garrett/coding/Ising_Model_Instances/data/4D/DRL/81/DRL_3_ID607.txt,0010011000100001011110010000100110110000111001011001110111001000100100010001000010
/home/garrett/coding/Ising_Model_Instances/data/4D/DRL/81/DRL_3_ID676.txt,0010101110010110111000011110011111011100010110010101011110101101111111010100011010
/home/garrett/coding/Ising_Model_Instances/data/4D/DRL/81/DRL_3_ID353.txt,0110011101111010111111100100001101100111000010001101111100111100001011011010000000
/home/garrett/coding/Ising_Model_Instances/data/4D/DRL/81/DRL_3_ID139.txt,0101101001000100101111110111001111110101010000011110001110000100000110000010100111
/home/garrett/coding/Ising_Model_Instances/data/4D/DRL/81/DRL_3_ID656.txt,0011110011100011001010011010100110010100010010010001001100001110101110010100001001
/home/garrett/coding/Ising_Model_Instances/data/4D/DRL/81/DRL_3_ID736.txt,0100011011111110100101110000001010101011001101011110110001001110000111011100110110
/home/garrett/coding/Ising_Model_Instances/data/4D/DRL/81/DRL_3_ID557.txt,0010011010101001110110000111010011011000110110010110000110011100110010000110011110
/home/garrett/coding/Ising_Model_Instances/data/4D/DRL/81/DRL_3_ID738.txt,0111111111110111001011101010111010000111100110110101011000111110000010001001000111
/home/garrett/coding/Ising_Model_Instances/data/4D/DRL/81/DRL_3_ID938.txt,0100001101101000011101001101000010111111000000011001110011001010111010100010001111
/home/garrett/coding/Ising_Model_Instances/data/4D/DRL/81/DRL_3_ID349.txt,0101001011000111000011010001101111001010011011011011011001011101000111100000110101
/home/garrett/coding/Ising_Model_Instances/data/4D/DRL/81/DRL_3_ID965.txt,0011010000011010000100010111111100000011110000101101101001110111110001001000011000
/home/garrett/coding/Ising_Model_Instances/data/4D/DRL/81/DRL_3_ID804.txt,0101010100001000010111110011111110101011100101110101001010101011111011001001010010
/home/garrett/coding/Ising_Model_Instances/data/4D/DRL/81/DRL_3_ID326.txt,0010010011010111101101110010011010100101011101000000011011010001000000111001010110
/home/garrett/coding/Ising_Model_Instances/data/4D/DRL/81/DRL_3_ID768.txt,0100111010111101000111101010000111111111101010000011001100010010010100111010111100
/home/garrett/coding/Ising_Model_Instances/data/4D/DRL/81/DRL_3_ID342.txt,0110000100010101010001011000110100100010000010011000001000000001000101101100100111
/home/garrett/coding/Ising_Model_Instances/data/4D/DRL/81/DRL_3_ID815.txt,0011010000110011101001110011101101010110110001011011100000010111011010011101101010
/home/garrett/coding/Ising_Model_Instances/data/4D/DRL/81/DRL_3_ID393.txt,0101101110000111110111101111000110101010000011000000000110100011001001000011101011
/home/garrett/coding/Ising_Model_Instances/data/4D/DRL/81/DRL_3_ID338.txt,0101010101101110100110111000000001011110000100111000111010110111100100011011000111
/home/garrett/coding/Ising_Model_Instances/data/4D/DRL/81/DRL_3_ID593.txt,0110111011000110010001111000110010110101111101000111110011101111010100010101001110
/home/garrett/coding/Ising_Model_Instances/data/4D/DRL/81/DRL_3_ID977.txt,0010110111011000010011011000001110000000001010111000001010010010111000001011011101
/home/garrett/coding/Ising_Model_Instances/data/4D/DRL/81/DRL_3_ID28.txt,0001110011010100010000110000001101010110000100010000000111011011101101101111101011
/home/garrett/coding/Ising_Model_Instances/data/4D/DRL/81/DRL_3_ID507.txt,0110111000000000010110100000100111010100110000101110000010100010111110100011111000
/home/garrett/coding/Ising_Model_Instances/data/4D/DRL/81/DRL_3_ID381.txt,0111100011100101101000110110010110111001001110110100111000011011100000011101010000
/home/garrett/coding/Ising_Model_Instances/data/4D/DRL/81/DRL_3_ID430.txt,0101001011010001110100010011100001000001111011011110110101000110011000010000010101
/home/garrett/coding/Ising_Model_Instances/data/4D/DRL/81/DRL_3_ID496.txt,0011101010100010100001011010110111100100000000100001110110001000100000001011110000
/home/garrett/coding/Ising_Model_Instances/data/4D/DRL/81/DRL_3_ID57.txt,0101100101101001000001110000001111100100000110000100000010010111111101001011111001
/home/garrett/coding/Ising_Model_Instances/data/4D/DRL/81/DRL_3_ID446.txt,0001110111011011001011010010011111010111101001011011000010101001001110110101100101
/home/garrett/coding/Ising_Model_Instances/data/4D/DRL/81/DRL_3_ID674.txt,0011100000110011101011100101100000100111011001101000111000011101000000100111101110
/home/garrett/coding/Ising_Model_Instances/data/4D/DRL/81/DRL_3_ID192.txt,0101011111001001011101000100111101110110011100010101000110000001011000011010001010
/home/garrett/coding/Ising_Model_Instances/data/4D/DRL/81/DRL_3_ID72.txt,0111000001000110100001100111111001101010101110001000111100101101101001001100011001
/home/garrett/coding/Ising_Model_Instances/data/4D/DRL/81/DRL_3_ID245.txt,0000100010010000011010101001000100110110111101101101010100111010111110001001110010
/home/garrett/coding/Ising_Model_Instances/data/4D/DRL/81/DRL_3_ID877.txt,0011001011010001001010100000101101111000101001010111111000011101110000100010000110
/home/garrett/coding/Ising_Model_Instances/data/4D/DRL/81/DRL_3_ID527.txt,0001010100101011110001000111101101111001011011001000101001101000011111101010111111
/home/garrett/coding/Ising_Model_Instances/data/4D/DRL/81/DRL_3_ID725.txt,0111000101001000001010011101010010110001000011011110010110111000111100001000100010
/home/garrett/coding/Ising_Model_Instances/data/4D/DRL/81/DRL_3_ID630.txt,0111100110000010111001111111100011000101101010100001010100110101110111100001010100
/home/garrett/coding/Ising_Model_Instances/data/4D/DRL/81/DRL_3_ID470.txt,0100100101101010010010111011111101001000101111001100110000111101101001001010000101
/home/garrett/coding/Ising_Model_Instances/data/4D/DRL/81/DRL_3_ID409.txt,0011010001011101010000111001001000000001110111000000111110000110110111001000110000
/home/garrett/coding/Ising_Model_Instances/data/4D/DRL/81/DRL_3_ID205.txt,0000100001100100111111101110100111110011110111101001000101110110000111001100000011
/home/garrett/coding/Ising_Model_Instances/data/4D/DRL/81/DRL_3_ID691.txt,0000101110001100100010101101101011011000110101010111101110001101001110010110000111
/home/garrett/coding/Ising_Model_Instances/data/4D/DRL/81/DRL_3_ID168.txt,0100111110110001011011110010111010011100010100100001010110101110011100110100011001
/home/garrett/coding/Ising_Model_Instances/data/4D/DRL/81/DRL_3_ID497.txt,0111011001111001011110000010000111100011110111110000011000000110001010101000010100
/home/garrett/coding/Ising_Model_Instances/data/4D/DRL/81/DRL_3_ID290.txt,0100100010000100000010110111110011011001001000100100100011000101101110101001101000
/home/garrett/coding/Ising_Model_Instances/data/4D/DRL/81/DRL_3_ID306.txt,0110000100000011001100001001101110101011011111011001011101000001001100110101111111
/home/garrett/coding/Ising_Model_Instances/data/4D/DRL/81/DRL_3_ID383.txt,0111101001101010111000100111000011100000100110000110010001001010000100110110111001
/home/garrett/coding/Ising_Model_Instances/data/4D/DRL/81/DRL_3_ID563.txt,0100010011101101101011101110101011000111011101110110111000001101101001010000110111
/home/garrett/coding/Ising_Model_Instances/data/4D/DRL/81/DRL_3_ID665.txt,0110010000010101111111000101001110010100011000100010000001000100000110001101011101
/home/garrett/coding/Ising_Model_Instances/data/4D/DRL/81/DRL_3_ID857.txt,0100010111011111011111010010111100001000010011100000011101100000111111101110010000
/home/garrett/coding/Ising_Model_Instances/data/4D/DRL/81/DRL_3_ID180.txt,0100101111000001110110101100011010100100101101010001111100100001110101101111110110
/home/garrett/coding/Ising_Model_Instances/data/4D/DRL/81/DRL_3_ID694.txt,0111100101010000001000110010011111110101110111101101110010000010110011111001111110
/home/garrett/coding/Ising_Model_Instances/data/4D/DRL/81/DRL_3_ID765.txt,0011000000111100011100001101110011101001001111001000001100011001010000010011101111
/home/garrett/coding/Ising_Model_Instances/data/4D/DRL/81/DRL_3_ID325.txt,0010111101011110010111011111100101010010100001101101111001110100110000111010000011
/home/garrett/coding/Ising_Model_Instances/data/4D/DRL/81/DRL_3_ID61.txt,0000101010011011010110111001000111100110111010011110111111101100110011101011001010
/home/garrett/coding/Ising_Model_Instances/data/4D/DRL/81/DRL_3_ID591.txt,0100010000101101001100111010101110100000001111010011010001000101010000110100111111
/home/garrett/coding/Ising_Model_Instances/data/4D/DRL/81/DRL_3_ID99.txt,0101000000100100000101100011100001000010111101111110111111010011010011101000110101
/home/garrett/coding/Ising_Model_Instances/data/4D/DRL/81/DRL_3_ID919.txt,0001000001000010110010011010100100001011010111000000011110010111100011001010001111
/home/garrett/coding/Ising_Model_Instances/data/4D/DRL/81/DRL_3_ID777.txt,0101001011011101111110110101001100101000111111100111011000001100111111000111001111
/home/garrett/coding/Ising_Model_Instances/data/4D/DRL/81/DRL_3_ID890.txt,0111011111010010111000011101000101110001100010110010010100001111011111110010011100
/home/garrett/coding/Ising_Model_Instances/data/4D/DRL/81/DRL_3_ID884.txt,0110001010110000100111000001101011000100001010101010000100101101110010000011110111
/home/garrett/coding/Ising_Model_Instances/data/4D/DRL/81/DRL_3_ID695.txt,0100010111011110110011001101111110110101111011001001110101100011110010111111000011
/home/garrett/coding/Ising_Model_Instances/data/4D/DRL/81/DRL_3_ID616.txt,0100101101001001001001100000010110110101110110010011100110111001010110101101010110
/home/garrett/coding/Ising_Model_Instances/data/4D/DRL/81/DRL_3_ID540.txt,0110101010110110100110010100010011010010110101001000100111111001000100000100100111
/home/garrett/coding/Ising_Model_Instances/data/4D/DRL/81/DRL_3_ID659.txt,0001111101111111010000110110011010101100101110110001100000100101100111101111111011
/home/garrett/coding/Ising_Model_Instances/data/4D/DRL/81/DRL_3_ID244.txt,0111100010111000011100100111011100010000000111110101001011100110111010100101110111
/home/garrett/coding/Ising_Model_Instances/data/4D/DRL/81/DRL_3_ID724.txt,0001010111111001110010110101010001101001110111110101110111100000000110000011011000
/home/garrett/coding/Ising_Model_Instances/data/4D/DRL/81/DRL_3_ID534.txt,0011010000000101011000110101100101000001001101001011000001100010001000100100101001
/home/garrett/coding/Ising_Model_Instances/data/4D/DRL/81/DRL_3_ID77.txt,0110111010001110001110011011111000101111000100101000001001101100100100101000110010
/home/garrett/coding/Ising_Model_Instances/data/4D/DRL/81/DRL_3_ID228.txt,0010010010001010111000101100011011001011011010110111000011010111000001010100100011
/home/garrett/coding/Ising_Model_Instances/data/4D/DRL/81/DRL_3_ID233.txt,0100011110001011111001100010011000000100110000111001010100000011001000111010000010
/home/garrett/coding/Ising_Model_Instances/data/4D/DRL/81/DRL_3_ID840.txt,0010100111111010010101111001101101010000000101110000001010101011001101100100011001
/home/garrett/coding/Ising_Model_Instances/data/4D/DRL/81/DRL_3_ID779.txt,0110110100101101000111101011010011111101110100111101000010101100111110101110010101
/home/garrett/coding/Ising_Model_Instances/data/4D/DRL/81/DRL_3_ID68.txt,0110011000111101000000010000010011001010110111110011111011010001100100011000110000
/home/garrett/coding/Ising_Model_Instances/data/4D/DRL/81/DRL_3_ID798.txt,0011001101001111011111010100110100000110000110011010010111000011100111001110001001
/home/garrett/coding/Ising_Model_Instances/data/4D/DRL/81/DRL_3_ID438.txt,0001100001000110000100001010110001101000111000111110010011011101110100110101010110
/home/garrett/coding/Ising_Model_Instances/data/4D/DRL/81/DRL_3_ID578.txt,0000000110001000010001101101110000000010010011011010001100010000100000010111111001
/home/garrett/coding/Ising_Model_Instances/data/4D/DRL/81/DRL_3_ID21.txt,0000000111111110011111011011011000110000101101101010010101000100000000111001010011
/home/garrett/coding/Ising_Model_Instances/data/4D/DRL/81/DRL_3_ID357.txt,0111111111100001100111100011011101101011100010010111000111000000111010001101010001
/home/garrett/coding/Ising_Model_Instances/data/4D/DRL/81/DRL_3_ID566.txt,0011011101010010101100101110110010101001101111110111010000001110110011100110011100
/home/garrett/coding/Ising_Model_Instances/data/4D/DRL/81/DRL_3_ID797.txt,0011100101101101011010111010001110101111101010110100110101000111101010101001000101
/home/garrett/coding/Ising_Model_Instances/data/4D/DRL/81/DRL_3_ID683.txt,0011110101011011001011011110110000011101110100011101000000100110011001011100101011
/home/garrett/coding/Ising_Model_Instances/data/4D/DRL/81/DRL_3_ID821.txt,0110111000001000100111000100101111111010100000110010101111000000111000011010011000
/home/garrett/coding/Ising_Model_Instances/data/4D/DRL/81/DRL_3_ID367.txt,0001101001001010101011011101101011010110111111011101001001100110110111010101000100
/home/garrett/coding/Ising_Model_Instances/data/4D/DRL/81/DRL_3_ID508.txt,0010110011010000110101101001001101111111000001001110001000111100100100001110010010
/home/garrett/coding/Ising_Model_Instances/data/4D/DRL/81/DRL_3_ID149.txt,0001001110101111101010001011000011000100100110111000110100000010001100000001101011
/home/garrett/coding/Ising_Model_Instances/data/4D/DRL/81/DRL_3_ID91.txt,0100110100010000101100011011101100111101001101010011101111110101000001010101010111
/home/garrett/coding/Ising_Model_Instances/data/4D/DRL/81/DRL_3_ID461.txt,0011111000000101000011110001101100100101000101000110110000110100101001101011111111
/home/garrett/coding/Ising_Model_Instances/data/4D/DRL/81/DRL_3_ID238.txt,0001010100011011100000011101010111001010111000110111001000111100110000010111011101
/home/garrett/coding/Ising_Model_Instances/data/4D/DRL/81/DRL_3_ID197.txt,0100101000000011100010011001001100100101110110010110100001010011110011101110111011
/home/garrett/coding/Ising_Model_Instances/data/4D/DRL/81/DRL_3_ID109.txt,0011111001001100010010010111010000010110000011011000101100100001111000101010111100
/home/garrett/coding/Ising_Model_Instances/data/4D/DRL/81/DRL_3_ID114.txt,0110101001111101110100001001011101111010001011000100000101111000000111001101100000
/home/garrett/coding/Ising_Model_Instances/data/4D/DRL/81/DRL_3_ID184.txt,0010011111000011111011111100000111101010010010110101010011000010011101010110110011
/home/garrett/coding/Ising_Model_Instances/data/4D/DRL/81/DRL_3_ID14.txt,0110101000111111011110000100001100011100100101101010010100010111000001010110011111
/home/garrett/coding/Ising_Model_Instances/data/4D/DRL/81/DRL_3_ID900.txt,0001000010111110010110110101100111111011110101101111011110000001111111110101011000
/home/garrett/coding/Ising_Model_Instances/data/4D/DRL/81/DRL_3_ID279.txt,0111111000011001101101000111011000011011010000000101010011011111110101011010110100
/home/garrett/coding/Ising_Model_Instances/data/4D/DRL/81/DRL_3_ID48.txt,0111110000011110101100001010100010110101000101010001011011100110110001101101011010
/home/garrett/coding/Ising_Model_Instances/data/4D/DRL/81/DRL_3_ID880.txt,0101010111110000000110101110001101101101010111111010100111101001011101111101011011
/home/garrett/coding/Ising_Model_Instances/data/4D/DRL/81/DRL_3_ID759.txt,0111100000000110110100010000111010001110000011010011010001001101001000100111011101
/home/garrett/coding/Ising_Model_Instances/data/4D/DRL/81/DRL_3_ID202.txt,0110111010110111111100001010111000100100010100010001111100111101001011000011100001
/home/garrett/coding/Ising_Model_Instances/data/4D/DRL/81/DRL_3_ID712.txt,0101111010001000001100000111100001001001010001110100011000111000001101100110001010
/home/garrett/coding/Ising_Model_Instances/data/4D/DRL/81/DRL_3_ID253.txt,0011110100011001111010101001101011011101111101010100000000100000111110100100100101
/home/garrett/coding/Ising_Model_Instances/data/4D/DRL/81/DRL_3_ID163.txt,0001100101101111111111110110000011000101110101110110100001001011110011011011000101
/home/garrett/coding/Ising_Model_Instances/data/4D/DRL/81/DRL_3_ID565.txt,0111111000010110010001000011100010101111000011101111101011111101011011111001010100
/home/garrett/coding/Ising_Model_Instances/data/4D/DRL/81/DRL_3_ID902.txt,0011001011101110011100010110010001010010111010011000100011010000111000101110010101
/home/garrett/coding/Ising_Model_Instances/data/4D/DRL/81/DRL_3_ID546.txt,0001111100100110110011100010110101000110110001000111001101111111111100000100100111
/home/garrett/coding/Ising_Model_Instances/data/4D/DRL/81/DRL_3_ID96.txt,0000010011011111001111100101001111101100111111000010000110101100100000011110110100
/home/garrett/coding/Ising_Model_Instances/data/4D/DRL/81/DRL_3_ID486.txt,0111111100001110110110010101010010100000010010010001011011101111000100001100010110
/home/garrett/coding/Ising_Model_Instances/data/4D/DRL/81/DRL_3_ID392.txt,0011010110110011111010001011010001010011010000010110010011010101011000010001101100
/home/garrett/coding/Ising_Model_Instances/data/4D/DRL/81/DRL_3_ID764.txt,0111011100001010100101110000001101010100101000010110110011010100101110010110100111
/home/garrett/coding/Ising_Model_Instances/data/4D/DRL/81/DRL_3_ID92.txt,0000101010011101011011100001101111111000011000010011111010000010001100011101011011
/home/garrett/coding/Ising_Model_Instances/data/4D/DRL/81/DRL_3_ID862.txt,0001110001000010111011111101101000101110100111100111001100000101100001100000101010
/home/garrett/coding/Ising_Model_Instances/data/4D/DRL/81/DRL_3_ID766.txt,0000101001011101100110111011011110000011100100100011101011101100001011100010100111
/home/garrett/coding/Ising_Model_Instances/data/4D/DRL/81/DRL_3_ID98.txt,0110110000011011111100011110100111110111110010010100111010101110011101010100000001
/home/garrett/coding/Ising_Model_Instances/data/4D/DRL/81/DRL_3_ID801.txt,0011101010000000100011010100111100000101000100110000000110010000011111100110100110
/home/garrett/coding/Ising_Model_Instances/data/4D/DRL/81/DRL_3_ID954.txt,0111001101100100110111110010010101100010101101111001010010000110001110110001110011
/home/garrett/coding/Ising_Model_Instances/data/4D/DRL/81/DRL_3_ID106.txt,0111111110111100111111001000000011001100101100011000000011101000101001000101001011
/home/garrett/coding/Ising_Model_Instances/data/4D/DRL/81/DRL_3_ID675.txt,0101101111111100000101110010111111100001100000011100000011110001001101110000011001
/home/garrett/coding/Ising_Model_Instances/data/4D/DRL/81/DRL_3_ID702.txt,0010011101001101001111101000001111010111001101101001010011011110000100010011110100
/home/garrett/coding/Ising_Model_Instances/data/4D/DRL/81/DRL_3_ID277.txt,0101110111011100111001000100010111111011100100001001101111001011101111010001010010
/home/garrett/coding/Ising_Model_Instances/data/4D/DRL/81/DRL_3_ID95.txt,0001100110011010100110011011110000011000011101001011110000010100101011011101001000
/home/garrett/coding/Ising_Model_Instances/data/4D/DRL/81/DRL_3_ID711.txt,0001001110100111111010010110110010000111100100011110100111100110010010011101100000
/home/garrett/coding/Ising_Model_Instances/data/4D/DRL/81/DRL_3_ID25.txt,0000111110001111010100010100101011000000011000010101001010111000111110110011011110
/home/garrett/coding/Ising_Model_Instances/data/4D/DRL/81/DRL_3_ID71.txt,0110101111111110111010100111110110101000101110001011110111000101010001000000001010
/home/garrett/coding/Ising_Model_Instances/data/4D/DRL/81/DRL_3_ID646.txt,0101110000000011101010011101011010111110101111111000011111000110010000011101101000
/home/garrett/coding/Ising_Model_Instances/data/4D/DRL/81/DRL_3_ID611.txt,0010101011111000100111010001101100101011010010001011110000100010111011001000111101
/home/garrett/coding/Ising_Model_Instances/data/4D/DRL/81/DRL_3_ID112.txt,0111001100111111110100010011011101110111001010100010010101101111000010111011000101
/home/garrett/coding/Ising_Model_Instances/data/4D/DRL/81/DRL_3_ID604.txt,0011101010110011110001010101010011111110111010101111100101101111010010000010001111
/home/garrett/coding/Ising_Model_Instances/data/4D/DRL/81/DRL_3_ID259.txt,0101100100001001100000000000110110101111110010100011000110111011001001111011000010
/home/garrett/coding/Ising_Model_Instances/data/4D/DRL/81/DRL_3_ID598.txt,0001110111100011001000101111000101110110100011011101000000001100111100101111100000
/home/garrett/coding/Ising_Model_Instances/data/4D/DRL/81/DRL_3_ID343.txt,0111111110110111011000110010001001100110010111001111011111101001000110000000000111
/home/garrett/coding/Ising_Model_Instances/data/4D/DRL/81/DRL_3_ID10.txt,0110111101101011111101011010000000101100010110011001011111110101000001111111100110
/home/garrett/coding/Ising_Model_Instances/data/4D/DRL/81/DRL_3_ID416.txt,0100111011111100110000010100100110100010100000111001000101011010000000001110111101
/home/garrett/coding/Ising_Model_Instances/data/4D/DRL/81/DRL_3_ID836.txt,0010100000110110000110011011101100111100101001010111101111101010101111111100110110
/home/garrett/coding/Ising_Model_Instances/data/4D/DRL/81/DRL_3_ID855.txt,0101001000111101100101101100011010010101101001010000101100010110110100110010000001
/home/garrett/coding/Ising_Model_Instances/data/4D/DRL/81/DRL_3_ID769.txt,0000111110011111011101000011100010001001110100100110011011110011110101010110110111
/home/garrett/coding/Ising_Model_Instances/data/4D/DRL/81/DRL_3_ID745.txt,0010001101100110000011001000101101111110110010110011011001100000010000001100101111
/home/garrett/coding/Ising_Model_Instances/data/4D/DRL/81/DRL_3_ID633.txt,0101100110110011001101011101100110111100001000001000001110010100100011101000000010
/home/garrett/coding/Ising_Model_Instances/data/4D/DRL/81/DRL_3_ID992.txt,0111001000100011001010001010110111111101110000111001101011000011000000110111100001
/home/garrett/coding/Ising_Model_Instances/data/4D/DRL/81/DRL_3_ID177.txt,0010001000100101111010100000011000101011101010010010010001111100011101111001011011
/home/garrett/coding/Ising_Model_Instances/data/4D/DRL/81/DRL_3_ID176.txt,0110100010001101101101011011111000001111110010011110001101001111110101111100100000
/home/garrett/coding/Ising_Model_Instances/data/4D/DRL/81/DRL_3_ID692.txt,0111010000010111001110100100001110100010011110110101110110101110010100000011001111
/home/garrett/coding/Ising_Model_Instances/data/4D/DRL/81/DRL_3_ID132.txt,0110011000011110100000000110111100110011010011011111010011001111110111100100001000
/home/garrett/coding/Ising_Model_Instances/data/4D/DRL/81/DRL_3_ID601.txt,0110111111100110110111000000100001101101101111101000111100000000001011010001000111
/home/garrett/coding/Ising_Model_Instances/data/4D/DRL/81/DRL_3_ID484.txt,0011000010110011011000111010011010111110011101100111000011111011001010011011010011
/home/garrett/coding/Ising_Model_Instances/data/4D/DRL/81/DRL_3_ID59.txt,0011011011100011000111000111111100001001101010010101001000001000011000100011111000
/home/garrett/coding/Ising_Model_Instances/data/4D/DRL/81/DRL_3_ID982.txt,0111001110001111000001111110010111011100110011000110111011011000011100010010111100
/home/garrett/coding/Ising_Model_Instances/data/4D/DRL/81/DRL_3_ID524.txt,0100100011010011000010010001011100000010111001111100111001000011010000100110011001
/home/garrett/coding/Ising_Model_Instances/data/4D/DRL/81/DRL_3_ID214.txt,0011011010100101101111101100001110010011111001011010010010001010110111000010111011
/home/garrett/coding/Ising_Model_Instances/data/4D/DRL/81/DRL_3_ID142.txt,0011101001100111011100000010010111000101110111011100110001000111010001011010100100
/home/garrett/coding/Ising_Model_Instances/data/4D/DRL/81/DRL_3_ID912.txt,0000100001110110111011110001010100100011110100100100100111011100011001010111101001
/home/garrett/coding/Ising_Model_Instances/data/4D/DRL/81/DRL_3_ID718.txt,0000000001110100010011000011010110101100110010011001111110100111111110101000110001
/home/garrett/coding/Ising_Model_Instances/data/4D/DRL/81/DRL_3_ID219.txt,0010000110101110111011101001110011101111010111000001000000111101011001001010010101
/home/garrett/coding/Ising_Model_Instances/data/4D/DRL/81/DRL_3_ID182.txt,0100101010001001111010100101110001011100110001111110011100100100101110011000101101
/home/garrett/coding/Ising_Model_Instances/data/4D/DRL/81/DRL_3_ID164.txt,0101001100010110001000101010111000000000100111000101000000111111011011011101011111
/home/garrett/coding/Ising_Model_Instances/data/4D/DRL/81/DRL_3_ID281.txt,0001101111110110100001000101010101111011110110000010100111110011110111110100100111
/home/garrett/coding/Ising_Model_Instances/data/4D/DRL/81/DRL_3_ID869.txt,0011111011011011011010001100010010111001111011010010111100101000111111111101101010
/home/garrett/coding/Ising_Model_Instances/data/4D/DRL/81/DRL_3_ID300.txt,0001111100110001000000101111111111010100111110011110001000001011110111001111000110
/home/garrett/coding/Ising_Model_Instances/data/4D/DRL/81/DRL_3_ID932.txt,0001110101000100101110001110101101100100011111101011000110011101010000010010110111
/home/garrett/coding/Ising_Model_Instances/data/4D/DRL/81/DRL_3_ID407.txt,0010010100011110111110110110111100100010110001011010011001111111110110001000101100
/home/garrett/coding/Ising_Model_Instances/data/4D/DRL/81/DRL_3_ID195.txt,0100000111011000011001010010000110010111000000001100101101111110110011011010010111
/home/garrett/coding/Ising_Model_Instances/data/4D/DRL/81/DRL_3_ID854.txt,0010101001010101101011111110010110110110010001000101000111010110000011110010110101
/home/garrett/coding/Ising_Model_Instances/data/4D/DRL/81/DRL_3_ID499.txt,0100010110001110101000100011111111100100010011001000110000110000001111111111010100
/home/garrett/coding/Ising_Model_Instances/data/4D/DRL/81/DRL_3_ID597.txt,0001110111110001101001011000110010000011111011100101101000101110011000010111011101
/home/garrett/coding/Ising_Model_Instances/data/4D/DRL/81/DRL_3_ID130.txt,0011001111010010000110111111011100001111101111111111111010101100000110010110101000
/home/garrett/coding/Ising_Model_Instances/data/4D/DRL/81/DRL_3_ID272.txt,0010010011011111100001110010001001100001100111101011000011111100010100110100111111
/home/garrett/coding/Ising_Model_Instances/data/4D/DRL/81/DRL_3_ID668.txt,0000011010010110011001011010101011000010100011000111001111111111001011110000100111
/home/garrett/coding/Ising_Model_Instances/data/4D/DRL/81/DRL_3_ID490.txt,0100010100010001110111110110111010101100101100111110001101100010010101011110010100
/home/garrett/coding/Ising_Model_Instances/data/4D/DRL/81/DRL_3_ID967.txt,0111001100010010011100011111100111101100110001010010100110100111000101000010100110
/home/garrett/coding/Ising_Model_Instances/data/4D/DRL/81/DRL_3_ID561.txt,0001011100000101101101110011000010001001011000100010110111010110110101000111011111
/home/garrett/coding/Ising_Model_Instances/data/4D/DRL/81/DRL_3_ID65.txt,0100100100111001010101100010100001010011110101010000001011110111100111110110100000
/home/garrett/coding/Ising_Model_Instances/data/4D/DRL/81/DRL_3_ID863.txt,0101111000010111001100100100000000100110110100110000101110001011010100111110100000
/home/garrett/coding/Ising_Model_Instances/data/4D/DRL/81/DRL_3_ID365.txt,0111011011110101101111000000100001000100101001000010110001101111111010110110001010
/home/garrett/coding/Ising_Model_Instances/data/4D/DRL/81/DRL_3_ID469.txt,0001011000001011100000011101100011010101100000110000010101011101101011101001101101
/home/garrett/coding/Ising_Model_Instances/data/4D/DRL/81/DRL_3_ID839.txt,0100111111001110111101101110001000010111011000011110011001111101001001100110000001
/home/garrett/coding/Ising_Model_Instances/data/4D/DRL/81/DRL_3_ID652.txt,0101011111100110001101001000110111011010010100100010110001100110000101001011000100
/home/garrett/coding/Ising_Model_Instances/data/4D/DRL/81/DRL_3_ID218.txt,0110100100111110111000010010100111100011001101001111111100101101001111110101010100
/home/garrett/coding/Ising_Model_Instances/data/4D/DRL/81/DRL_3_ID126.txt,0101010001000111000111001101011110010001111011010010011010011100100001101110000011
/home/garrett/coding/Ising_Model_Instances/data/4D/DRL/81/DRL_3_ID275.txt,0101111011111000000101110111000100000001011110101010011001111010110100011011011110
/home/garrett/coding/Ising_Model_Instances/data/4D/DRL/81/DRL_3_ID157.txt,0100111111101011100011100101101101101111100110101111001000000101011000111010000110
/home/garrett/coding/Ising_Model_Instances/data/4D/DRL/81/DRL_3_ID865.txt,0101001100000111111100001101000011010011110000110010111101011101001000110100110110
/home/garrett/coding/Ising_Model_Instances/data/4D/DRL/81/DRL_3_ID0.txt,0001110010011100011100100111001000001111101101111001010101110111001010110111111110
/home/garrett/coding/Ising_Model_Instances/data/4D/DRL/81/DRL_3_ID29.txt,0000111010100001110000000001010101010000011011100001011110001001111110001111011000
/home/garrett/coding/Ising_Model_Instances/data/4D/DRL/81/DRL_3_ID280.txt,0100110001100011011010011010001010110011110011000100001010000110111001001101001011
/home/garrett/coding/Ising_Model_Instances/data/4D/DRL/81/DRL_3_ID946.txt,0001111000101011011001011101000010100010010011000101110100000100100110010001110100
/home/garrett/coding/Ising_Model_Instances/data/4D/DRL/81/DRL_3_ID973.txt,0001101011101111001000111010010101111001011000001111111101100010000001100101100100
/home/garrett/coding/Ising_Model_Instances/data/4D/DRL/81/DRL_3_ID323.txt,0001001010001101111011100001010110011001010001101001010001100001000100010111000110
/home/garrett/coding/Ising_Model_Instances/data/4D/DRL/81/DRL_3_ID838.txt,0111101010100111110000010001000000001100001011010100001001101101011110010011100011
/home/garrett/coding/Ising_Model_Instances/data/4D/DRL/81/DRL_3_ID827.txt,0011101000111000001110111100001111110111111001010100100000100001000000111011001010
/home/garrett/coding/Ising_Model_Instances/data/4D/DRL/81/DRL_3_ID976.txt,0000100011101011100011111101110011101010000100011011001010110001010010001011001101
/home/garrett/coding/Ising_Model_Instances/data/4D/DRL/81/DRL_3_ID159.txt,0110101100110111010011001100110100111111111101001100110001001001001101011001000001
/home/garrett/coding/Ising_Model_Instances/data/4D/DRL/81/DRL_3_ID316.txt,0011110001001001110001100001111010110011100010011101111111010110110010110000000011
/home/garrett/coding/Ising_Model_Instances/data/4D/DRL/81/DRL_3_ID265.txt,0111000100100010011010111001110111000110101100010011001111110101000011011100110011
/home/garrett/coding/Ising_Model_Instances/data/4D/DRL/81/DRL_3_ID567.txt,0101000110111011001010110010011010011111111001111111010100000101011000111110000011
/home/garrett/coding/Ising_Model_Instances/data/4D/DRL/81/DRL_3_ID845.txt,0100011010000011011100100000110111101000000010001111000100110000001010001010100101
/home/garrett/coding/Ising_Model_Instances/data/4D/DRL/81/DRL_3_ID537.txt,0111001111110101110100011000100110111000111000100000110001001001101101011111111011
/home/garrett/coding/Ising_Model_Instances/data/4D/DRL/81/DRL_3_ID535.txt,0000100011001110111100010011000000111110000001000011111001001011100110110000001010
/home/garrett/coding/Ising_Model_Instances/data/4D/DRL/81/DRL_3_ID161.txt,0011100111000101101010101001110100011010110010101011110010000000101100100100111100
/home/garrett/coding/Ising_Model_Instances/data/4D/DRL/81/DRL_3_ID24.txt,0010101011000111011010001100000111101001100101101101000011111000001001000111001101
/home/garrett/coding/Ising_Model_Instances/data/4D/DRL/81/DRL_3_ID370.txt,0001010010101011111011001100100111011011100100110010100001110110100010000110110000
/home/garrett/coding/Ising_Model_Instances/data/4D/DRL/81/DRL_3_ID224.txt,0100100011001110100010110111110000111010111011100010111110001111111000100011010100
/home/garrett/coding/Ising_Model_Instances/data/4D/DRL/81/DRL_3_ID722.txt,0100101001101001000110000111011001100110000001110011011111010010101110100110111011
/home/garrett/coding/Ising_Model_Instances/data/4D/DRL/81/DRL_3_ID321.txt,0111101110001010010111110001010111101110010110011100010010000110000100110101001110
/home/garrett/coding/Ising_Model_Instances/data/4D/DRL/81/DRL_3_ID147.txt,0011100111011110111000011101000101111110011100100101100100110011000000110101011011
/home/garrett/coding/Ising_Model_Instances/data/4D/DRL/81/DRL_3_ID18.txt,0000100111000100010111111110000011110001100011001101100001110101001000110001000101
/home/garrett/coding/Ising_Model_Instances/data/4D/DRL/81/DRL_3_ID334.txt,0001100110101101111010111111001110010001110100110011110011000100111011110001101011
/home/garrett/coding/Ising_Model_Instances/data/4D/DRL/81/DRL_3_ID937.txt,0100001011011111101000010010011000111100001100000101010010101010101110000001000001
/home/garrett/coding/Ising_Model_Instances/data/4D/DRL/81/DRL_3_ID996.txt,0110110011010000110000001010101000001101011001010101010110011001110100100011111001
/home/garrett/coding/Ising_Model_Instances/data/4D/DRL/81/DRL_3_ID100.txt,0011110101100001100111010111000101111110110111111100101001100110100101101110101110
/home/garrett/coding/Ising_Model_Instances/data/4D/DRL/81/DRL_3_ID439.txt,0010001101010111100111000010011011101010010111100001111001101110010101101010111111
/home/garrett/coding/Ising_Model_Instances/data/4D/DRL/81/DRL_3_ID135.txt,0010011000100101101111000100000010110101011011010110101000010110011110100011111110
/home/garrett/coding/Ising_Model_Instances/data/4D/DRL/81/DRL_3_ID634.txt,0111011000100101110000011000010110001001001010111000001011111011111110101101110101
/home/garrett/coding/Ising_Model_Instances/data/4D/DRL/81/DRL_3_ID560.txt,0111011010011110001011111011101001100000101110100010000010101011101110111010011110
/home/garrett/coding/Ising_Model_Instances/data/4D/DRL/81/DRL_3_ID923.txt,0011000010101001000010100111110001010110011010101001111001011100000000011110011110
/home/garrett/coding/Ising_Model_Instances/data/4D/DRL/81/DRL_3_ID234.txt,0101111101110111111101000111011100011011110010011010111000001001101100110110011000
/home/garrett/coding/Ising_Model_Instances/data/4D/DRL/81/DRL_3_ID660.txt,0000001011110101001000100000111011111011101010100111100111100101011101011101010010
/home/garrett/coding/Ising_Model_Instances/data/4D/DRL/81/DRL_3_ID215.txt,0111000011111111001101000101101001101010101011010110011111100110110100010110010000
/home/garrett/coding/Ising_Model_Instances/data/4D/DRL/81/DRL_3_ID70.txt,0110011111000110110000110111001000101001100000000000001111110101100001001100101110
/home/garrett/coding/Ising_Model_Instances/data/4D/DRL/81/DRL_3_ID312.txt,0111000000110101011001000101001000110011010011000001010111101010110101000110101001
/home/garrett/coding/Ising_Model_Instances/data/4D/DRL/81/DRL_3_ID260.txt,0110110101001000000000110110001100110101100101010011100011111011110000110110100000
/home/garrett/coding/Ising_Model_Instances/data/4D/DRL/81/DRL_3_ID361.txt,0110101111000011010011010110011011110110011110110110010110001011110010111010110011
/home/garrett/coding/Ising_Model_Instances/data/4D/DRL/81/DRL_3_ID799.txt,0000111100110011111001010111101000000111011100000011101110010000011110110001101011
/home/garrett/coding/Ising_Model_Instances/data/4D/DRL/81/DRL_3_ID15.txt,0000100011110111010110011011100101101111010110110011010000001000101010101110001110
/home/garrett/coding/Ising_Model_Instances/data/4D/DRL/81/DRL_3_ID589.txt,0000001101011010110111100000011101111001001001001100010001110100000000001101001111
/home/garrett/coding/Ising_Model_Instances/data/4D/DRL/81/DRL_3_ID386.txt,0001110011111010110001000001010011010001010110110100010111011011000101000110101001
/home/garrett/coding/Ising_Model_Instances/data/4D/DRL/81/DRL_3_ID990.txt,0111011111110111010100011110101100100001010000010011000100101100101100011001111000
/home/garrett/coding/Ising_Model_Instances/data/4D/DRL/81/DRL_3_ID448.txt,0000000000100011100010111011010100011111011101101101000000010111011100001001011010
/home/garrett/coding/Ising_Model_Instances/data/4D/DRL/81/DRL_3_ID873.txt,0111100111001101111000000100010011100101000010010001111001111101101110111110000000
/home/garrett/coding/Ising_Model_Instances/data/4D/DRL/81/DRL_3_ID579.txt,0000000101010000000110001011001110100011010010001000100111001101010000100011001111
/home/garrett/coding/Ising_Model_Instances/data/4D/DRL/81/DRL_3_ID621.txt,0010000101101101010011110110000010000001110111011011101011010101101100110111011010
/home/garrett/coding/Ising_Model_Instances/data/4D/DRL/81/DRL_3_ID450.txt,0000010000011100101101011000101001010101001100000110110100000011110010110100000100
/home/garrett/coding/Ising_Model_Instances/data/4D/DRL/81/DRL_3_ID624.txt,0001100111101011011011000001001100100010001011000110101001101010001101110000110011
/home/garrett/coding/Ising_Model_Instances/data/4D/DRL/81/DRL_3_ID172.txt,0011110011111010101001111101010110111010111011010001110101000101011101000101101001
/home/garrett/coding/Ising_Model_Instances/data/4D/DRL/81/DRL_3_ID672.txt,0111110011101000101011001011110110100010010011000111001010100111000000000010010010
/home/garrett/coding/Ising_Model_Instances/data/4D/DRL/81/DRL_3_ID693.txt,0101011011101001101100101110100101011101101011111111100100010110101110001100111011
/home/garrett/coding/Ising_Model_Instances/data/4D/DRL/81/DRL_3_ID443.txt,0010001110111001001010111001110110011001001111111000100011111000010100000011011101
/home/garrett/coding/Ising_Model_Instances/data/4D/DRL/81/DRL_3_ID782.txt,0111111011111110010110111100011011110100111001110111110001000100011001001100000011
/home/garrett/coding/Ising_Model_Instances/data/4D/DRL/81/DRL_3_ID266.txt,0101001111110001011010100101101110100100000011011001000011000111111111111011011110
/home/garrett/coding/Ising_Model_Instances/data/4D/DRL/81/DRL_3_ID891.txt,0000101110101010100110010011010001101010011111100100101001001000000001011111001100
/home/garrett/coding/Ising_Model_Instances/data/4D/DRL/81/DRL_3_ID984.txt,0000011010100100100100111111011111011111001011001000111010011101100011110011000110
/home/garrett/coding/Ising_Model_Instances/data/4D/DRL/81/DRL_3_ID394.txt,0101100111011000111001100010100001110001001100101011000110000011011011110111101001
/home/garrett/coding/Ising_Model_Instances/data/4D/DRL/81/DRL_3_ID263.txt,0111010110011010001101111110000100110101010011100110011011101100010100000000110001
/home/garrett/coding/Ising_Model_Instances/data/4D/DRL/81/DRL_3_ID626.txt,0101110011111011011110111110111110110111111001000010110001111101000001100101001001
/home/garrett/coding/Ising_Model_Instances/data/4D/DRL/81/DRL_3_ID842.txt,0101010111101111010001110110111111000110011111111011011100001101011011011110001011
/home/garrett/coding/Ising_Model_Instances/data/4D/DRL/81/DRL_3_ID664.txt,0111001101010011010011010011010101010111101110001011110110000001101111011011100010
/home/garrett/coding/Ising_Model_Instances/data/4D/DRL/81/DRL_3_ID617.txt,0110011001101110110110000001001111101100010111101111010110100000010111100111010101
/home/garrett/coding/Ising_Model_Instances/data/4D/DRL/81/DRL_3_ID687.txt,0011001101100111100001110001111101011100101000111110011111110011101110001111111010
/home/garrett/coding/Ising_Model_Instances/data/4D/DRL/81/DRL_3_ID860.txt,0111010100101010111011101000110001001100011001110011011011100001001000000001001011
/home/garrett/coding/Ising_Model_Instances/data/4D/DRL/81/DRL_3_ID619.txt,0001100001011000011000101110100001000000111100111000111101101010100101010011010110
/home/garrett/coding/Ising_Model_Instances/data/4D/DRL/81/DRL_3_ID82.txt,0101011011110100111000000011001100010001000101010101000011000111001001111011001000
/home/garrett/coding/Ising_Model_Instances/data/4D/DRL/81/DRL_3_ID90.txt,0001011100101110100010010100000110000010110101101100110101010011011001001101011010
/home/garrett/coding/Ising_Model_Instances/data/4D/DRL/81/DRL_3_ID570.txt,0011001011101111101100100100111110100100011110111100101001010001110001010010011111
/home/garrett/coding/Ising_Model_Instances/data/4D/DRL/81/DRL_3_ID239.txt,0110001011110111100100011000000111010101000110011010011010110101110110110001000100
/home/garrett/coding/Ising_Model_Instances/data/4D/DRL/81/DRL_3_ID640.txt,0100011000001110110011011100110111010101111000111110000100111101010001111011110000
/home/garrett/coding/Ising_Model_Instances/data/4D/DRL/81/DRL_3_ID73.txt,0100100111011000011111010001011000001110110000011001111100001101111010100101111011
/home/garrett/coding/Ising_Model_Instances/data/4D/DRL/81/DRL_3_ID267.txt,0100011001010001001001011001001000000110111000001010101011100111111001000110111111
/home/garrett/coding/Ising_Model_Instances/data/4D/DRL/81/DRL_3_ID427.txt,0101111101010001001001111000111000111001001101010001011110110000011110100011101111
/home/garrett/coding/Ising_Model_Instances/data/4D/DRL/81/DRL_3_ID568.txt,0100101011001001100011100001001011000001011001111011010000110110011110101101000110
/home/garrett/coding/Ising_Model_Instances/data/4D/DRL/81/DRL_3_ID276.txt,0001010001100010100010111101110000011110110101100101110001011101011101001111001101
/home/garrett/coding/Ising_Model_Instances/data/4D/DRL/81/DRL_3_ID553.txt,0110010010101001011001011010111101010000100111110000001011101001100001011111011010
/home/garrett/coding/Ising_Model_Instances/data/4D/DRL/81/DRL_3_ID730.txt,0101101110101110101111011001101111010110001110110100101101111000011000000101000111
/home/garrett/coding/Ising_Model_Instances/data/4D/DRL/81/DRL_3_ID375.txt,0111100010001101000001000011011000011000000011111111010100000000101101010010000111
/home/garrett/coding/Ising_Model_Instances/data/4D/DRL/81/DRL_3_ID816.txt,0101100100111000001100001110101011000011111110001010111001011101010010001000101001
/home/garrett/coding/Ising_Model_Instances/data/4D/DRL/81/DRL_3_ID831.txt,0001111110110111110001011101110011100000101010101100011010100111001011001010000111
/home/garrett/coding/Ising_Model_Instances/data/4D/DRL/81/DRL_3_ID9.txt,0011111010001100111011111000111010001001001011001010000000011111001001100111110011
/home/garrett/coding/Ising_Model_Instances/data/4D/DRL/81/DRL_3_ID638.txt,0000100001100111011010110101001111101111110101110001010010011100100100110010001100
/home/garrett/coding/Ising_Model_Instances/data/4D/DRL/81/DRL_3_ID487.txt,0101100001110111110011111111010001000110111010010110111011010011111010000011100001
/home/garrett/coding/Ising_Model_Instances/data/4D/DRL/81/DRL_3_ID301.txt,0111111101001000001100101111001101110000101110101110010010101001100000101110011101
/home/garrett/coding/Ising_Model_Instances/data/4D/DRL/81/DRL_3_ID609.txt,0001000010111111001101110000001000010111001111011101101000110010001101101101010110
/home/garrett/coding/Ising_Model_Instances/data/4D/DRL/81/DRL_3_ID536.txt,0111010010001010001001101010101110101110000011110000000001110000111001101100001101
/home/garrett/coding/Ising_Model_Instances/data/4D/DRL/81/DRL_3_ID406.txt,0111011000001011001011010000111101110011001101000110101101000010001000110111101010
/home/garrett/coding/Ising_Model_Instances/data/4D/DRL/81/DRL_3_ID322.txt,0001001111010100110001011001100010110010010110100011111011111000000101011100100101
/home/garrett/coding/Ising_Model_Instances/data/4D/DRL/81/DRL_3_ID971.txt,0100010001100011110110010111011101010011111001101110101010111001101111000100101100
/home/garrett/coding/Ising_Model_Instances/data/4D/DRL/81/DRL_3_ID293.txt,0111100000101011011000000100001110010111010001110100011111001110101101110001100100
/home/garrett/coding/Ising_Model_Instances/data/4D/DRL/81/DRL_3_ID751.txt,0010001010000000001111101001101101111110010111110101110011001011110100011100100101
/home/garrett/coding/Ising_Model_Instances/data/4D/DRL/81/DRL_3_ID415.txt,0111000010101101010011101111101110100011101000111010100110010110011100001010010101
/home/garrett/coding/Ising_Model_Instances/data/4D/DRL/81/DRL_3_ID93.txt,0100110001100010100101111011101110110001011001111111001111110001111110100111101101
/home/garrett/coding/Ising_Model_Instances/data/4D/DRL/81/DRL_3_ID522.txt,0100101101101000010000011010001111110101000011100010010001001110001010001001110111
/home/garrett/coding/Ising_Model_Instances/data/4D/DRL/81/DRL_3_ID336.txt,0101011101101011010000001111000101010101100001001111100000000100010011110001000011
/home/garrett/coding/Ising_Model_Instances/data/4D/DRL/81/DRL_3_ID435.txt,0011111000111011100101011111011110111110110011010111101101001001111101011111001011
/home/garrett/coding/Ising_Model_Instances/data/4D/DRL/81/DRL_3_ID345.txt,0101101011101011100110101000000001110001011010101100010010100000111001011010111010
/home/garrett/coding/Ising_Model_Instances/data/4D/DRL/81/DRL_3_ID510.txt,0010110110110010000110010101111100101000100111001010001000011101000010000000100010
/home/garrett/coding/Ising_Model_Instances/data/4D/DRL/81/DRL_3_ID953.txt,0010111000100000111111000100100110111100000000101000110101010011010000111110001011
/home/garrett/coding/Ising_Model_Instances/data/4D/DRL/81/DRL_3_ID743.txt,0011101100010111011001001011111000101111110111001111100100110001001011100101010101
/home/garrett/coding/Ising_Model_Instances/data/4D/DRL/81/DRL_3_ID780.txt,0000101110011110011000111111100011011001101111111010010100001011101111000111001111
/home/garrett/coding/Ising_Model_Instances/data/4D/DRL/81/DRL_3_ID903.txt,0011000000010100111010001111000110010000101011100000111001111110010101000011010110
/home/garrett/coding/Ising_Model_Instances/data/4D/DRL/81/DRL_3_ID333.txt,0111111001110110100010011110000111100000101110111011010000101000100101101011111111
/home/garrett/coding/Ising_Model_Instances/data/4D/DRL/81/DRL_3_ID868.txt,0001000011101100000000110101010101010101110111001111111011100010110011110000000101
/home/garrett/coding/Ising_Model_Instances/data/4D/DRL/81/DRL_3_ID94.txt,0000101000101100111100000111010101011000110100010011110111101001010011010010010101
/home/garrett/coding/Ising_Model_Instances/data/4D/DRL/81/DRL_3_ID519.txt,0000001010011110101011001100000101101011100111100000111100110010101011001010011111
/home/garrett/coding/Ising_Model_Instances/data/4D/DRL/81/DRL_3_ID455.txt,0001000100001010010010001001000110111110111000000000001001011100001110000110010111
/home/garrett/coding/Ising_Model_Instances/data/4D/DRL/81/DRL_3_ID643.txt,0001111100110101110011001011111001110001011100001100010101111011011001001000011011
/home/garrett/coding/Ising_Model_Instances/data/4D/DRL/81/DRL_3_ID829.txt,0001110101111000011111011111000001110100111110101000010010000100100010101010000001
/home/garrett/coding/Ising_Model_Instances/data/4D/DRL/81/DRL_3_ID916.txt,0101010110000111101001110111100000010000011001101110010001000101000110100111000011
/home/garrett/coding/Ising_Model_Instances/data/4D/DRL/81/DRL_3_ID858.txt,0011100101100011111110111110000100111111110011101000110011100010111100111001010110
/home/garrett/coding/Ising_Model_Instances/data/4D/DRL/81/DRL_3_ID283.txt,0100010010100111111111010000001000001000000010100000111010100000001101111111011001
/home/garrett/coding/Ising_Model_Instances/data/4D/DRL/81/DRL_3_ID19.txt,0101001011101100011000010100101101101011001011110111111011100101001101101100000010
/home/garrett/coding/Ising_Model_Instances/data/4D/DRL/81/DRL_3_ID915.txt,0101100010110011111100010110101100010110111111001001101101011011000000110101010111
/home/garrett/coding/Ising_Model_Instances/data/4D/DRL/81/DRL_3_ID955.txt,0000111101011111110100010110100111111000100110101100001110011001110111001110110101
/home/garrett/coding/Ising_Model_Instances/data/4D/DRL/81/DRL_3_ID830.txt,0101100110100100111010000011010101111010101100111001010011100010100110000000110000
/home/garrett/coding/Ising_Model_Instances/data/4D/DRL/81/DRL_3_ID58.txt,0000111100111000111101110001101010010101010001100001010111100011110101100111100010
/home/garrett/coding/Ising_Model_Instances/data/4D/DRL/81/DRL_3_ID4.txt,0110011100101001110111010001111011110000000010111111111111111101110001110111110110
/home/garrett/coding/Ising_Model_Instances/data/4D/DRL/81/DRL_3_ID89.txt,0000000100011110000010100001000001001100001000101010111011110110011111100010111110
/home/garrett/coding/Ising_Model_Instances/data/4D/DRL/81/DRL_3_ID690.txt,0010110100011001011000110011001011001110111000000001011010110111011110000100111110
/home/garrett/coding/Ising_Model_Instances/data/4D/DRL/81/DRL_3_ID686.txt,0011100010110010101100010111010101000101000011101000000000011000001000010101010000
/home/garrett/coding/Ising_Model_Instances/data/4D/DRL/81/DRL_3_ID533.txt,0101111111000101000010101111101011101111110000000110000110001101000011111110000010
/home/garrett/coding/Ising_Model_Instances/data/4D/DRL/81/DRL_3_ID964.txt,0000101110000011011110111101111111110110100100011011110101110010100110010101100001
/home/garrett/coding/Ising_Model_Instances/data/4D/DRL/81/DRL_3_ID33.txt,0100010101000111011111011001111000110001001101100110110010001101100000111101000001
/home/garrett/coding/Ising_Model_Instances/data/4D/DRL/81/DRL_3_ID350.txt,0110001001101110010111100111101111000101010001101111101001100111110101000111000111
/home/garrett/coding/Ising_Model_Instances/data/4D/DRL/81/DRL_3_ID925.txt,0110001000001010001110010110101101110001101010010101100000101100100101100011001010
/home/garrett/coding/Ising_Model_Instances/data/4D/DRL/81/DRL_3_ID454.txt,0010101101110000101011010110110100100110110001101000011011001011110101110010011010
/home/garrett/coding/Ising_Model_Instances/data/4D/DRL/81/DRL_3_ID917.txt,0010011000010101011001001001010001100101010101010100101110100001101111010100001101
/home/garrett/coding/Ising_Model_Instances/data/4D/DRL/81/DRL_3_ID84.txt,0011001011001011011111011011000111110010111000101011100101011111111111000010111011
/home/garrett/coding/Ising_Model_Instances/data/4D/DRL/81/DRL_3_ID623.txt,0001010101010000011011111111011011010111010010011000010111001100111111001101110000
/home/garrett/coding/Ising_Model_Instances/data/4D/DRL/81/DRL_3_ID924.txt,0111010111001111011000111010111101000001011001111000000000010110101110011010100010
/home/garrett/coding/Ising_Model_Instances/data/4D/DRL/81/DRL_3_ID373.txt,0111101010110101001001011010010110110101001001001010010011001111100111111111110010
/home/garrett/coding/Ising_Model_Instances/data/4D/DRL/81/DRL_3_ID399.txt,0101110101001110100100100101000001000111000111100100010011101000001010111111000111
/home/garrett/coding/Ising_Model_Instances/data/4D/DRL/81/DRL_3_ID362.txt,0100101100101101001010100101101010111110100001100101001011000001101101111001110011
/home/garrett/coding/Ising_Model_Instances/data/4D/DRL/81/DRL_3_ID317.txt,0011011010110111010100010001011000010001100011011110100011110101101100100010111100
/home/garrett/coding/Ising_Model_Instances/data/4D/DRL/81/DRL_3_ID600.txt,0101010110111011000001010100101111101010001100111101011001010000010010111111001110
/home/garrett/coding/Ising_Model_Instances/data/4D/DRL/81/DRL_3_ID710.txt,0011001101011001100101010001101001111101111101101011101011011011100010011111011101
/home/garrett/coding/Ising_Model_Instances/data/4D/DRL/81/DRL_3_ID31.txt,0001010100010001101001001000011010000001100110111001010011011100000001100000101000
/home/garrett/coding/Ising_Model_Instances/data/4D/DRL/81/DRL_3_ID948.txt,0110111001110100011110100111111101110101101101100010100111010011011100001000000101
/home/garrett/coding/Ising_Model_Instances/data/4D/DRL/81/DRL_3_ID758.txt,0110100011111111111011111010101100111011011001010110101010010111111101111100100110
/home/garrett/coding/Ising_Model_Instances/data/4D/DRL/81/DRL_3_ID285.txt,0111110000010010100101001001000100010000010110110000000011101111111111010111010000
/home/garrett/coding/Ising_Model_Instances/data/4D/DRL/81/DRL_3_ID151.txt,0101011010000001011010011011001011000110101100011111001001110100010101100011110110
/home/garrett/coding/Ising_Model_Instances/data/4D/DRL/81/DRL_3_ID945.txt,0101011111011000101000101001010001011001001100101100000100110010011001011101000010
/home/garrett/coding/Ising_Model_Instances/data/4D/DRL/81/DRL_3_ID20.txt,0000111110110110110010100011110101111010001110010010110101100001000101111100010100
/home/garrett/coding/Ising_Model_Instances/data/4D/DRL/81/DRL_3_ID926.txt,0101001000111010101011001111111011010101000111001000110011100100010100010100101000
/home/garrett/coding/Ising_Model_Instances/data/4D/DRL/81/DRL_3_ID930.txt,0001010111000110110001101000001110001010110001010101100000000011011010110010101011
/home/garrett/coding/Ising_Model_Instances/data/4D/DRL/81/DRL_3_ID875.txt,0011101000111011001011001101001101111011011100100010010000000011001110011110001111
/home/garrett/coding/Ising_Model_Instances/data/4D/DRL/81/DRL_3_ID174.txt,0101011100111111111011111111110010100111100001111111111110010100101010010001000010
/home/garrett/coding/Ising_Model_Instances/data/4D/DRL/81/DRL_3_ID991.txt,0100000000100101001001011101110001100110010110001101011010111101110110010010011000
/home/garrett/coding/Ising_Model_Instances/data/4D/DRL/81/DRL_3_ID841.txt,0100011111011101001000101101001000110011110100110010110111100110100001111110101111
/home/garrett/coding/Ising_Model_Instances/data/4D/DRL/81/DRL_3_ID740.txt,0100000000111010110011010010110100100001010111100110011111111101000011011110111001
/home/garrett/coding/Ising_Model_Instances/data/4D/DRL/81/DRL_3_ID559.txt,0100111110100110001101010111010001110100010101111011110100010011101010101110001011
/home/garrett/coding/Ising_Model_Instances/data/4D/DRL/81/DRL_3_ID360.txt,0111010010100111110010101101001111111100111111010110101010110101000011001111011100
/home/garrett/coding/Ising_Model_Instances/data/4D/DRL/81/DRL_3_ID697.txt,0101100111110111111110010010011011011101011110001010001110001001111101010000111000
/home/garrett/coding/Ising_Model_Instances/data/4D/DRL/81/DRL_3_ID708.txt,0100111101111100000011010111110101101111010000111111100101110100011000100010010011
/home/garrett/coding/Ising_Model_Instances/data/4D/DRL/81/DRL_3_ID735.txt,0010000100010111000101011101100100111011011010100111010010010010100001111101010110
/home/garrett/coding/Ising_Model_Instances/data/4D/DRL/81/DRL_3_ID800.txt,0001100010110000001001011111110100010011011011011010000111010100011000111010110111
/home/garrett/coding/Ising_Model_Instances/data/4D/DRL/81/DRL_3_ID944.txt,0001010111110110010001100000100111111011000101011011101100000011010100101000101011
/home/garrett/coding/Ising_Model_Instances/data/4D/DRL/81/DRL_3_ID959.txt,0111111001000100101000101111001111101001011011001100100100010111010110011010010100
/home/garrett/coding/Ising_Model_Instances/data/4D/DRL/81/DRL_3_ID442.txt,0100011001111001010101001101111001011110101010000110011000101101010010000000100000
/home/garrett/coding/Ising_Model_Instances/data/4D/DRL/81/DRL_3_ID74.txt,0011001011010001100101001100011101101110000011001100110110000010110101000101000010
/home/garrett/coding/Ising_Model_Instances/data/4D/DRL/81/DRL_3_ID3.txt,0100010100001110110110010100010011110000111101010101110001001011101110011110100101
/home/garrett/coding/Ising_Model_Instances/data/4D/DRL/81/DRL_3_ID602.txt,0001011100001110001011011110101010100101110101000011101001111111100100011111000000
/home/garrett/coding/Ising_Model_Instances/data/4D/DRL/81/DRL_3_ID775.txt,0001100010101100010001101110111000100100100100010001011001111000101010011110000111
/home/garrett/coding/Ising_Model_Instances/data/4D/DRL/81/DRL_3_ID237.txt,0011000011011011100111110000101000111110110001011000010010111111100100110011100100
/home/garrett/coding/Ising_Model_Instances/data/4D/DRL/81/DRL_3_ID752.txt,0110100101010100101011000000011110011011100011011011100100111000110010111011010000
/home/garrett/coding/Ising_Model_Instances/data/4D/DRL/81/DRL_3_ID359.txt,0011101100100110000010011011101110000101101101010100111001101010100101111001000101
/home/garrett/coding/Ising_Model_Instances/data/4D/DRL/81/DRL_3_ID671.txt,0001101111100101001001101011001001000111101100110101001010000001101001101100110110
/home/garrett/coding/Ising_Model_Instances/data/4D/DRL/81/DRL_3_ID737.txt,0111001010000010010110101011101010000100110001000001111111000111011010001000001101
/home/garrett/coding/Ising_Model_Instances/data/4D/DRL/81/DRL_3_ID493.txt,0101110101010100001110011100111010110001010111100101001010011010011000101000110100
/home/garrett/coding/Ising_Model_Instances/data/4D/DRL/81/DRL_3_ID378.txt,0001001011100110110001110100010100111110001011111001001000110000111100010011010001
/home/garrett/coding/Ising_Model_Instances/data/4D/DRL/81/DRL_3_ID453.txt,0111111100001110110011110100101101001110110111010010111001001110011111010001011000
/home/garrett/coding/Ising_Model_Instances/data/4D/DRL/81/DRL_3_ID861.txt,0010001110111110100100000110010110011111000100101011000001000010001000110001111011
/home/garrett/coding/Ising_Model_Instances/data/4D/DRL/81/DRL_3_ID246.txt,0011101011110000101111000011001101111001010101000101101011101100111001101001100100
/home/garrett/coding/Ising_Model_Instances/data/4D/DRL/81/DRL_3_ID379.txt,0001011110100011010001111111111111110011111100001111100000010111111010001100100101
/home/garrett/coding/Ising_Model_Instances/data/4D/DRL/81/DRL_3_ID847.txt,0111110011001010111111110001101010111111111001000110110001010110000011101010001101
/home/garrett/coding/Ising_Model_Instances/data/4D/DRL/81/DRL_3_ID817.txt,0010010001110000011011110101010111001111001001000101100110111011100001011011111111
/home/garrett/coding/Ising_Model_Instances/data/4D/DRL/81/DRL_3_ID247.txt,0001101010001110000101110011000010110011011111110000001110111000111010011101101000
/home/garrett/coding/Ising_Model_Instances/data/4D/DRL/81/DRL_3_ID242.txt,0110000011001001101000100111101111011011100010100011101001100001000101111101010010
/home/garrett/coding/Ising_Model_Instances/data/4D/DRL/81/DRL_3_ID957.txt,0011100000101100011110001000000110010101010110001100000011100100111101001101100000
/home/garrett/coding/Ising_Model_Instances/data/4D/DRL/81/DRL_3_ID726.txt,0011110101000011100000010000011000111100010001111010100110011001101011101000100101
/home/garrett/coding/Ising_Model_Instances/data/4D/DRL/81/DRL_3_ID699.txt,0111011101100100111000100110011111100101111010001101110101011100101000001000000010
/home/garrett/coding/Ising_Model_Instances/data/4D/DRL/81/DRL_3_ID169.txt,0000010101111001111010011100001000100100111100010110111101010111011110111010110001
/home/garrett/coding/Ising_Model_Instances/data/4D/DRL/81/DRL_3_ID274.txt,0001010100000011101000010101110110100100101110101000100001010010101000001101010011
/home/garrett/coding/Ising_Model_Instances/data/4D/DRL/81/DRL_3_ID837.txt,0110011011101000110000001111100010000111111101111010100100110101001100111000101001
/home/garrett/coding/Ising_Model_Instances/data/4D/DRL/81/DRL_3_ID429.txt,0000111001111111100110001101001010010101110010011110111100011011110100001110010011
/home/garrett/coding/Ising_Model_Instances/data/4D/DRL/81/DRL_3_ID129.txt,0110110001011110110111011001110100000101010110111010001011101000101010011000111001
/home/garrett/coding/Ising_Model_Instances/data/4D/DRL/81/DRL_3_ID340.txt,0000101001011111101101000101000000001011101011100100111111001010011101010100000111
/home/garrett/coding/Ising_Model_Instances/data/4D/DRL/81/DRL_3_ID586.txt,0011000101100100101001101101011001100001010011100100110110101111110001000110111110
/home/garrett/coding/Ising_Model_Instances/data/4D/DRL/81/DRL_3_ID908.txt,0110000010000010101110111110110001111111000111100011101010001110001011110001001010
/home/garrett/coding/Ising_Model_Instances/data/4D/DRL/81/DRL_3_ID783.txt,0101110101010110000011111010100010111101011110100101100011111001101100011001011101
/home/garrett/coding/Ising_Model_Instances/data/4D/DRL/81/DRL_3_ID133.txt,0001010110100100010111110101100001100011101111001011011100100011001000110111110000
/home/garrett/coding/Ising_Model_Instances/data/4D/DRL/81/DRL_3_ID193.txt,0000101100111100011110111001001100000110000100011001001001010000100101001101010100
/home/garrett/coding/Ising_Model_Instances/data/4D/DRL/81/DRL_3_ID788.txt,0001001001110110001110110110011111111010010011000001100000100000001110100010011100
/home/garrett/coding/Ising_Model_Instances/data/4D/DRL/81/DRL_3_ID396.txt,0100010011101011101001111010101111010000101001110111000111101101100000111100011110
/home/garrett/coding/Ising_Model_Instances/data/4D/DRL/81/DRL_3_ID715.txt,0110011010101111100001010000101101001110010101101001110111111101010000000101100000
/home/garrett/coding/Ising_Model_Instances/data/4D/DRL/81/DRL_3_ID512.txt,0011000000010011001100000111010101000010000101100011000010111000100101110000000001
/home/garrett/coding/Ising_Model_Instances/data/4D/DRL/81/DRL_3_ID548.txt,0111111100010110011010000010101000011010101101110101001110010100110001011001011110
/home/garrett/coding/Ising_Model_Instances/data/4D/DRL/81/DRL_3_ID292.txt,0001111011110000010001010111011110101011011100010001100101111110001011110111011111
/home/garrett/coding/Ising_Model_Instances/data/4D/DRL/81/DRL_3_ID808.txt,0010110011010010111111000000100001100101101000100110110000101101000011001100111000
/home/garrett/coding/Ising_Model_Instances/data/4D/DRL/81/DRL_3_ID209.txt,0010100011111101101010011001000110110001010100011101110001100110101000111000100010
/home/garrett/coding/Ising_Model_Instances/data/4D/DRL/81/DRL_3_ID131.txt,0000001101000110010101101000011101100001101000111001111101001010011111111111100100
/home/garrett/coding/Ising_Model_Instances/data/4D/DRL/81/DRL_3_ID632.txt,0011111101010010000000011111010000110011101111110101001010010011100011011100100001
/home/garrett/coding/Ising_Model_Instances/data/4D/DRL/81/DRL_3_ID615.txt,0110101110010110110001101110100111010100001010001100110111010000011110101000100001
/home/garrett/coding/Ising_Model_Instances/data/4D/DRL/81/DRL_3_ID887.txt,0110110001101111100101111010110010100010110011011010011000110000010111101110111011
/home/garrett/coding/Ising_Model_Instances/data/4D/DRL/81/DRL_3_ID571.txt,0010000110011111111100101001100011111110010100001001010011101111101101110101111110
/home/garrett/coding/Ising_Model_Instances/data/4D/DRL/81/DRL_3_ID423.txt,0010010101000101101011110010011010011001101100110101001110100001100110111011000001
/home/garrett/coding/Ising_Model_Instances/data/4D/DRL/81/DRL_3_ID22.txt,0111100010100111000001110111010111011001100000000100111111101011110010111101101000
/home/garrett/coding/Ising_Model_Instances/data/4D/DRL/81/DRL_3_ID513.txt,0101111011110111010011010011111000101110010100100110100100100110101110110010010111
/home/garrett/coding/Ising_Model_Instances/data/4D/DRL/81/DRL_3_ID569.txt,0100111010001111010101001011001010110000100001001010111001010011001111111101100011
/home/garrett/coding/Ising_Model_Instances/data/4D/DRL/81/DRL_3_ID441.txt,0101001010001111110000000001000101001111110111000001100001111111101000001000001110
/home/garrett/coding/Ising_Model_Instances/data/4D/DRL/81/DRL_3_ID41.txt,0101011100001010100101000000011100101110000110111001100000101011100001010110111110
/home/garrett/coding/Ising_Model_Instances/data/4D/DRL/81/DRL_3_ID551.txt,0011011110010000000010111101000100010000100100111101000000011100001001110110000011
/home/garrett/coding/Ising_Model_Instances/data/4D/DRL/81/DRL_3_ID795.txt,0110111101101011001111111100000001110011110101011100111000001110000111010110000011
/home/garrett/coding/Ising_Model_Instances/data/4D/DRL/81/DRL_3_ID329.txt,0101001110000110111101111101010110100111001101000001100010101101111001010100100011
/home/garrett/coding/Ising_Model_Instances/data/4D/DRL/81/DRL_3_ID999.txt,0011001010101100000001101011101011011101100011010111101001010101100000011000000110
/home/garrett/coding/Ising_Model_Instances/data/4D/DRL/81/DRL_3_ID445.txt,0000101110100101110010011110100110000000101111000000100111000101000010101101110001
/home/garrett/coding/Ising_Model_Instances/data/4D/DRL/81/DRL_3_ID40.txt,0001000010110110000110001100110001100111001000000010101101111100011111101111110001
/home/garrett/coding/Ising_Model_Instances/data/4D/DRL/81/DRL_3_ID556.txt,0000010001111111110111010011000010000000000100011101100010001001101111001110101011
/home/garrett/coding/Ising_Model_Instances/data/4D/DRL/81/DRL_3_ID906.txt,0110101000111011001100010111000001100111011011001010110000110001111001101010110011
/home/garrett/coding/Ising_Model_Instances/data/4D/DRL/81/DRL_3_ID145.txt,0110000110100001000010101100110110000100001100111011011101000000100011101001111001
/home/garrett/coding/Ising_Model_Instances/data/4D/DRL/81/DRL_3_ID931.txt,0011100100000000000000000001111001100010111000110000010011100110011010111010110100
/home/garrett/coding/Ising_Model_Instances/data/4D/DRL/81/DRL_3_ID673.txt,0101100101011101101101101110001100100000100011011001111010110110000100010000111100
/home/garrett/coding/Ising_Model_Instances/data/4D/DRL/81/DRL_3_ID23.txt,0001010110000001111000111111110010110100110101101100000101011100111011100001010001
/home/garrett/coding/Ising_Model_Instances/data/4D/DRL/81/DRL_3_ID809.txt,0000010111010001101011011011001010000111111001000001001001010010111010111101010011
/home/garrett/coding/Ising_Model_Instances/data/4D/DRL/81/DRL_3_ID834.txt,0110111010101011011110001111011111001100001011010101010001011111000001011101110101
/home/garrett/coding/Ising_Model_Instances/data/4D/DRL/81/DRL_3_ID473.txt,0010110001010111111001011111001100110111001000101010100011011001110011011011110111
/home/garrett/coding/Ising_Model_Instances/data/4D/DRL/81/DRL_3_ID826.txt,0111110011111101100000011100010100011000000111101101111111100110001011111001100010
/home/garrett/coding/Ising_Model_Instances/data/4D/DRL/81/DRL_3_ID958.txt,0111101010010010011010101110110101101110011111100110111001101111101110101100001101
/home/garrett/coding/Ising_Model_Instances/data/4D/DRL/81/DRL_3_ID206.txt,0100111010001010111101101110111111000011011010110111110110000100111101011001010100
/home/garrett/coding/Ising_Model_Instances/data/4D/DRL/81/DRL_3_ID307.txt,0010011110001111000100110101110111011000101100110111011011011101101111110011001000
/home/garrett/coding/Ising_Model_Instances/data/4D/DRL/81/DRL_3_ID101.txt,0001001011100100110001111111111001010111010011010000111111110100100100000010100101
/home/garrett/coding/Ising_Model_Instances/data/4D/DRL/81/DRL_3_ID772.txt,0001010010100111010110111111010101001011000101110000000100011001010000100101001110
/home/garrett/coding/Ising_Model_Instances/data/4D/DRL/81/DRL_3_ID494.txt,0011110101101000101101111010010101001101001010011100101010001001001110011000011101
/home/garrett/coding/Ising_Model_Instances/data/4D/DRL/81/DRL_3_ID391.txt,0111010101010101001000001110010001011000101011110111001110111011011000100001000100
/home/garrett/coding/Ising_Model_Instances/data/4D/DRL/81/DRL_3_ID295.txt,0011010011101010011111100011110101011111010000111001001101011101010100111110110100
/home/garrett/coding/Ising_Model_Instances/data/4D/DRL/81/DRL_3_ID150.txt,0011101110100111110001110110111001011010011000001000100100101111100001001100000110
/home/garrett/coding/Ising_Model_Instances/data/4D/DRL/81/DRL_3_ID684.txt,0100101001000101100011011110110110010111110011001011000100010110111100010000110001
/home/garrett/coding/Ising_Model_Instances/data/4D/DRL/81/DRL_3_ID217.txt,0010001100000101110011000111000001100100111101111101101010110101110011101111111011
/home/garrett/coding/Ising_Model_Instances/data/4D/DRL/81/DRL_3_ID289.txt,0111001101010000011100010100110101001101100010010101110011011111001110010110011001
/home/garrett/coding/Ising_Model_Instances/data/4D/DRL/81/DRL_3_ID261.txt,0000111111010010000111111000010000111100110011101111100100101111011111000000100100
/home/garrett/coding/Ising_Model_Instances/data/4D/DRL/81/DRL_3_ID889.txt,0100101011000011100101101000011010101010110110010010001110101110000110100011000100
/home/garrett/coding/Ising_Model_Instances/data/4D/DRL/81/DRL_3_ID489.txt,0011001001010100001001110010000001000101000001011010011100001010110001111111100111
/home/garrett/coding/Ising_Model_Instances/data/4D/DRL/81/DRL_3_ID856.txt,0110100001110010111001101001110010111100111001011111101010001001000100010001111100
/home/garrett/coding/Ising_Model_Instances/data/4D/DRL/81/DRL_3_ID657.txt,0010011000011110000010100101010110011001101101010011101010000101110011101111001110
/home/garrett/coding/Ising_Model_Instances/data/4D/DRL/81/DRL_3_ID16.txt,0101100011100010000000001110001001111110100000000011100000110111010011000001101101
/home/garrett/coding/Ising_Model_Instances/data/4D/DRL/81/DRL_3_ID974.txt,0001000000101101001010110101111111111110111000000100011110111000011100010110111001
/home/garrett/coding/Ising_Model_Instances/data/4D/DRL/81/DRL_3_ID60.txt,0101110010000100001111101011101011000110001010001101000111000010101101101111100111
/home/garrett/coding/Ising_Model_Instances/data/4D/DRL/81/DRL_3_ID545.txt,0111011101000100111001010100010100010100100111100010110001110000100101110100000101
/home/garrett/coding/Ising_Model_Instances/data/4D/DRL/81/DRL_3_ID110.txt,0111010000000111100101110010110110000010101100111101011010111011001110011110011011
/home/garrett/coding/Ising_Model_Instances/data/4D/DRL/81/DRL_3_ID994.txt,0100100000011100110100001011101111100110001001001111011111100111000111110011000000
/home/garrett/coding/Ising_Model_Instances/data/4D/DRL/81/DRL_3_ID255.txt,0111101001111001000110011100001110011011010010101111011001000110000101001100001000
/home/garrett/coding/Ising_Model_Instances/data/4D/DRL/81/DRL_3_ID614.txt,0110001000000010100101001100011001111110101100000000010101011011001100101111101101
/home/garrett/coding/Ising_Model_Instances/data/4D/DRL/81/DRL_3_ID210.txt,0001000101101111011100111001111001001001000000110100001000010111011101000111100001
/home/garrett/coding/Ising_Model_Instances/data/4D/DRL/81/DRL_3_ID483.txt,0000100101111100111001010010010101100011001100110111100001100010000001010100100100
/home/garrett/coding/Ising_Model_Instances/data/4D/DRL/81/DRL_3_ID103.txt,0101111111000110001110000101000101111111001111011010011011111000011011010111110010
/home/garrett/coding/Ising_Model_Instances/data/4D/DRL/81/DRL_3_ID256.txt,0100111101111111101111101000111001111000001010110110011001100101110000000011010000
/home/garrett/coding/Ising_Model_Instances/data/4D/DRL/81/DRL_3_ID629.txt,0100110011010111000011011101110010101001000010001111100010111000110010010101000101
/home/garrett/coding/Ising_Model_Instances/data/4D/DRL/81/DRL_3_ID51.txt,0101001000110101011111001000010011011001100001100000101010011010110101000000001010
/home/garrett/coding/Ising_Model_Instances/data/4D/DRL/81/DRL_3_ID728.txt,0010110011101111100111111101111110111011000011111100001110000001111011010001001000
/home/garrett/coding/Ising_Model_Instances/data/4D/DRL/81/DRL_3_ID153.txt,0110011011101010011000010111011110000111111010110111010100011001001100111111100010
/home/garrett/coding/Ising_Model_Instances/data/4D/DRL/81/DRL_3_ID823.txt,0110110001100111110010101001010110111011011100100000110101000001000101000111101101
/home/garrett/coding/Ising_Model_Instances/data/4D/DRL/81/DRL_3_ID113.txt,0011111001101001010101000100010101010111111010111101011001110100100100001000011000
/home/garrett/coding/Ising_Model_Instances/data/4D/DRL/81/DRL_3_ID171.txt,0011111100110111111101001111011010010001101101111001101001000001001111100100101000
/home/garrett/coding/Ising_Model_Instances/data/4D/DRL/81/DRL_3_ID882.txt,0110101000001000110100011100011001111000101100011001101111100110000000000011010001
/home/garrett/coding/Ising_Model_Instances/data/4D/DRL/81/DRL_3_ID949.txt,0011111100111001110000000000000110001010010011101011100101110100100110011110101001
/home/garrett/coding/Ising_Model_Instances/data/4D/DRL/81/DRL_3_ID753.txt,0111100110101000011010000111100010010010010011111011111000010000010111101111010010
/home/garrett/coding/Ising_Model_Instances/data/4D/DRL/81/DRL_3_ID650.txt,0111000100010000010011011101000001100001110111111100110001100001000001001010100101
/home/garrett/coding/Ising_Model_Instances/data/4D/DRL/81/DRL_3_ID179.txt,0101111111011001011011110011100001100010110111010010110110110001010101101010010111
/home/garrett/coding/Ising_Model_Instances/data/4D/DRL/81/DRL_3_ID554.txt,0100011111100001101101001100010111100100000001111011000110110010100000000001101111
/home/garrett/coding/Ising_Model_Instances/data/4D/DRL/81/DRL_3_ID707.txt,0011101110100100101110101101101111011110001010010111000111110010000111011101101111
/home/garrett/coding/Ising_Model_Instances/data/4D/DRL/81/DRL_3_ID778.txt,0010101001001011001011101010101000010101111000111111100110100000000011111100000110
/home/garrett/coding/Ising_Model_Instances/data/4D/DRL/81/DRL_3_ID594.txt,0011111110111111011110011000111110100010101100111011110010111010111011011101010111
/home/garrett/coding/Ising_Model_Instances/data/4D/DRL/81/DRL_3_ID985.txt,0011101000001100001000001110111010111010001100000111101001010101011110101100010101
/home/garrett/coding/Ising_Model_Instances/data/4D/DRL/81/DRL_3_ID975.txt,0110101101011100100100111110001000110011010011011101101110111011000101000010110101
/home/garrett/coding/Ising_Model_Instances/data/4D/DRL/81/DRL_3_ID844.txt,0000001100101010000001101100111010010000001100100111000010010000011100100101000100
/home/garrett/coding/Ising_Model_Instances/data/4D/DRL/81/DRL_3_ID622.txt,0001111001101101001101000101110001010011100100111110101110011000011100011011001011
/home/garrett/coding/Ising_Model_Instances/data/4D/DRL/81/DRL_3_ID612.txt,0111000000110010010001110011100100000000010000111011101111000001001010101010001010
/home/garrett/coding/Ising_Model_Instances/data/4D/DRL/81/DRL_3_ID432.txt,0011111110001101001111000100001100100110001010110010101001111111111011111000001010
/home/garrett/coding/Ising_Model_Instances/data/4D/DRL/81/DRL_3_ID216.txt,0101101100010100111001101101110110110100000001100110011001001011110101010101100001
/home/garrett/coding/Ising_Model_Instances/data/4D/DRL/81/DRL_3_ID754.txt,0100000010010000111101100001100010100001110011010011000010000110011110111001111100
/home/garrett/coding/Ising_Model_Instances/data/4D/DRL/81/DRL_3_ID995.txt,0100011111000110111011010111100101110011100100111000011000001011100010100011001010
/home/garrett/coding/Ising_Model_Instances/data/4D/DRL/81/DRL_3_ID850.txt,0001011101110011111011001110000010010001101111100011001011011100111001101000110001
/home/garrett/coding/Ising_Model_Instances/data/4D/DRL/81/DRL_3_ID477.txt,0000000101111111001110000010110001010101011111111111101011101101010010001000010100
/home/garrett/coding/Ising_Model_Instances/data/4D/DRL/81/DRL_3_ID424.txt,0110011001101101111100010101111101001011001010010110000011110111100001000100110111
/home/garrett/coding/Ising_Model_Instances/data/4D/DRL/81/DRL_3_ID403.txt,0111010101111110010101000100101001101100101111001100000000100011101110011101001111
/home/garrett/coding/Ising_Model_Instances/data/4D/DRL/81/DRL_3_ID376.txt,0101011010011110011010111110110001101110111011000111111000100100010010011010111110
/home/garrett/coding/Ising_Model_Instances/data/4D/DRL/81/DRL_3_ID78.txt,0111110110011011100110111110100100011001101001101010001111100000011001001001000000
/home/garrett/coding/Ising_Model_Instances/data/4D/DRL/81/DRL_3_ID165.txt,0000101010100100101101010111111011010111001001110000000101001001010010010100011110
/home/garrett/coding/Ising_Model_Instances/data/4D/DRL/81/DRL_3_ID682.txt,0111111011101011011100000110111100001000101000011111100101100100101000000010101110
/home/garrett/coding/Ising_Model_Instances/data/4D/DRL/81/DRL_3_ID544.txt,0010010001011001010011000110101110011111101100000001000011000000110110011011010011
/home/garrett/coding/Ising_Model_Instances/data/4D/DRL/81/DRL_3_ID978.txt,0101110010001101001111110110101000011011000111000111000100000101010001101101101000
/home/garrett/coding/Ising_Model_Instances/data/4D/DRL/81/DRL_3_ID162.txt,0010111100100100010110110111111110011000100101101110000000110100100110010101110100
/home/garrett/coding/Ising_Model_Instances/data/4D/DRL/81/DRL_3_ID773.txt,0000011110010100000110001111001000110000101101011101100101101010010010110111010010
/home/garrett/coding/Ising_Model_Instances/data/4D/DRL/81/DRL_3_ID207.txt,0110000101111010100000100000110111101011001111011000101111100000001011111111001001
/home/garrett/coding/Ising_Model_Instances/data/4D/DRL/81/DRL_3_ID828.txt,0011100110101100011001111110000010110111011011000101111010110101111101001011110110
/home/garrett/coding/Ising_Model_Instances/data/4D/DRL/81/DRL_3_ID146.txt,0010011110100111110001101011000111001110011111000111110000011110100111010101101000
/home/garrett/coding/Ising_Model_Instances/data/4D/DRL/81/DRL_3_ID606.txt,0100011010000110111000110010000111111010001001011011100001011101110110010001100110
/home/garrett/coding/Ising_Model_Instances/data/4D/DRL/81/DRL_3_ID986.txt,0010101110011101110110011000010100100001011011110010011010101100010101111001101111
/home/garrett/coding/Ising_Model_Instances/data/4D/DRL/81/DRL_3_ID87.txt,0110101011100010000110010000000100100111110011101101000111100011011100110110101010
/home/garrett/coding/Ising_Model_Instances/data/4D/DRL/81/DRL_3_ID849.txt,0010011010010110010110010111111110011010010100010100100100011001010110001010001001
/home/garrett/coding/Ising_Model_Instances/data/4D/DRL/81/DRL_3_ID471.txt,0011110011100010001111110000011001010000110010011000011101110011011111111001111100
/home/garrett/coding/Ising_Model_Instances/data/4D/DRL/81/DRL_3_ID143.txt,0110001000110111000100001101100111011011100010010110100111100110001101011010101001
/home/garrett/coding/Ising_Model_Instances/data/4D/DRL/81/DRL_3_ID879.txt,0011010110110110100000100110111001011001101011110110101010001111101110101001000100
/home/garrett/coding/Ising_Model_Instances/data/4D/DRL/81/DRL_3_ID721.txt,0100100101011011001100111111000000001010100000111110111111101100111111010011011101
/home/garrett/coding/Ising_Model_Instances/data/4D/DRL/81/DRL_3_ID284.txt,0110101110110101111110111111001001011100000000011100011100011001110111010111101100
/home/garrett/coding/Ising_Model_Instances/data/4D/DRL/81/DRL_3_ID188.txt,0110010110111001001011010010111011011111111000100011011111011001011110010110010011
/home/garrett/coding/Ising_Model_Instances/data/4D/DRL/81/DRL_3_ID481.txt,0110110101000010001111111011110111010110000100111001100001000111111101100111101111
/home/garrett/coding/Ising_Model_Instances/data/4D/DRL/81/DRL_3_ID479.txt,0001000111011101110101000100101010011010110000010010001110110100001000010010001100
/home/garrett/coding/Ising_Model_Instances/data/4D/DRL/81/DRL_3_ID17.txt,0001001011111000000000101110110111101100001101111001110011110000011101001111010010
/home/garrett/coding/Ising_Model_Instances/data/4D/DRL/81/DRL_3_ID658.txt,0101000110011000101000111100001001101001111000101000000110100111101011111110110110
/home/garrett/coding/Ising_Model_Instances/data/4D/DRL/81/DRL_3_ID356.txt,0000011100011000000001010100010001101111001010010011001010010010010111101101100100
/home/garrett/coding/Ising_Model_Instances/data/4D/DRL/81/DRL_3_ID663.txt,0000010100111110110001111110101101101111001100010011001000001010101000100101000110
/home/garrett/coding/Ising_Model_Instances/data/4D/DRL/81/DRL_3_ID951.txt,0110110111111001101101111010000101000010000100011001101100111000001100100111101011
/home/garrett/coding/Ising_Model_Instances/data/4D/DRL/81/DRL_3_ID825.txt,0001110100000001011000100100101101000101001110100000111110010111101111000110111100
/home/garrett/coding/Ising_Model_Instances/data/4D/DRL/81/DRL_3_ID620.txt,0000111010101110011011100011000111110101010100100010110001110000110010100100000110
/home/garrett/coding/Ising_Model_Instances/data/4D/DRL/81/DRL_3_ID178.txt,0100110100111110011100111110010110001110110100111100101111110101111101000011001000
/home/garrett/coding/Ising_Model_Instances/data/4D/DRL/81/DRL_3_ID811.txt,0101111111100001001010001111101111000001100010100111001111011000010000111101111110
/home/garrett/coding/Ising_Model_Instances/data/4D/DRL/81/DRL_3_ID585.txt,0100000000101001011010111110100110001011010010100111110101010001110110110010100111
/home/garrett/coding/Ising_Model_Instances/data/4D/DRL/81/DRL_3_ID655.txt,0010101100001010110000101110010000010111110110111001010111000111111100001110000111
/home/garrett/coding/Ising_Model_Instances/data/4D/DRL/81/DRL_3_ID330.txt,0000001101100001010011101101100110010101100000010101101111110110110000110110111110
/home/garrett/coding/Ising_Model_Instances/data/4D/DRL/81/DRL_3_ID223.txt,0111110111111001100000001101001101101100111100111010000111111110100010010011111100
/home/garrett/coding/Ising_Model_Instances/data/4D/DRL/81/DRL_3_ID468.txt,0110011011000100100011001011011011101100110001011000110100000011010000000100110000
/home/garrett/coding/Ising_Model_Instances/data/4D/DRL/81/DRL_3_ID105.txt,0110100010111011010001110011011000010101001000110111011011100000101011110000000011
/home/garrett/coding/Ising_Model_Instances/data/4D/DRL/81/DRL_3_ID922.txt,0101111001110110000001101111111011001111101000000111111010000010010111001001111000
/home/garrett/coding/Ising_Model_Instances/data/4D/DRL/81/DRL_3_ID901.txt,0110000011011010011101000101101011011100101111100011011001001000010001011000011001
/home/garrett/coding/Ising_Model_Instances/data/4D/DRL/81/DRL_3_ID968.txt,0111001000011110010100001010000111101001011011111101001110010111010010011101000011
/home/garrett/coding/Ising_Model_Instances/data/4D/DRL/81/DRL_3_ID472.txt,0001110000111001011000110111010111101001011111000011001111111110110111000000111011
/home/garrett/coding/Ising_Model_Instances/data/4D/DRL/81/DRL_3_ID500.txt,0111100101110000010111001000100011100110100110001100101001110001110001111001011100
/home/garrett/coding/Ising_Model_Instances/data/4D/DRL/81/DRL_3_ID962.txt,0010110000000010110001000110101001011001011000110101101000110011010011100011000101
/home/garrett/coding/Ising_Model_Instances/data/4D/DRL/81/DRL_3_ID670.txt,0001100111000001101011100100010010001100101011000101100011011001100111001111110100
/home/garrett/coding/Ising_Model_Instances/data/4D/DRL/81/DRL_3_ID355.txt,0000111000000010000100000010000101110111110110100011010010100001010100111000110000
/home/garrett/coding/Ising_Model_Instances/data/4D/DRL/81/DRL_3_ID920.txt,0000011111000010001110000100101010001010101010001010001010111110101011101111111101
/home/garrett/coding/Ising_Model_Instances/data/4D/DRL/81/DRL_3_ID943.txt,0000100011010100000111100001011101011101010111100110011011010101011101101010100010
/home/garrett/coding/Ising_Model_Instances/data/4D/DRL/81/DRL_3_ID701.txt,0010101111000011010101111011111111011000101101000101000011111000011010000100010110
/home/garrett/coding/Ising_Model_Instances/data/4D/DRL/81/DRL_3_ID832.txt,0001101001110001111001001110101110001010111110010100001110111000001011011100000010
/home/garrett/coding/Ising_Model_Instances/data/4D/DRL/81/DRL_3_ID466.txt,0100101001100000100011100110100101110111011001100110011110011011010100011110011010
/home/garrett/coding/Ising_Model_Instances/data/4D/DRL/81/DRL_3_ID475.txt,0111001101110010011110001011110000101110110101010100010111111110000000010101001000
/home/garrett/coding/Ising_Model_Instances/data/4D/DRL/81/DRL_3_ID297.txt,0000000000101011111100101011000001011011100111101111110110011011011111111010101101
/home/garrett/coding/Ising_Model_Instances/data/4D/DRL/81/DRL_3_ID222.txt,0011000101000000000110011001100000110000100000010001001001100100100001110011110001
/home/garrett/coding/Ising_Model_Instances/data/4D/DRL/81/DRL_3_ID786.txt,0101100011000101110101101010011000011110000111111010000101100011100111010010010101
/home/garrett/coding/Ising_Model_Instances/data/4D/DRL/81/DRL_3_ID304.txt,0001101011011110010100110110101101010100101000011011001011111000111010100100110011
/home/garrett/coding/Ising_Model_Instances/data/4D/DRL/81/DRL_3_ID102.txt,0111001101101111011110110100101100011111011101111001110111011100010001101110000101
/home/garrett/coding/Ising_Model_Instances/data/4D/DRL/81/DRL_3_ID327.txt,0111011111000000100101010111110010101000011000110100101011111001101111000000001101
/home/garrett/coding/Ising_Model_Instances/data/4D/DRL/81/DRL_3_ID549.txt,0100001100001101011110101000100111010100010000101001001011100000101100001100001000
/home/garrett/coding/Ising_Model_Instances/data/4D/DRL/81/DRL_3_ID268.txt,0010001101101001100010110100011000110011010100110101001001011110110000101001000000
/home/garrett/coding/Ising_Model_Instances/data/4D/DRL/81/DRL_3_ID155.txt,0000011111010010011100011111111100111110110000111010111001100011101101101000011010
/home/garrett/coding/Ising_Model_Instances/data/4D/DRL/81/DRL_3_ID595.txt,0100001101100000011100100111100000011100001100010111001011111110011011111000111100
/home/garrett/coding/Ising_Model_Instances/data/4D/DRL/81/DRL_3_ID885.txt,0100010110110011111100010111000000100111011000010110001100100110010111111100101101
/home/garrett/coding/Ising_Model_Instances/data/4D/DRL/81/DRL_3_ID296.txt,0101111011010110001110001100110101110110011110010111011010000011011101001110010011
/home/garrett/coding/Ising_Model_Instances/data/4D/DRL/81/DRL_3_ID516.txt,0011001100001011101110111010101010000001010010100000011010001011011001100000101000
/home/garrett/coding/Ising_Model_Instances/data/4D/DRL/81/DRL_3_ID324.txt,0000101011110001110011111000100111110101101001000100011001010110000011111110110101
/home/garrett/coding/Ising_Model_Instances/data/4D/DRL/81/DRL_3_ID5.txt,0111101100100001001101000001111010101011010011111100011000110110000101111000010111
/home/garrett/coding/Ising_Model_Instances/data/4D/DRL/81/DRL_3_ID212.txt,0100000001110011111011111100010110011101000111100110000100101001101010111101001000
/home/garrett/coding/Ising_Model_Instances/data/4D/DRL/81/DRL_3_ID526.txt,0100111011110011111001001000100001011101011111111011000111101001000000111111010111
/home/garrett/coding/Ising_Model_Instances/data/4D/DRL/81/DRL_3_ID250.txt,0111100110100010110000111011000001101101100001101111110100111111011011100101111010
/home/garrett/coding/Ising_Model_Instances/data/4D/DRL/81/DRL_3_ID434.txt,0111110001110011100111111011000101011001001011111101100111001100001011100101010101
/home/garrett/coding/Ising_Model_Instances/data/4D/DRL/81/DRL_3_ID818.txt,0001000000111110100010101111011111111100100111000000110100110001001011000110010001
/home/garrett/coding/Ising_Model_Instances/data/4D/DRL/81/DRL_3_ID934.txt,0000101010110001100111111110110110010001011001011010000111000100011000001101011100
/home/garrett/coding/Ising_Model_Instances/data/4D/DRL/81/DRL_3_ID791.txt,0100011111101000101100101110100100011110000101010101001011111011000001100010111101
/home/garrett/coding/Ising_Model_Instances/data/4D/DRL/81/DRL_3_ID898.txt,0000000101110110000010101011000111111001010010001101111100001010100011011111011010
/home/garrett/coding/Ising_Model_Instances/data/4D/DRL/81/DRL_3_ID170.txt,0010100111010000010011000100000011000101101101110010010001010110100010010000111111
/home/garrett/coding/Ising_Model_Instances/data/4D/DRL/81/DRL_3_ID760.txt,0101110000100000111001100001001101111000001101110011000010000110011101110111100101
/home/garrett/coding/Ising_Model_Instances/data/4D/DRL/81/DRL_3_ID52.txt,0001111100010100100100100011101101101010010011000010010100100101101111111001010110
/home/garrett/coding/Ising_Model_Instances/data/4D/DRL/81/DRL_3_ID309.txt,0100011011101011001100011010000001101001000101110110101000100101000111110101111111
/home/garrett/coding/Ising_Model_Instances/data/4D/DRL/81/DRL_3_ID382.txt,0110000000000011111001110110110110111111101001000000100000110111101100110100001001
/home/garrett/coding/Ising_Model_Instances/data/4D/DRL/81/DRL_3_ID636.txt,0011001000001100010001111001100111111101100010011001100111101011111111101001110111
/home/garrett/coding/Ising_Model_Instances/data/4D/DRL/81/DRL_3_ID907.txt,0110110111101011011110100111010100101010111010001000101110011010000100110110101101
/home/garrett/coding/Ising_Model_Instances/data/4D/DRL/81/DRL_3_ID515.txt,0110100100000001011100100101011001010110001000001010011010101010011111110010001001
/home/garrett/coding/Ising_Model_Instances/data/4D/DRL/81/DRL_3_ID397.txt,0011001011010100101101001000100010111111101101100100011011111001000110010100110010
/home/garrett/coding/Ising_Model_Instances/data/4D/DRL/81/DRL_3_ID243.txt,0001101010001110110110100110000111110100001100010010011011010100101001111110000010
/home/garrett/coding/Ising_Model_Instances/data/4D/DRL/81/DRL_3_ID388.txt,0001010000111100001110101001111110111100011101100110010001011000110011100000010110
/home/garrett/coding/Ising_Model_Instances/data/4D/DRL/81/DRL_3_ID385.txt,0110010101100100111111000011111000010100100001110001100011110111101101111111010011
/home/garrett/coding/Ising_Model_Instances/data/4D/DRL/81/DRL_3_ID784.txt,0001000011010110001110110001011011011010011010011010101010010111101111011111101010
/home/garrett/coding/Ising_Model_Instances/data/4D/DRL/81/DRL_3_ID576.txt,0110101110101111111001110011101110111101000001001001010111110110100011001110110111
/home/garrett/coding/Ising_Model_Instances/data/4D/DRL/81/DRL_3_ID141.txt,0110011000000101110000100101011010000010001000110100101100111011100010111001111001
/home/garrett/coding/Ising_Model_Instances/data/4D/DRL/81/DRL_3_ID45.txt,0111001010100100001111000101000000000100001010001011110011000100101001001111111100
/home/garrett/coding/Ising_Model_Instances/data/4D/DRL/81/DRL_3_ID846.txt,0011011101100101111110010011010101110010000011010111100100100101111011001010010100
/home/garrett/coding/Ising_Model_Instances/data/4D/DRL/81/DRL_3_ID696.txt,0101010001010001000010111110000000101000010110100010010111111000110001010001111110
/home/garrett/coding/Ising_Model_Instances/data/4D/DRL/81/DRL_3_ID421.txt,0110010110010100100101100110111011001011100110011010011000010111011101101101001110
/home/garrett/coding/Ising_Model_Instances/data/4D/DRL/81/DRL_3_ID729.txt,0001000110111001100101000000000000101001110001000110000011000001001100011100101110
/home/garrett/coding/Ising_Model_Instances/data/4D/DRL/81/DRL_3_ID337.txt,0110011100100100111001100100110111001111001101010001101011100010000010001010101111
/home/garrett/coding/Ising_Model_Instances/data/4D/DRL/81/DRL_3_ID225.txt,0101001101000110101101000001110001100011011011010011011000111101100101001000001010
/home/garrett/coding/Ising_Model_Instances/data/4D/DRL/81/DRL_3_ID305.txt,0010001101111110110100011011100001011110000100100000011000011000000001111010000110
/home/garrett/coding/Ising_Model_Instances/data/4D/DRL/81/DRL_3_ID227.txt,0010001011010101010010001000101111100110100001110000101100011101111000101110010101
/home/garrett/coding/Ising_Model_Instances/data/4D/DRL/81/DRL_3_ID897.txt,0000100000110011011000110110000110001111110111000100010001000100101000100010001111
/home/garrett/coding/Ising_Model_Instances/data/4D/DRL/81/DRL_3_ID577.txt,0001010100101101100010111111110100100100000100110001110000000101001111010011011000
/home/garrett/coding/Ising_Model_Instances/data/4D/DRL/81/DRL_3_ID158.txt,0000000000101110011101000011111111111100010011111001110100001001011000000001111000
/home/garrett/coding/Ising_Model_Instances/data/4D/DRL/81/DRL_3_ID232.txt,0101011000101100101000000000110001110001100000011100100010000011001110010000010000
/home/garrett/coding/Ising_Model_Instances/data/4D/DRL/81/DRL_3_ID328.txt,0100100110100100000000110011111000000000000111101100100100100010100011110111000001
/home/garrett/coding/Ising_Model_Instances/data/4D/DRL/81/DRL_3_ID85.txt,0000100111011001110100001001010001110001000100101110111001111000010010101111101111
/home/garrett/coding/Ising_Model_Instances/data/4D/DRL/81/DRL_3_ID498.txt,0001110001101010101100010000101000111010000111101001000011011001101110010110101011
/home/garrett/coding/Ising_Model_Instances/data/4D/DRL/81/DRL_3_ID37.txt,0110001010000111001100101011001100101101000010011101001100010111011101000100010100
/home/garrett/coding/Ising_Model_Instances/data/4D/DRL/81/DRL_3_ID467.txt,0111101001101101100001100111101111110010010100110101010010010110011110011101001110
/home/garrett/coding/Ising_Model_Instances/data/4D/DRL/81/DRL_3_ID746.txt,0110101011110110101011111011010110001100000111011101100111000011101101100100100111
/home/garrett/coding/Ising_Model_Instances/data/4D/DRL/81/DRL_3_ID681.txt,0001001010010010111010110000101110111010100110000001000111010010010001011110101010
/home/garrett/coding/Ising_Model_Instances/data/4D/DRL/81/DRL_3_ID408.txt,0010010010100111001100010110011000101001111111111001001000010110011111000100101001
/home/garrett/coding/Ising_Model_Instances/data/4D/DRL/81/DRL_3_ID363.txt,0100110001110101000111101101001110110010110111110011101010010101100000011100001010
/home/garrett/coding/Ising_Model_Instances/data/4D/DRL/81/DRL_3_ID315.txt,0011100010001111011010111010010111001010110001010011100001101100111010100100110110
/home/garrett/coding/Ising_Model_Instances/data/4D/DRL/81/DRL_3_ID910.txt,0111000110010101011001011100101001110000101111111011001001101010101010111110000001
/home/garrett/coding/Ising_Model_Instances/data/4D/DRL/81/DRL_3_ID118.txt,0001011111110111000001001001101111110101011001110000011011010000101100110011111011
/home/garrett/coding/Ising_Model_Instances/data/4D/DRL/81/DRL_3_ID136.txt,0001110101100001010110101000101010010101010010101101001001100111101011101100001111
/home/garrett/coding/Ising_Model_Instances/data/4D/DRL/81/DRL_3_ID302.txt,0010010001001111010001101010100100010101001010010010001000001001011101000001001111
/home/garrett/coding/Ising_Model_Instances/data/4D/DRL/81/DRL_3_ID929.txt,0111001001011101111010101000001101100100001110100000110100110010000000000110011001
/home/garrett/coding/Ising_Model_Instances/data/4D/DRL/81/DRL_3_ID226.txt,0010111001111010000111110101101011011100100010101011011001100001100110001011100110
/home/garrett/coding/Ising_Model_Instances/data/4D/DRL/81/DRL_3_ID981.txt,0100111000101101101010110101000100001010101100011011101001011011010100110011110001
/home/garrett/coding/Ising_Model_Instances/data/4D/DRL/81/DRL_3_ID64.txt,0000001110011110010000111101000011011000110110001100100111000111010101010110110000
/home/garrett/coding/Ising_Model_Instances/data/4D/DRL/81/DRL_3_ID532.txt,0111010010100101101110110011001111110101100101110110001100010100010111101110011010
/home/garrett/coding/Ising_Model_Instances/data/4D/DRL/81/DRL_3_ID714.txt,0111100001011001011011100001011110111110100101001101000010110000011011011000010001
/home/garrett/coding/Ising_Model_Instances/data/4D/DRL/81/DRL_3_ID833.txt,0111001010000000001000010111100011011001110110110001011100111111000001101110100000
/home/garrett/coding/Ising_Model_Instances/data/4D/DRL/81/DRL_3_ID278.txt,0101010001111110001101100110001011101000001110001111001110010001101110111011100010
/home/garrett/coding/Ising_Model_Instances/data/4D/DRL/81/DRL_3_ID229.txt,0101010011110111001101101101110101001100110110001110001101101011000001100100110000
/home/garrett/coding/Ising_Model_Instances/data/4D/DRL/81/DRL_3_ID599.txt,0010010110001011000010000010111001110101111111001000101011000011010110100111000111
/home/garrett/coding/Ising_Model_Instances/data/4D/DRL/81/DRL_3_ID961.txt,0001000110100111010110111111100110010101001010100011000001001011111100010101101010
/home/garrett/coding/Ising_Model_Instances/data/4D/DRL/81/DRL_3_ID402.txt,0100010111001110000000110011010000110110101111011100011011101101000101011010001101
/home/garrett/coding/Ising_Model_Instances/data/4D/DRL/81/DRL_3_ID739.txt,0011111011001011001000000011111101000010001101100010011101101011110101101100101001
/home/garrett/coding/Ising_Model_Instances/data/4D/DRL/81/DRL_3_ID610.txt,0001010101110100100011011101101000101100100001001000000101110110110011101100011011
/home/garrett/coding/Ising_Model_Instances/data/4D/DRL/81/DRL_3_ID972.txt,0101101010001101011101000110100010101010100011111010111010111011110011000100000000
/home/garrett/coding/Ising_Model_Instances/data/4D/DRL/81/DRL_3_ID116.txt,0110000000101010101001100000001001101001011001110111101010010100101100001010111000
/home/garrett/coding/Ising_Model_Instances/data/4D/DRL/81/DRL_3_ID462.txt,0110011000010000100101001011010110000100011110001111110011011110101011101100100011
/home/garrett/coding/Ising_Model_Instances/data/4D/DRL/81/DRL_3_ID199.txt,0000100011101001001001011111001001110111001001101001100001011011101100010011111110
/home/garrett/coding/Ising_Model_Instances/data/4D/DRL/81/DRL_3_ID405.txt,0000001010100011001011011100101101010110110110011110011001110100001000101011001011
/home/garrett/coding/Ising_Model_Instances/data/4D/DRL/81/DRL_3_ID814.txt,0001100001001000111101111111011101111111001110011101100110001000010110011101011000
/home/garrett/coding/Ising_Model_Instances/data/4D/DRL/81/DRL_3_ID447.txt,0101110010010101101010111001110100100110011000101100010001001110101010100110011111
/home/garrett/coding/Ising_Model_Instances/data/4D/DRL/81/DRL_3_ID511.txt,0111110111010000000111011110001000001010011111101001110100110100001001101000111100
/home/garrett/coding/Ising_Model_Instances/data/4D/DRL/81/DRL_3_ID939.txt,0000111010110011111100111000101001010001000100100000011100011010001001100111111000
/home/garrett/coding/Ising_Model_Instances/data/4D/DRL/81/DRL_3_ID125.txt,0000001010001111001010000000010000011001011101011100100011010001010011010001100101
/home/garrett/coding/Ising_Model_Instances/data/4D/DRL/81/DRL_3_ID998.txt,0100010100101001010111101101001010100101101001101101011111000001111101000010011001
/home/garrett/coding/Ising_Model_Instances/data/4D/DRL/81/DRL_3_ID960.txt,0111000011110100100010000101000010100010110000100001100011100111011010100100001010
/home/garrett/coding/Ising_Model_Instances/data/4D/DRL/81/DRL_3_ID810.txt,0011111100110110011011010001101111010010111101001110000010110000110010001110000100
/home/garrett/coding/Ising_Model_Instances/data/4D/DRL/81/DRL_3_ID55.txt,0100000100111110111110100010011110011000110111110001000010001001000101101001010101
/home/garrett/coding/Ising_Model_Instances/data/4D/DRL/81/DRL_3_ID761.txt,0001111001111101110100101000110000111101011001010010000011011000100100000100001000
/home/garrett/coding/Ising_Model_Instances/data/4D/DRL/81/DRL_3_ID26.txt,0011101010110110000110001100001001001110101101110111011100101001010101110010010111
/home/garrett/coding/Ising_Model_Instances/data/4D/DRL/81/DRL_3_ID204.txt,0010010001011101011011101010010001110011100110111111010011110111001111011110010100
/home/garrett/coding/Ising_Model_Instances/data/4D/DRL/81/DRL_3_ID414.txt,0001100001010011101011001110101000001011110010111111000111111010111110100111110011
/home/garrett/coding/Ising_Model_Instances/data/4D/DRL/81/DRL_3_ID47.txt,0001110101111010011101000101100001111101000111010010001101100101101101110111001101
/home/garrett/coding/Ising_Model_Instances/data/4D/DRL/81/DRL_3_ID121.txt,0100001101110101010101001101111011101000010011100101111100010000001111000011101111
/home/garrett/coding/Ising_Model_Instances/data/4D/DRL/81/DRL_3_ID43.txt,0000101010000110001000111011011110101110100011010111110100111010000000110101111101
/home/garrett/coding/Ising_Model_Instances/data/4D/DRL/81/DRL_3_ID792.txt,0110100011111101000100000011110110100100100110100101001100010000000110111010101111
/home/garrett/coding/Ising_Model_Instances/data/4D/DRL/81/DRL_3_ID848.txt,0111000000111001111110110000000011001110010101101010100110110011110000101001110101
/home/garrett/coding/Ising_Model_Instances/data/4D/DRL/81/DRL_3_ID583.txt,0010110110001001001000101101110001110001000001001110011100011111000111110000010000
/home/garrett/coding/Ising_Model_Instances/data/4D/DRL/81/DRL_3_ID398.txt,0101001101011011100011011001111001101110010001110101001100101011110101101111101101
/home/garrett/coding/Ising_Model_Instances/data/4D/DRL/81/DRL_3_ID444.txt,0001100011100000100000110000110010100001011000111110011110101011000000100101001110
/home/garrett/coding/Ising_Model_Instances/data/4D/DRL/81/DRL_3_ID648.txt,0111101010111111000101011001111111110010101010100101011001111111010100110000001100
/home/garrett/coding/Ising_Model_Instances/data/4D/DRL/81/DRL_3_ID185.txt,0011000110001101010000010011010110101100110010011100010101001011111101100010110010
/home/garrett/coding/Ising_Model_Instances/data/4D/DRL/81/DRL_3_ID273.txt,0011110011010100001110110111011111010101101011001010011110011111110110001011100111
/home/garrett/coding/Ising_Model_Instances/data/4D/DRL/81/DRL_3_ID654.txt,0000000011110100101000001111001101110101001101111000111001111010010100110010111011
/home/garrett/coding/Ising_Model_Instances/data/4D/DRL/81/DRL_3_ID358.txt,0000111000010111111101001001011010111001010111110000010110011001001111111110111101
/home/garrett/coding/Ising_Model_Instances/data/4D/DRL/81/DRL_3_ID580.txt,0001000111011001100101011010111101000110010000000111101001001000101110010110100101
/home/garrett/coding/Ising_Model_Instances/data/4D/DRL/81/DRL_3_ID876.txt,0100110100010111010011011110001011110010001000101010111110100111011001000011001100
/home/garrett/coding/Ising_Model_Instances/data/4D/DRL/4096/DRL_8_ID90.txt,ERROR: Model too large for size-limited license; visit https://gurobi.com/unrestricted for more information
/home/garrett/coding/Ising_Model_Instances/data/4D/DRL/4096/DRL_8_ID71.txt,ERROR: Model too large for size-limited license; visit https://gurobi.com/unrestricted for more information
/home/garrett/coding/Ising_Model_Instances/data/4D/DRL/4096/DRL_8_ID70.txt,ERROR: Model too large for size-limited license; visit https://gurobi.com/unrestricted for more information
/home/garrett/coding/Ising_Model_Instances/data/4D/DRL/4096/DRL_8_ID30.txt,ERROR: Model too large for size-limited license; visit https://gurobi.com/unrestricted for more information
/home/garrett/coding/Ising_Model_Instances/data/4D/DRL/4096/DRL_8_ID86.txt,ERROR: Model too large for size-limited license; visit https://gurobi.com/unrestricted for more information
/home/garrett/coding/Ising_Model_Instances/data/4D/DRL/4096/DRL_8_ID24.txt,ERROR: Model too large for size-limited license; visit https://gurobi.com/unrestricted for more information
/home/garrett/coding/Ising_Model_Instances/data/4D/DRL/4096/DRL_8_ID81.txt,ERROR: Model too large for size-limited license; visit https://gurobi.com/unrestricted for more information
/home/garrett/coding/Ising_Model_Instances/data/4D/DRL/4096/DRL_8_ID74.txt,ERROR: Model too large for size-limited license; visit https://gurobi.com/unrestricted for more information
/home/garrett/coding/Ising_Model_Instances/data/4D/DRL/4096/DRL_8_ID59.txt,ERROR: Model too large for size-limited license; visit https://gurobi.com/unrestricted for more information
/home/garrett/coding/Ising_Model_Instances/data/4D/DRL/4096/DRL_8_ID73.txt,ERROR: Model too large for size-limited license; visit https://gurobi.com/unrestricted for more information
/home/garrett/coding/Ising_Model_Instances/data/4D/DRL/4096/DRL_8_ID68.txt,ERROR: Model too large for size-limited license; visit https://gurobi.com/unrestricted for more information
/home/garrett/coding/Ising_Model_Instances/data/4D/DRL/4096/DRL_8_ID79.txt,ERROR: Model too large for size-limited license; visit https://gurobi.com/unrestricted for more information
/home/garrett/coding/Ising_Model_Instances/data/4D/DRL/4096/DRL_8_ID93.txt,ERROR: Model too large for size-limited license; visit https://gurobi.com/unrestricted for more information
/home/garrett/coding/Ising_Model_Instances/data/4D/DRL/4096/DRL_8_ID7.txt,ERROR: Model too large for size-limited license; visit https://gurobi.com/unrestricted for more information
/home/garrett/coding/Ising_Model_Instances/data/4D/DRL/4096/DRL_8_ID43.txt,ERROR: Model too large for size-limited license; visit https://gurobi.com/unrestricted for more information
/home/garrett/coding/Ising_Model_Instances/data/4D/DRL/4096/DRL_8_ID63.txt,ERROR: Model too large for size-limited license; visit https://gurobi.com/unrestricted for more information
/home/garrett/coding/Ising_Model_Instances/data/4D/DRL/4096/DRL_8_ID87.txt,ERROR: Model too large for size-limited license; visit https://gurobi.com/unrestricted for more information
/home/garrett/coding/Ising_Model_Instances/data/4D/DRL/4096/DRL_8_ID12.txt,ERROR: Model too large for size-limited license; visit https://gurobi.com/unrestricted for more information
/home/garrett/coding/Ising_Model_Instances/data/4D/DRL/4096/DRL_8_ID41.txt,ERROR: Model too large for size-limited license; visit https://gurobi.com/unrestricted for more information
/home/garrett/coding/Ising_Model_Instances/data/4D/DRL/4096/DRL_8_ID94.txt,ERROR: Model too large for size-limited license; visit https://gurobi.com/unrestricted for more information
/home/garrett/coding/Ising_Model_Instances/data/4D/DRL/4096/DRL_8_ID98.txt,ERROR: Model too large for size-limited license; visit https://gurobi.com/unrestricted for more information
/home/garrett/coding/Ising_Model_Instances/data/4D/DRL/4096/DRL_8_ID69.txt,ERROR: Model too large for size-limited license; visit https://gurobi.com/unrestricted for more information
/home/garrett/coding/Ising_Model_Instances/data/4D/DRL/4096/DRL_8_ID38.txt,ERROR: Model too large for size-limited license; visit https://gurobi.com/unrestricted for more information
/home/garrett/coding/Ising_Model_Instances/data/4D/DRL/4096/DRL_8_ID95.txt,ERROR: Model too large for size-limited license; visit https://gurobi.com/unrestricted for more information
/home/garrett/coding/Ising_Model_Instances/data/4D/DRL/4096/DRL_8_ID34.txt,ERROR: Model too large for size-limited license; visit https://gurobi.com/unrestricted for more information
/home/garrett/coding/Ising_Model_Instances/data/4D/DRL/4096/DRL_8_ID35.txt,ERROR: Model too large for size-limited license; visit https://gurobi.com/unrestricted for more information
/home/garrett/coding/Ising_Model_Instances/data/4D/DRL/4096/DRL_8_ID91.txt,ERROR: Model too large for size-limited license; visit https://gurobi.com/unrestricted for more information
/home/garrett/coding/Ising_Model_Instances/data/4D/DRL/4096/DRL_8_ID9.txt,ERROR: Model too large for size-limited license; visit https://gurobi.com/unrestricted for more information
/home/garrett/coding/Ising_Model_Instances/data/4D/DRL/4096/DRL_8_ID27.txt,ERROR: Model too large for size-limited license; visit https://gurobi.com/unrestricted for more information
/home/garrett/coding/Ising_Model_Instances/data/4D/DRL/4096/DRL_8_ID50.txt,ERROR: Model too large for size-limited license; visit https://gurobi.com/unrestricted for more information
/home/garrett/coding/Ising_Model_Instances/data/4D/DRL/4096/DRL_8_ID21.txt,ERROR: Model too large for size-limited license; visit https://gurobi.com/unrestricted for more information
/home/garrett/coding/Ising_Model_Instances/data/4D/DRL/4096/DRL_8_ID6.txt,ERROR: Model too large for size-limited license; visit https://gurobi.com/unrestricted for more information
/home/garrett/coding/Ising_Model_Instances/data/4D/DRL/4096/DRL_8_ID56.txt,ERROR: Model too large for size-limited license; visit https://gurobi.com/unrestricted for more information
/home/garrett/coding/Ising_Model_Instances/data/4D/DRL/4096/DRL_8_ID57.txt,ERROR: Model too large for size-limited license; visit https://gurobi.com/unrestricted for more information
/home/garrett/coding/Ising_Model_Instances/data/4D/DRL/4096/DRL_8_ID36.txt,ERROR: Model too large for size-limited license; visit https://gurobi.com/unrestricted for more information
/home/garrett/coding/Ising_Model_Instances/data/4D/DRL/4096/DRL_8_ID31.txt,ERROR: Model too large for size-limited license; visit https://gurobi.com/unrestricted for more information
/home/garrett/coding/Ising_Model_Instances/data/4D/DRL/4096/DRL_8_ID37.txt,ERROR: Model too large for size-limited license; visit https://gurobi.com/unrestricted for more information
/home/garrett/coding/Ising_Model_Instances/data/4D/DRL/4096/DRL_8_ID88.txt,ERROR: Model too large for size-limited license; visit https://gurobi.com/unrestricted for more information
/home/garrett/coding/Ising_Model_Instances/data/4D/DRL/4096/DRL_8_ID97.txt,ERROR: Model too large for size-limited license; visit https://gurobi.com/unrestricted for more information
/home/garrett/coding/Ising_Model_Instances/data/4D/DRL/4096/DRL_8_ID22.txt,ERROR: Model too large for size-limited license; visit https://gurobi.com/unrestricted for more information
/home/garrett/coding/Ising_Model_Instances/data/4D/DRL/4096/DRL_8_ID3.txt,ERROR: Model too large for size-limited license; visit https://gurobi.com/unrestricted for more information
/home/garrett/coding/Ising_Model_Instances/data/4D/DRL/4096/DRL_8_ID20.txt,ERROR: Model too large for size-limited license; visit https://gurobi.com/unrestricted for more information
/home/garrett/coding/Ising_Model_Instances/data/4D/DRL/4096/DRL_8_ID75.txt,ERROR: Model too large for size-limited license; visit https://gurobi.com/unrestricted for more information
/home/garrett/coding/Ising_Model_Instances/data/4D/DRL/4096/DRL_8_ID1.txt,ERROR: Model too large for size-limited license; visit https://gurobi.com/unrestricted for more information
/home/garrett/coding/Ising_Model_Instances/data/4D/DRL/4096/DRL_8_ID14.txt,ERROR: Model too large for size-limited license; visit https://gurobi.com/unrestricted for more information
/home/garrett/coding/Ising_Model_Instances/data/4D/DRL/4096/DRL_8_ID39.txt,ERROR: Model too large for size-limited license; visit https://gurobi.com/unrestricted for more information
/home/garrett/coding/Ising_Model_Instances/data/4D/DRL/4096/DRL_8_ID64.txt,ERROR: Model too large for size-limited license; visit https://gurobi.com/unrestricted for more information
/home/garrett/coding/Ising_Model_Instances/data/4D/DRL/4096/DRL_8_ID5.txt,ERROR: Model too large for size-limited license; visit https://gurobi.com/unrestricted for more information
/home/garrett/coding/Ising_Model_Instances/data/4D/DRL/4096/DRL_8_ID66.txt,ERROR: Model too large for size-limited license; visit https://gurobi.com/unrestricted for more information
/home/garrett/coding/Ising_Model_Instances/data/4D/DRL/4096/DRL_8_ID13.txt,ERROR: Model too large for size-limited license; visit https://gurobi.com/unrestricted for more information
/home/garrett/coding/Ising_Model_Instances/data/4D/DRL/4096/DRL_8_ID17.txt,ERROR: Model too large for size-limited license; visit https://gurobi.com/unrestricted for more information
/home/garrett/coding/Ising_Model_Instances/data/4D/DRL/4096/DRL_8_ID44.txt,ERROR: Model too large for size-limited license; visit https://gurobi.com/unrestricted for more information
/home/garrett/coding/Ising_Model_Instances/data/4D/DRL/4096/DRL_8_ID61.txt,ERROR: Model too large for size-limited license; visit https://gurobi.com/unrestricted for more information
/home/garrett/coding/Ising_Model_Instances/data/4D/DRL/4096/DRL_8_ID2.txt,ERROR: Model too large for size-limited license; visit https://gurobi.com/unrestricted for more information
/home/garrett/coding/Ising_Model_Instances/data/4D/DRL/4096/DRL_8_ID47.txt,ERROR: Model too large for size-limited license; visit https://gurobi.com/unrestricted for more information
/home/garrett/coding/Ising_Model_Instances/data/4D/DRL/4096/DRL_8_ID84.txt,ERROR: Model too large for size-limited license; visit https://gurobi.com/unrestricted for more information
/home/garrett/coding/Ising_Model_Instances/data/4D/DRL/4096/DRL_8_ID92.txt,ERROR: Model too large for size-limited license; visit https://gurobi.com/unrestricted for more information
/home/garrett/coding/Ising_Model_Instances/data/4D/DRL/4096/DRL_8_ID10.txt,ERROR: Model too large for size-limited license; visit https://gurobi.com/unrestricted for more information
/home/garrett/coding/Ising_Model_Instances/data/4D/DRL/4096/DRL_8_ID16.txt,ERROR: Model too large for size-limited license; visit https://gurobi.com/unrestricted for more information
/home/garrett/coding/Ising_Model_Instances/data/4D/DRL/4096/DRL_8_ID62.txt,ERROR: Model too large for size-limited license; visit https://gurobi.com/unrestricted for more information
/home/garrett/coding/Ising_Model_Instances/data/4D/DRL/4096/DRL_8_ID45.txt,ERROR: Model too large for size-limited license; visit https://gurobi.com/unrestricted for more information
/home/garrett/coding/Ising_Model_Instances/data/4D/DRL/4096/DRL_8_ID51.txt,ERROR: Model too large for size-limited license; visit https://gurobi.com/unrestricted for more information
/home/garrett/coding/Ising_Model_Instances/data/4D/DRL/4096/DRL_8_ID8.txt,ERROR: Model too large for size-limited license; visit https://gurobi.com/unrestricted for more information
/home/garrett/coding/Ising_Model_Instances/data/4D/DRL/4096/DRL_8_ID42.txt,ERROR: Model too large for size-limited license; visit https://gurobi.com/unrestricted for more information
/home/garrett/coding/Ising_Model_Instances/data/4D/DRL/4096/DRL_8_ID77.txt,ERROR: Model too large for size-limited license; visit https://gurobi.com/unrestricted for more information
/home/garrett/coding/Ising_Model_Instances/data/4D/DRL/4096/DRL_8_ID58.txt,ERROR: Model too large for size-limited license; visit https://gurobi.com/unrestricted for more information
/home/garrett/coding/Ising_Model_Instances/data/4D/DRL/4096/DRL_8_ID67.txt,ERROR: Model too large for size-limited license; visit https://gurobi.com/unrestricted for more information
/home/garrett/coding/Ising_Model_Instances/data/4D/DRL/4096/DRL_8_ID33.txt,ERROR: Model too large for size-limited license; visit https://gurobi.com/unrestricted for more information
/home/garrett/coding/Ising_Model_Instances/data/4D/DRL/4096/DRL_8_ID76.txt,ERROR: Model too large for size-limited license; visit https://gurobi.com/unrestricted for more information
/home/garrett/coding/Ising_Model_Instances/data/4D/DRL/4096/DRL_8_ID96.txt,ERROR: Model too large for size-limited license; visit https://gurobi.com/unrestricted for more information
/home/garrett/coding/Ising_Model_Instances/data/4D/DRL/4096/DRL_8_ID19.txt,ERROR: Model too large for size-limited license; visit https://gurobi.com/unrestricted for more information
/home/garrett/coding/Ising_Model_Instances/data/4D/DRL/4096/DRL_8_ID89.txt,ERROR: Model too large for size-limited license; visit https://gurobi.com/unrestricted for more information
/home/garrett/coding/Ising_Model_Instances/data/4D/DRL/4096/DRL_8_ID29.txt,ERROR: Model too large for size-limited license; visit https://gurobi.com/unrestricted for more information
/home/garrett/coding/Ising_Model_Instances/data/4D/DRL/4096/DRL_8_ID85.txt,ERROR: Model too large for size-limited license; visit https://gurobi.com/unrestricted for more information
/home/garrett/coding/Ising_Model_Instances/data/4D/DRL/4096/DRL_8_ID23.txt,ERROR: Model too large for size-limited license; visit https://gurobi.com/unrestricted for more information
/home/garrett/coding/Ising_Model_Instances/data/4D/DRL/4096/DRL_8_ID46.txt,ERROR: Model too large for size-limited license; visit https://gurobi.com/unrestricted for more information
/home/garrett/coding/Ising_Model_Instances/data/4D/DRL/4096/DRL_8_ID72.txt,ERROR: Model too large for size-limited license; visit https://gurobi.com/unrestricted for more information
/home/garrett/coding/Ising_Model_Instances/data/4D/DRL/4096/DRL_8_ID49.txt,ERROR: Model too large for size-limited license; visit https://gurobi.com/unrestricted for more information
/home/garrett/coding/Ising_Model_Instances/data/4D/DRL/4096/DRL_8_ID48.txt,ERROR: Model too large for size-limited license; visit https://gurobi.com/unrestricted for more information
/home/garrett/coding/Ising_Model_Instances/data/4D/DRL/4096/DRL_8_ID32.txt,ERROR: Model too large for size-limited license; visit https://gurobi.com/unrestricted for more information
/home/garrett/coding/Ising_Model_Instances/data/4D/DRL/4096/DRL_8_ID82.txt,ERROR: Model too large for size-limited license; visit https://gurobi.com/unrestricted for more information
/home/garrett/coding/Ising_Model_Instances/data/4D/DRL/4096/DRL_8_ID52.txt,ERROR: Model too large for size-limited license; visit https://gurobi.com/unrestricted for more information
/home/garrett/coding/Ising_Model_Instances/data/4D/DRL/4096/DRL_8_ID4.txt,ERROR: Model too large for size-limited license; visit https://gurobi.com/unrestricted for more information
/home/garrett/coding/Ising_Model_Instances/data/4D/DRL/4096/DRL_8_ID40.txt,ERROR: Model too large for size-limited license; visit https://gurobi.com/unrestricted for more information
/home/garrett/coding/Ising_Model_Instances/data/4D/DRL/4096/DRL_8_ID80.txt,ERROR: Model too large for size-limited license; visit https://gurobi.com/unrestricted for more information
/home/garrett/coding/Ising_Model_Instances/data/4D/DRL/4096/DRL_8_ID0.txt,ERROR: Model too large for size-limited license; visit https://gurobi.com/unrestricted for more information
/home/garrett/coding/Ising_Model_Instances/data/4D/DRL/4096/DRL_8_ID78.txt,ERROR: Model too large for size-limited license; visit https://gurobi.com/unrestricted for more information
/home/garrett/coding/Ising_Model_Instances/data/4D/DRL/4096/DRL_8_ID26.txt,ERROR: Model too large for size-limited license; visit https://gurobi.com/unrestricted for more information
/home/garrett/coding/Ising_Model_Instances/data/4D/DRL/4096/DRL_8_ID83.txt,ERROR: Model too large for size-limited license; visit https://gurobi.com/unrestricted for more information
/home/garrett/coding/Ising_Model_Instances/data/4D/DRL/4096/DRL_8_ID60.txt,ERROR: Model too large for size-limited license; visit https://gurobi.com/unrestricted for more information
/home/garrett/coding/Ising_Model_Instances/data/4D/DRL/4096/DRL_8_ID65.txt,ERROR: Model too large for size-limited license; visit https://gurobi.com/unrestricted for more information
/home/garrett/coding/Ising_Model_Instances/data/4D/DRL/4096/DRL_8_ID54.txt,ERROR: Model too large for size-limited license; visit https://gurobi.com/unrestricted for more information
/home/garrett/coding/Ising_Model_Instances/data/4D/DRL/4096/DRL_8_ID11.txt,ERROR: Model too large for size-limited license; visit https://gurobi.com/unrestricted for more information
/home/garrett/coding/Ising_Model_Instances/data/4D/DRL/4096/DRL_8_ID99.txt,ERROR: Model too large for size-limited license; visit https://gurobi.com/unrestricted for more information
/home/garrett/coding/Ising_Model_Instances/data/4D/DRL/4096/DRL_8_ID53.txt,ERROR: Model too large for size-limited license; visit https://gurobi.com/unrestricted for more information
/home/garrett/coding/Ising_Model_Instances/data/4D/DRL/4096/DRL_8_ID15.txt,ERROR: Model too large for size-limited license; visit https://gurobi.com/unrestricted for more information
/home/garrett/coding/Ising_Model_Instances/data/4D/DRL/4096/DRL_8_ID55.txt,ERROR: Model too large for size-limited license; visit https://gurobi.com/unrestricted for more information
/home/garrett/coding/Ising_Model_Instances/data/4D/DRL/4096/DRL_8_ID28.txt,ERROR: Model too large for size-limited license; visit https://gurobi.com/unrestricted for more information
/home/garrett/coding/Ising_Model_Instances/data/4D/DRL/4096/DRL_8_ID18.txt,ERROR: Model too large for size-limited license; visit https://gurobi.com/unrestricted for more information
/home/garrett/coding/Ising_Model_Instances/data/4D/DRL/4096/DRL_8_ID25.txt,ERROR: Model too large for size-limited license; visit https://gurobi.com/unrestricted for more information
/home/garrett/coding/Ising_Model_Instances/data/4D/DRL/1296/DRL_6_ID40.txt,ERROR: Model too large for size-limited license; visit https://gurobi.com/unrestricted for more information
/home/garrett/coding/Ising_Model_Instances/data/4D/DRL/1296/DRL_6_ID38.txt,ERROR: Model too large for size-limited license; visit https://gurobi.com/unrestricted for more information
/home/garrett/coding/Ising_Model_Instances/data/4D/DRL/1296/DRL_6_ID85.txt,ERROR: Model too large for size-limited license; visit https://gurobi.com/unrestricted for more information
/home/garrett/coding/Ising_Model_Instances/data/4D/DRL/1296/DRL_6_ID59.txt,ERROR: Model too large for size-limited license; visit https://gurobi.com/unrestricted for more information
/home/garrett/coding/Ising_Model_Instances/data/4D/DRL/1296/DRL_6_ID80.txt,ERROR: Model too large for size-limited license; visit https://gurobi.com/unrestricted for more information
/home/garrett/coding/Ising_Model_Instances/data/4D/DRL/1296/DRL_6_ID70.txt,ERROR: Model too large for size-limited license; visit https://gurobi.com/unrestricted for more information
/home/garrett/coding/Ising_Model_Instances/data/4D/DRL/1296/DRL_6_ID43.txt,ERROR: Model too large for size-limited license; visit https://gurobi.com/unrestricted for more information
/home/garrett/coding/Ising_Model_Instances/data/4D/DRL/1296/DRL_6_ID87.txt,ERROR: Model too large for size-limited license; visit https://gurobi.com/unrestricted for more information
/home/garrett/coding/Ising_Model_Instances/data/4D/DRL/1296/DRL_6_ID33.txt,ERROR: Model too large for size-limited license; visit https://gurobi.com/unrestricted for more information
/home/garrett/coding/Ising_Model_Instances/data/4D/DRL/1296/DRL_6_ID64.txt,ERROR: Model too large for size-limited license; visit https://gurobi.com/unrestricted for more information
/home/garrett/coding/Ising_Model_Instances/data/4D/DRL/1296/DRL_6_ID61.txt,ERROR: Model too large for size-limited license; visit https://gurobi.com/unrestricted for more information
/home/garrett/coding/Ising_Model_Instances/data/4D/DRL/1296/DRL_6_ID65.txt,ERROR: Model too large for size-limited license; visit https://gurobi.com/unrestricted for more information
/home/garrett/coding/Ising_Model_Instances/data/4D/DRL/1296/DRL_6_ID96.txt,ERROR: Model too large for size-limited license; visit https://gurobi.com/unrestricted for more information
/home/garrett/coding/Ising_Model_Instances/data/4D/DRL/1296/DRL_6_ID71.txt,ERROR: Model too large for size-limited license; visit https://gurobi.com/unrestricted for more information
/home/garrett/coding/Ising_Model_Instances/data/4D/DRL/1296/DRL_6_ID28.txt,ERROR: Model too large for size-limited license; visit https://gurobi.com/unrestricted for more information
/home/garrett/coding/Ising_Model_Instances/data/4D/DRL/1296/DRL_6_ID2.txt,ERROR: Model too large for size-limited license; visit https://gurobi.com/unrestricted for more information
/home/garrett/coding/Ising_Model_Instances/data/4D/DRL/1296/DRL_6_ID1.txt,ERROR: Model too large for size-limited license; visit https://gurobi.com/unrestricted for more information
/home/garrett/coding/Ising_Model_Instances/data/4D/DRL/1296/DRL_6_ID67.txt,ERROR: Model too large for size-limited license; visit https://gurobi.com/unrestricted for more information
/home/garrett/coding/Ising_Model_Instances/data/4D/DRL/1296/DRL_6_ID10.txt,ERROR: Model too large for size-limited license; visit https://gurobi.com/unrestricted for more information
/home/garrett/coding/Ising_Model_Instances/data/4D/DRL/1296/DRL_6_ID57.txt,ERROR: Model too large for size-limited license; visit https://gurobi.com/unrestricted for more information
/home/garrett/coding/Ising_Model_Instances/data/4D/DRL/1296/DRL_6_ID86.txt,ERROR: Model too large for size-limited license; visit https://gurobi.com/unrestricted for more information
/home/garrett/coding/Ising_Model_Instances/data/4D/DRL/1296/DRL_6_ID51.txt,ERROR: Model too large for size-limited license; visit https://gurobi.com/unrestricted for more information
/home/garrett/coding/Ising_Model_Instances/data/4D/DRL/1296/DRL_6_ID83.txt,ERROR: Model too large for size-limited license; visit https://gurobi.com/unrestricted for more information
/home/garrett/coding/Ising_Model_Instances/data/4D/DRL/1296/DRL_6_ID24.txt,ERROR: Model too large for size-limited license; visit https://gurobi.com/unrestricted for more information
/home/garrett/coding/Ising_Model_Instances/data/4D/DRL/1296/DRL_6_ID30.txt,ERROR: Model too large for size-limited license; visit https://gurobi.com/unrestricted for more information
/home/garrett/coding/Ising_Model_Instances/data/4D/DRL/1296/DRL_6_ID60.txt,ERROR: Model too large for size-limited license; visit https://gurobi.com/unrestricted for more information
/home/garrett/coding/Ising_Model_Instances/data/4D/DRL/1296/DRL_6_ID55.txt,ERROR: Model too large for size-limited license; visit https://gurobi.com/unrestricted for more information
/home/garrett/coding/Ising_Model_Instances/data/4D/DRL/1296/DRL_6_ID35.txt,ERROR: Model too large for size-limited license; visit https://gurobi.com/unrestricted for more information
/home/garrett/coding/Ising_Model_Instances/data/4D/DRL/1296/DRL_6_ID68.txt,ERROR: Model too large for size-limited license; visit https://gurobi.com/unrestricted for more information
/home/garrett/coding/Ising_Model_Instances/data/4D/DRL/1296/DRL_6_ID69.txt,ERROR: Model too large for size-limited license; visit https://gurobi.com/unrestricted for more information
/home/garrett/coding/Ising_Model_Instances/data/4D/DRL/1296/DRL_6_ID93.txt,ERROR: Model too large for size-limited license; visit https://gurobi.com/unrestricted for more information
/home/garrett/coding/Ising_Model_Instances/data/4D/DRL/1296/DRL_6_ID77.txt,ERROR: Model too large for size-limited license; visit https://gurobi.com/unrestricted for more information
/home/garrett/coding/Ising_Model_Instances/data/4D/DRL/1296/DRL_6_ID29.txt,ERROR: Model too large for size-limited license; visit https://gurobi.com/unrestricted for more information
/home/garrett/coding/Ising_Model_Instances/data/4D/DRL/1296/DRL_6_ID3.txt,ERROR: Model too large for size-limited license; visit https://gurobi.com/unrestricted for more information
/home/garrett/coding/Ising_Model_Instances/data/4D/DRL/1296/DRL_6_ID22.txt,ERROR: Model too large for size-limited license; visit https://gurobi.com/unrestricted for more information
/home/garrett/coding/Ising_Model_Instances/data/4D/DRL/1296/DRL_6_ID41.txt,ERROR: Model too large for size-limited license; visit https://gurobi.com/unrestricted for more information
/home/garrett/coding/Ising_Model_Instances/data/4D/DRL/1296/DRL_6_ID36.txt,ERROR: Model too large for size-limited license; visit https://gurobi.com/unrestricted for more information
/home/garrett/coding/Ising_Model_Instances/data/4D/DRL/1296/DRL_6_ID99.txt,ERROR: Model too large for size-limited license; visit https://gurobi.com/unrestricted for more information
/home/garrett/coding/Ising_Model_Instances/data/4D/DRL/1296/DRL_6_ID89.txt,ERROR: Model too large for size-limited license; visit https://gurobi.com/unrestricted for more information
/home/garrett/coding/Ising_Model_Instances/data/4D/DRL/1296/DRL_6_ID98.txt,ERROR: Model too large for size-limited license; visit https://gurobi.com/unrestricted for more information
/home/garrett/coding/Ising_Model_Instances/data/4D/DRL/1296/DRL_6_ID0.txt,ERROR: Model too large for size-limited license; visit https://gurobi.com/unrestricted for more information
/home/garrett/coding/Ising_Model_Instances/data/4D/DRL/1296/DRL_6_ID14.txt,ERROR: Model too large for size-limited license; visit https://gurobi.com/unrestricted for more information
/home/garrett/coding/Ising_Model_Instances/data/4D/DRL/1296/DRL_6_ID44.txt,ERROR: Model too large for size-limited license; visit https://gurobi.com/unrestricted for more information
/home/garrett/coding/Ising_Model_Instances/data/4D/DRL/1296/DRL_6_ID7.txt,ERROR: Model too large for size-limited license; visit https://gurobi.com/unrestricted for more information
/home/garrett/coding/Ising_Model_Instances/data/4D/DRL/1296/DRL_6_ID88.txt,ERROR: Model too large for size-limited license; visit https://gurobi.com/unrestricted for more information
/home/garrett/coding/Ising_Model_Instances/data/4D/DRL/1296/DRL_6_ID82.txt,ERROR: Model too large for size-limited license; visit https://gurobi.com/unrestricted for more information
/home/garrett/coding/Ising_Model_Instances/data/4D/DRL/1296/DRL_6_ID9.txt,ERROR: Model too large for size-limited license; visit https://gurobi.com/unrestricted for more information
/home/garrett/coding/Ising_Model_Instances/data/4D/DRL/1296/DRL_6_ID26.txt,ERROR: Model too large for size-limited license; visit https://gurobi.com/unrestricted for more information
/home/garrett/coding/Ising_Model_Instances/data/4D/DRL/1296/DRL_6_ID78.txt,ERROR: Model too large for size-limited license; visit https://gurobi.com/unrestricted for more information
/home/garrett/coding/Ising_Model_Instances/data/4D/DRL/1296/DRL_6_ID37.txt,ERROR: Model too large for size-limited license; visit https://gurobi.com/unrestricted for more information
/home/garrett/coding/Ising_Model_Instances/data/4D/DRL/1296/DRL_6_ID6.txt,ERROR: Model too large for size-limited license; visit https://gurobi.com/unrestricted for more information
/home/garrett/coding/Ising_Model_Instances/data/4D/DRL/1296/DRL_6_ID4.txt,ERROR: Model too large for size-limited license; visit https://gurobi.com/unrestricted for more information
/home/garrett/coding/Ising_Model_Instances/data/4D/DRL/1296/DRL_6_ID56.txt,ERROR: Model too large for size-limited license; visit https://gurobi.com/unrestricted for more information
/home/garrett/coding/Ising_Model_Instances/data/4D/DRL/1296/DRL_6_ID5.txt,ERROR: Model too large for size-limited license; visit https://gurobi.com/unrestricted for more information
/home/garrett/coding/Ising_Model_Instances/data/4D/DRL/1296/DRL_6_ID25.txt,ERROR: Model too large for size-limited license; visit https://gurobi.com/unrestricted for more information
/home/garrett/coding/Ising_Model_Instances/data/4D/DRL/1296/DRL_6_ID32.txt,ERROR: Model too large for size-limited license; visit https://gurobi.com/unrestricted for more information
/home/garrett/coding/Ising_Model_Instances/data/4D/DRL/1296/DRL_6_ID81.txt,ERROR: Model too large for size-limited license; visit https://gurobi.com/unrestricted for more information
/home/garrett/coding/Ising_Model_Instances/data/4D/DRL/1296/DRL_6_ID12.txt,ERROR: Model too large for size-limited license; visit https://gurobi.com/unrestricted for more information
/home/garrett/coding/Ising_Model_Instances/data/4D/DRL/1296/DRL_6_ID42.txt,ERROR: Model too large for size-limited license; visit https://gurobi.com/unrestricted for more information
/home/garrett/coding/Ising_Model_Instances/data/4D/DRL/1296/DRL_6_ID8.txt,ERROR: Model too large for size-limited license; visit https://gurobi.com/unrestricted for more information
/home/garrett/coding/Ising_Model_Instances/data/4D/DRL/1296/DRL_6_ID66.txt,ERROR: Model too large for size-limited license; visit https://gurobi.com/unrestricted for more information
/home/garrett/coding/Ising_Model_Instances/data/4D/DRL/1296/DRL_6_ID15.txt,ERROR: Model too large for size-limited license; visit https://gurobi.com/unrestricted for more information
/home/garrett/coding/Ising_Model_Instances/data/4D/DRL/1296/DRL_6_ID45.txt,ERROR: Model too large for size-limited license; visit https://gurobi.com/unrestricted for more information
/home/garrett/coding/Ising_Model_Instances/data/4D/DRL/1296/DRL_6_ID54.txt,ERROR: Model too large for size-limited license; visit https://gurobi.com/unrestricted for more information
/home/garrett/coding/Ising_Model_Instances/data/4D/DRL/1296/DRL_6_ID52.txt,ERROR: Model too large for size-limited license; visit https://gurobi.com/unrestricted for more information
/home/garrett/coding/Ising_Model_Instances/data/4D/DRL/1296/DRL_6_ID91.txt,ERROR: Model too large for size-limited license; visit https://gurobi.com/unrestricted for more information
/home/garrett/coding/Ising_Model_Instances/data/4D/DRL/1296/DRL_6_ID50.txt,ERROR: Model too large for size-limited license; visit https://gurobi.com/unrestricted for more information
/home/garrett/coding/Ising_Model_Instances/data/4D/DRL/1296/DRL_6_ID72.txt,ERROR: Model too large for size-limited license; visit https://gurobi.com/unrestricted for more information
/home/garrett/coding/Ising_Model_Instances/data/4D/DRL/1296/DRL_6_ID11.txt,ERROR: Model too large for size-limited license; visit https://gurobi.com/unrestricted for more information
/home/garrett/coding/Ising_Model_Instances/data/4D/DRL/1296/DRL_6_ID39.txt,ERROR: Model too large for size-limited license; visit https://gurobi.com/unrestricted for more information
/home/garrett/coding/Ising_Model_Instances/data/4D/DRL/1296/DRL_6_ID84.txt,ERROR: Model too large for size-limited license; visit https://gurobi.com/unrestricted for more information
/home/garrett/coding/Ising_Model_Instances/data/4D/DRL/1296/DRL_6_ID94.txt,ERROR: Model too large for size-limited license; visit https://gurobi.com/unrestricted for more information
/home/garrett/coding/Ising_Model_Instances/data/4D/DRL/1296/DRL_6_ID63.txt,ERROR: Model too large for size-limited license; visit https://gurobi.com/unrestricted for more information
/home/garrett/coding/Ising_Model_Instances/data/4D/DRL/1296/DRL_6_ID46.txt,ERROR: Model too large for size-limited license; visit https://gurobi.com/unrestricted for more information
/home/garrett/coding/Ising_Model_Instances/data/4D/DRL/1296/DRL_6_ID27.txt,ERROR: Model too large for size-limited license; visit https://gurobi.com/unrestricted for more information
/home/garrett/coding/Ising_Model_Instances/data/4D/DRL/1296/DRL_6_ID76.txt,ERROR: Model too large for size-limited license; visit https://gurobi.com/unrestricted for more information
/home/garrett/coding/Ising_Model_Instances/data/4D/DRL/1296/DRL_6_ID21.txt,ERROR: Model too large for size-limited license; visit https://gurobi.com/unrestricted for more information
/home/garrett/coding/Ising_Model_Instances/data/4D/DRL/1296/DRL_6_ID23.txt,ERROR: Model too large for size-limited license; visit https://gurobi.com/unrestricted for more information
/home/garrett/coding/Ising_Model_Instances/data/4D/DRL/1296/DRL_6_ID58.txt,ERROR: Model too large for size-limited license; visit https://gurobi.com/unrestricted for more information
/home/garrett/coding/Ising_Model_Instances/data/4D/DRL/1296/DRL_6_ID31.txt,ERROR: Model too large for size-limited license; visit https://gurobi.com/unrestricted for more information
/home/garrett/coding/Ising_Model_Instances/data/4D/DRL/1296/DRL_6_ID18.txt,ERROR: Model too large for size-limited license; visit https://gurobi.com/unrestricted for more information
/home/garrett/coding/Ising_Model_Instances/data/4D/DRL/1296/DRL_6_ID20.txt,ERROR: Model too large for size-limited license; visit https://gurobi.com/unrestricted for more information
/home/garrett/coding/Ising_Model_Instances/data/4D/DRL/1296/DRL_6_ID97.txt,ERROR: Model too large for size-limited license; visit https://gurobi.com/unrestricted for more information
/home/garrett/coding/Ising_Model_Instances/data/4D/DRL/1296/DRL_6_ID19.txt,ERROR: Model too large for size-limited license; visit https://gurobi.com/unrestricted for more information
/home/garrett/coding/Ising_Model_Instances/data/4D/DRL/1296/DRL_6_ID49.txt,ERROR: Model too large for size-limited license; visit https://gurobi.com/unrestricted for more information
/home/garrett/coding/Ising_Model_Instances/data/4D/DRL/1296/DRL_6_ID92.txt,ERROR: Model too large for size-limited license; visit https://gurobi.com/unrestricted for more information
/home/garrett/coding/Ising_Model_Instances/data/4D/DRL/1296/DRL_6_ID90.txt,ERROR: Model too large for size-limited license; visit https://gurobi.com/unrestricted for more information
/home/garrett/coding/Ising_Model_Instances/data/4D/DRL/1296/DRL_6_ID16.txt,ERROR: Model too large for size-limited license; visit https://gurobi.com/unrestricted for more information
/home/garrett/coding/Ising_Model_Instances/data/4D/DRL/1296/DRL_6_ID34.txt,ERROR: Model too large for size-limited license; visit https://gurobi.com/unrestricted for more information
/home/garrett/coding/Ising_Model_Instances/data/4D/DRL/1296/DRL_6_ID75.txt,ERROR: Model too large for size-limited license; visit https://gurobi.com/unrestricted for more information
/home/garrett/coding/Ising_Model_Instances/data/4D/DRL/1296/DRL_6_ID53.txt,ERROR: Model too large for size-limited license; visit https://gurobi.com/unrestricted for more information
/home/garrett/coding/Ising_Model_Instances/data/4D/DRL/1296/DRL_6_ID13.txt,ERROR: Model too large for size-limited license; visit https://gurobi.com/unrestricted for more information
/home/garrett/coding/Ising_Model_Instances/data/4D/DRL/1296/DRL_6_ID62.txt,ERROR: Model too large for size-limited license; visit https://gurobi.com/unrestricted for more information
/home/garrett/coding/Ising_Model_Instances/data/4D/DRL/1296/DRL_6_ID95.txt,ERROR: Model too large for size-limited license; visit https://gurobi.com/unrestricted for more information
/home/garrett/coding/Ising_Model_Instances/data/4D/DRL/1296/DRL_6_ID73.txt,ERROR: Model too large for size-limited license; visit https://gurobi.com/unrestricted for more information
/home/garrett/coding/Ising_Model_Instances/data/4D/DRL/1296/DRL_6_ID79.txt,ERROR: Model too large for size-limited license; visit https://gurobi.com/unrestricted for more information
/home/garrett/coding/Ising_Model_Instances/data/4D/DRL/1296/DRL_6_ID17.txt,ERROR: Model too large for size-limited license; visit https://gurobi.com/unrestricted for more information
/home/garrett/coding/Ising_Model_Instances/data/4D/DRL/1296/DRL_6_ID47.txt,ERROR: Model too large for size-limited license; visit https://gurobi.com/unrestricted for more information
/home/garrett/coding/Ising_Model_Instances/data/4D/DRL/1296/DRL_6_ID48.txt,ERROR: Model too large for size-limited license; visit https://gurobi.com/unrestricted for more information
/home/garrett/coding/Ising_Model_Instances/data/4D/DRL/1296/DRL_6_ID74.txt,ERROR: Model too large for size-limited license; visit https://gurobi.com/unrestricted for more information
/home/garrett/coding/Ising_Model_Instances/data/4D/DRL/625/DRL_5_ID30.txt,ERROR: Model too large for size-limited license; visit https://gurobi.com/unrestricted for more information
/home/garrett/coding/Ising_Model_Instances/data/4D/DRL/625/DRL_5_ID23.txt,ERROR: Model too large for size-limited license; visit https://gurobi.com/unrestricted for more information
/home/garrett/coding/Ising_Model_Instances/data/4D/DRL/625/DRL_5_ID52.txt,ERROR: Model too large for size-limited license; visit https://gurobi.com/unrestricted for more information
/home/garrett/coding/Ising_Model_Instances/data/4D/DRL/625/DRL_5_ID55.txt,ERROR: Model too large for size-limited license; visit https://gurobi.com/unrestricted for more information
/home/garrett/coding/Ising_Model_Instances/data/4D/DRL/625/DRL_5_ID99.txt,ERROR: Model too large for size-limited license; visit https://gurobi.com/unrestricted for more information
/home/garrett/coding/Ising_Model_Instances/data/4D/DRL/625/DRL_5_ID49.txt,ERROR: Model too large for size-limited license; visit https://gurobi.com/unrestricted for more information
/home/garrett/coding/Ising_Model_Instances/data/4D/DRL/625/DRL_5_ID38.txt,ERROR: Model too large for size-limited license; visit https://gurobi.com/unrestricted for more information
/home/garrett/coding/Ising_Model_Instances/data/4D/DRL/625/DRL_5_ID24.txt,ERROR: Model too large for size-limited license; visit https://gurobi.com/unrestricted for more information
/home/garrett/coding/Ising_Model_Instances/data/4D/DRL/625/DRL_5_ID79.txt,ERROR: Model too large for size-limited license; visit https://gurobi.com/unrestricted for more information
/home/garrett/coding/Ising_Model_Instances/data/4D/DRL/625/DRL_5_ID37.txt,ERROR: Model too large for size-limited license; visit https://gurobi.com/unrestricted for more information
/home/garrett/coding/Ising_Model_Instances/data/4D/DRL/625/DRL_5_ID70.txt,ERROR: Model too large for size-limited license; visit https://gurobi.com/unrestricted for more information
/home/garrett/coding/Ising_Model_Instances/data/4D/DRL/625/DRL_5_ID76.txt,ERROR: Model too large for size-limited license; visit https://gurobi.com/unrestricted for more information
/home/garrett/coding/Ising_Model_Instances/data/4D/DRL/625/DRL_5_ID42.txt,ERROR: Model too large for size-limited license; visit https://gurobi.com/unrestricted for more information
/home/garrett/coding/Ising_Model_Instances/data/4D/DRL/625/DRL_5_ID98.txt,ERROR: Model too large for size-limited license; visit https://gurobi.com/unrestricted for more information
/home/garrett/coding/Ising_Model_Instances/data/4D/DRL/625/DRL_5_ID25.txt,ERROR: Model too large for size-limited license; visit https://gurobi.com/unrestricted for more information
/home/garrett/coding/Ising_Model_Instances/data/4D/DRL/625/DRL_5_ID92.txt,ERROR: Model too large for size-limited license; visit https://gurobi.com/unrestricted for more information
/home/garrett/coding/Ising_Model_Instances/data/4D/DRL/625/DRL_5_ID22.txt,ERROR: Model too large for size-limited license; visit https://gurobi.com/unrestricted for more information
/home/garrett/coding/Ising_Model_Instances/data/4D/DRL/625/DRL_5_ID33.txt,ERROR: Model too large for size-limited license; visit https://gurobi.com/unrestricted for more information
/home/garrett/coding/Ising_Model_Instances/data/4D/DRL/625/DRL_5_ID71.txt,ERROR: Model too large for size-limited license; visit https://gurobi.com/unrestricted for more information
/home/garrett/coding/Ising_Model_Instances/data/4D/DRL/625/DRL_5_ID44.txt,ERROR: Model too large for size-limited license; visit https://gurobi.com/unrestricted for more information
/home/garrett/coding/Ising_Model_Instances/data/4D/DRL/625/DRL_5_ID83.txt,ERROR: Model too large for size-limited license; visit https://gurobi.com/unrestricted for more information
/home/garrett/coding/Ising_Model_Instances/data/4D/DRL/625/DRL_5_ID91.txt,ERROR: Model too large for size-limited license; visit https://gurobi.com/unrestricted for more information
/home/garrett/coding/Ising_Model_Instances/data/4D/DRL/625/DRL_5_ID96.txt,ERROR: Model too large for size-limited license; visit https://gurobi.com/unrestricted for more information
/home/garrett/coding/Ising_Model_Instances/data/4D/DRL/625/DRL_5_ID80.txt,ERROR: Model too large for size-limited license; visit https://gurobi.com/unrestricted for more information
/home/garrett/coding/Ising_Model_Instances/data/4D/DRL/625/DRL_5_ID36.txt,ERROR: Model too large for size-limited license; visit https://gurobi.com/unrestricted for more information
/home/garrett/coding/Ising_Model_Instances/data/4D/DRL/625/DRL_5_ID7.txt,ERROR: Model too large for size-limited license; visit https://gurobi.com/unrestricted for more information
/home/garrett/coding/Ising_Model_Instances/data/4D/DRL/625/DRL_5_ID90.txt,ERROR: Model too large for size-limited license; visit https://gurobi.com/unrestricted for more information
/home/garrett/coding/Ising_Model_Instances/data/4D/DRL/625/DRL_5_ID63.txt,ERROR: Model too large for size-limited license; visit https://gurobi.com/unrestricted for more information
/home/garrett/coding/Ising_Model_Instances/data/4D/DRL/625/DRL_5_ID77.txt,ERROR: Model too large for size-limited license; visit https://gurobi.com/unrestricted for more information
/home/garrett/coding/Ising_Model_Instances/data/4D/DRL/625/DRL_5_ID78.txt,ERROR: Model too large for size-limited license; visit https://gurobi.com/unrestricted for more information
/home/garrett/coding/Ising_Model_Instances/data/4D/DRL/625/DRL_5_ID47.txt,ERROR: Model too large for size-limited license; visit https://gurobi.com/unrestricted for more information
/home/garrett/coding/Ising_Model_Instances/data/4D/DRL/625/DRL_5_ID17.txt,ERROR: Model too large for size-limited license; visit https://gurobi.com/unrestricted for more information
/home/garrett/coding/Ising_Model_Instances/data/4D/DRL/625/DRL_5_ID45.txt,ERROR: Model too large for size-limited license; visit https://gurobi.com/unrestricted for more information
/home/garrett/coding/Ising_Model_Instances/data/4D/DRL/625/DRL_5_ID9.txt,ERROR: Model too large for size-limited license; visit https://gurobi.com/unrestricted for more information
/home/garrett/coding/Ising_Model_Instances/data/4D/DRL/625/DRL_5_ID35.txt,ERROR: Model too large for size-limited license; visit https://gurobi.com/unrestricted for more information
/home/garrett/coding/Ising_Model_Instances/data/4D/DRL/625/DRL_5_ID69.txt,ERROR: Model too large for size-limited license; visit https://gurobi.com/unrestricted for more information
/home/garrett/coding/Ising_Model_Instances/data/4D/DRL/625/DRL_5_ID85.txt,ERROR: Model too large for size-limited license; visit https://gurobi.com/unrestricted for more information
/home/garrett/coding/Ising_Model_Instances/data/4D/DRL/625/DRL_5_ID68.txt,ERROR: Model too large for size-limited license; visit https://gurobi.com/unrestricted for more information
/home/garrett/coding/Ising_Model_Instances/data/4D/DRL/625/DRL_5_ID34.txt,ERROR: Model too large for size-limited license; visit https://gurobi.com/unrestricted for more information
/home/garrett/coding/Ising_Model_Instances/data/4D/DRL/625/DRL_5_ID10.txt,ERROR: Model too large for size-limited license; visit https://gurobi.com/unrestricted for more information
/home/garrett/coding/Ising_Model_Instances/data/4D/DRL/625/DRL_5_ID57.txt,ERROR: Model too large for size-limited license; visit https://gurobi.com/unrestricted for more information
/home/garrett/coding/Ising_Model_Instances/data/4D/DRL/625/DRL_5_ID56.txt,ERROR: Model too large for size-limited license; visit https://gurobi.com/unrestricted for more information
/home/garrett/coding/Ising_Model_Instances/data/4D/DRL/625/DRL_5_ID66.txt,ERROR: Model too large for size-limited license; visit https://gurobi.com/unrestricted for more information
/home/garrett/coding/Ising_Model_Instances/data/4D/DRL/625/DRL_5_ID20.txt,ERROR: Model too large for size-limited license; visit https://gurobi.com/unrestricted for more information
/home/garrett/coding/Ising_Model_Instances/data/4D/DRL/625/DRL_5_ID5.txt,ERROR: Model too large for size-limited license; visit https://gurobi.com/unrestricted for more information
/home/garrett/coding/Ising_Model_Instances/data/4D/DRL/625/DRL_5_ID64.txt,ERROR: Model too large for size-limited license; visit https://gurobi.com/unrestricted for more information
/home/garrett/coding/Ising_Model_Instances/data/4D/DRL/625/DRL_5_ID13.txt,ERROR: Model too large for size-limited license; visit https://gurobi.com/unrestricted for more information
/home/garrett/coding/Ising_Model_Instances/data/4D/DRL/625/DRL_5_ID73.txt,ERROR: Model too large for size-limited license; visit https://gurobi.com/unrestricted for more information
/home/garrett/coding/Ising_Model_Instances/data/4D/DRL/625/DRL_5_ID28.txt,ERROR: Model too large for size-limited license; visit https://gurobi.com/unrestricted for more information
/home/garrett/coding/Ising_Model_Instances/data/4D/DRL/625/DRL_5_ID95.txt,ERROR: Model too large for size-limited license; visit https://gurobi.com/unrestricted for more information
/home/garrett/coding/Ising_Model_Instances/data/4D/DRL/625/DRL_5_ID89.txt,ERROR: Model too large for size-limited license; visit https://gurobi.com/unrestricted for more information
/home/garrett/coding/Ising_Model_Instances/data/4D/DRL/625/DRL_5_ID12.txt,ERROR: Model too large for size-limited license; visit https://gurobi.com/unrestricted for more information
/home/garrett/coding/Ising_Model_Instances/data/4D/DRL/625/DRL_5_ID8.txt,ERROR: Model too large for size-limited license; visit https://gurobi.com/unrestricted for more information
/home/garrett/coding/Ising_Model_Instances/data/4D/DRL/625/DRL_5_ID81.txt,ERROR: Model too large for size-limited license; visit https://gurobi.com/unrestricted for more information
/home/garrett/coding/Ising_Model_Instances/data/4D/DRL/625/DRL_5_ID11.txt,ERROR: Model too large for size-limited license; visit https://gurobi.com/unrestricted for more information
/home/garrett/coding/Ising_Model_Instances/data/4D/DRL/625/DRL_5_ID65.txt,ERROR: Model too large for size-limited license; visit https://gurobi.com/unrestricted for more information
/home/garrett/coding/Ising_Model_Instances/data/4D/DRL/625/DRL_5_ID6.txt,ERROR: Model too large for size-limited license; visit https://gurobi.com/unrestricted for more information
/home/garrett/coding/Ising_Model_Instances/data/4D/DRL/625/DRL_5_ID94.txt,ERROR: Model too large for size-limited license; visit https://gurobi.com/unrestricted for more information
/home/garrett/coding/Ising_Model_Instances/data/4D/DRL/625/DRL_5_ID75.txt,ERROR: Model too large for size-limited license; visit https://gurobi.com/unrestricted for more information
/home/garrett/coding/Ising_Model_Instances/data/4D/DRL/625/DRL_5_ID43.txt,ERROR: Model too large for size-limited license; visit https://gurobi.com/unrestricted for more information
/home/garrett/coding/Ising_Model_Instances/data/4D/DRL/625/DRL_5_ID48.txt,ERROR: Model too large for size-limited license; visit https://gurobi.com/unrestricted for more information
/home/garrett/coding/Ising_Model_Instances/data/4D/DRL/625/DRL_5_ID29.txt,ERROR: Model too large for size-limited license; visit https://gurobi.com/unrestricted for more information
/home/garrett/coding/Ising_Model_Instances/data/4D/DRL/625/DRL_5_ID84.txt,ERROR: Model too large for size-limited license; visit https://gurobi.com/unrestricted for more information
/home/garrett/coding/Ising_Model_Instances/data/4D/DRL/625/DRL_5_ID2.txt,ERROR: Model too large for size-limited license; visit https://gurobi.com/unrestricted for more information
/home/garrett/coding/Ising_Model_Instances/data/4D/DRL/625/DRL_5_ID51.txt,ERROR: Model too large for size-limited license; visit https://gurobi.com/unrestricted for more information
/home/garrett/coding/Ising_Model_Instances/data/4D/DRL/625/DRL_5_ID86.txt,ERROR: Model too large for size-limited license; visit https://gurobi.com/unrestricted for more information
/home/garrett/coding/Ising_Model_Instances/data/4D/DRL/625/DRL_5_ID54.txt,ERROR: Model too large for size-limited license; visit https://gurobi.com/unrestricted for more information
/home/garrett/coding/Ising_Model_Instances/data/4D/DRL/625/DRL_5_ID93.txt,ERROR: Model too large for size-limited license; visit https://gurobi.com/unrestricted for more information
/home/garrett/coding/Ising_Model_Instances/data/4D/DRL/625/DRL_5_ID39.txt,ERROR: Model too large for size-limited license; visit https://gurobi.com/unrestricted for more information
/home/garrett/coding/Ising_Model_Instances/data/4D/DRL/625/DRL_5_ID3.txt,ERROR: Model too large for size-limited license; visit https://gurobi.com/unrestricted for more information
/home/garrett/coding/Ising_Model_Instances/data/4D/DRL/625/DRL_5_ID61.txt,ERROR: Model too large for size-limited license; visit https://gurobi.com/unrestricted for more information
/home/garrett/coding/Ising_Model_Instances/data/4D/DRL/625/DRL_5_ID58.txt,ERROR: Model too large for size-limited license; visit https://gurobi.com/unrestricted for more information
/home/garrett/coding/Ising_Model_Instances/data/4D/DRL/625/DRL_5_ID15.txt,ERROR: Model too large for size-limited license; visit https://gurobi.com/unrestricted for more information
/home/garrett/coding/Ising_Model_Instances/data/4D/DRL/625/DRL_5_ID1.txt,ERROR: Model too large for size-limited license; visit https://gurobi.com/unrestricted for more information
/home/garrett/coding/Ising_Model_Instances/data/4D/DRL/625/DRL_5_ID18.txt,ERROR: Model too large for size-limited license; visit https://gurobi.com/unrestricted for more information
/home/garrett/coding/Ising_Model_Instances/data/4D/DRL/625/DRL_5_ID41.txt,ERROR: Model too large for size-limited license; visit https://gurobi.com/unrestricted for more information
/home/garrett/coding/Ising_Model_Instances/data/4D/DRL/625/DRL_5_ID60.txt,ERROR: Model too large for size-limited license; visit https://gurobi.com/unrestricted for more information
/home/garrett/coding/Ising_Model_Instances/data/4D/DRL/625/DRL_5_ID4.txt,ERROR: Model too large for size-limited license; visit https://gurobi.com/unrestricted for more information
/home/garrett/coding/Ising_Model_Instances/data/4D/DRL/625/DRL_5_ID46.txt,ERROR: Model too large for size-limited license; visit https://gurobi.com/unrestricted for more information
/home/garrett/coding/Ising_Model_Instances/data/4D/DRL/625/DRL_5_ID87.txt,ERROR: Model too large for size-limited license; visit https://gurobi.com/unrestricted for more information
/home/garrett/coding/Ising_Model_Instances/data/4D/DRL/625/DRL_5_ID88.txt,ERROR: Model too large for size-limited license; visit https://gurobi.com/unrestricted for more information
/home/garrett/coding/Ising_Model_Instances/data/4D/DRL/625/DRL_5_ID53.txt,ERROR: Model too large for size-limited license; visit https://gurobi.com/unrestricted for more information
/home/garrett/coding/Ising_Model_Instances/data/4D/DRL/625/DRL_5_ID14.txt,ERROR: Model too large for size-limited license; visit https://gurobi.com/unrestricted for more information
/home/garrett/coding/Ising_Model_Instances/data/4D/DRL/625/DRL_5_ID62.txt,ERROR: Model too large for size-limited license; visit https://gurobi.com/unrestricted for more information
/home/garrett/coding/Ising_Model_Instances/data/4D/DRL/625/DRL_5_ID19.txt,ERROR: Model too large for size-limited license; visit https://gurobi.com/unrestricted for more information
/home/garrett/coding/Ising_Model_Instances/data/4D/DRL/625/DRL_5_ID97.txt,ERROR: Model too large for size-limited license; visit https://gurobi.com/unrestricted for more information
/home/garrett/coding/Ising_Model_Instances/data/4D/DRL/625/DRL_5_ID0.txt,ERROR: Model too large for size-limited license; visit https://gurobi.com/unrestricted for more information
/home/garrett/coding/Ising_Model_Instances/data/4D/DRL/625/DRL_5_ID27.txt,ERROR: Model too large for size-limited license; visit https://gurobi.com/unrestricted for more information
/home/garrett/coding/Ising_Model_Instances/data/4D/DRL/625/DRL_5_ID31.txt,ERROR: Model too large for size-limited license; visit https://gurobi.com/unrestricted for more information
/home/garrett/coding/Ising_Model_Instances/data/4D/DRL/625/DRL_5_ID50.txt,ERROR: Model too large for size-limited license; visit https://gurobi.com/unrestricted for more information
/home/garrett/coding/Ising_Model_Instances/data/4D/DRL/625/DRL_5_ID59.txt,ERROR: Model too large for size-limited license; visit https://gurobi.com/unrestricted for more information
/home/garrett/coding/Ising_Model_Instances/data/4D/DRL/625/DRL_5_ID32.txt,ERROR: Model too large for size-limited license; visit https://gurobi.com/unrestricted for more information
/home/garrett/coding/Ising_Model_Instances/data/4D/DRL/625/DRL_5_ID82.txt,ERROR: Model too large for size-limited license; visit https://gurobi.com/unrestricted for more information
/home/garrett/coding/Ising_Model_Instances/data/4D/DRL/625/DRL_5_ID16.txt,ERROR: Model too large for size-limited license; visit https://gurobi.com/unrestricted for more information
/home/garrett/coding/Ising_Model_Instances/data/4D/DRL/625/DRL_5_ID72.txt,ERROR: Model too large for size-limited license; visit https://gurobi.com/unrestricted for more information
/home/garrett/coding/Ising_Model_Instances/data/4D/DRL/625/DRL_5_ID26.txt,ERROR: Model too large for size-limited license; visit https://gurobi.com/unrestricted for more information
/home/garrett/coding/Ising_Model_Instances/data/4D/DRL/625/DRL_5_ID74.txt,ERROR: Model too large for size-limited license; visit https://gurobi.com/unrestricted for more information
/home/garrett/coding/Ising_Model_Instances/data/4D/DRL/625/DRL_5_ID21.txt,ERROR: Model too large for size-limited license; visit https://gurobi.com/unrestricted for more information
/home/garrett/coding/Ising_Model_Instances/data/4D/DRL/625/DRL_5_ID40.txt,ERROR: Model too large for size-limited license; visit https://gurobi.com/unrestricted for more information
/home/garrett/coding/Ising_Model_Instances/data/4D/DRL/625/DRL_5_ID67.txt,ERROR: Model too large for size-limited license; visit https://gurobi.com/unrestricted for more information
/home/garrett/coding/Ising_Model_Instances/data/3D/BCQS/24/N24_seed10.txt,0101000001101010111110010
/home/garrett/coding/Ising_Model_Instances/data/3D/BCQS/24/N24_seed13.txt,0111000001001000111110110
/home/garrett/coding/Ising_Model_Instances/data/3D/BCQS/24/N24_seed16.txt,0001011111101110100000010
/home/garrett/coding/Ising_Model_Instances/data/3D/BCQS/24/N24_seed0.txt,0010000011101101111100010
/home/garrett/coding/Ising_Model_Instances/data/3D/BCQS/24/N24_seed19.txt,0110110010010001001101101
/home/garrett/coding/Ising_Model_Instances/data/3D/BCQS/24/N24_seed11.txt,0000010010001111101101110
/home/garrett/coding/Ising_Model_Instances/data/3D/BCQS/24/N24_seed12.txt,0001110011101110001100010
/home/garrett/coding/Ising_Model_Instances/data/3D/BCQS/24/N24_seed18.txt,0111011010000000100101111
/home/garrett/coding/Ising_Model_Instances/data/3D/BCQS/24/N24_seed6.txt,0010001110011101110001100
/home/garrett/coding/Ising_Model_Instances/data/3D/BCQS/24/N24_seed9.txt,0100011000001011100111110
/home/garrett/coding/Ising_Model_Instances/data/3D/BCQS/24/N24_seed3.txt,0110010000100001101111011
/home/garrett/coding/Ising_Model_Instances/data/3D/BCQS/24/N24_seed1.txt,0011000000100100111111011
/home/garrett/coding/Ising_Model_Instances/data/3D/BCQS/24/N24_seed4.txt,0001010100011110101011100
/home/garrett/coding/Ising_Model_Instances/data/3D/BCQS/24/N24_seed8.txt,0111110111010000001000101
/home/garrett/coding/Ising_Model_Instances/data/3D/BCQS/24/N24_seed2.txt,0110011101111001100010000
/home/garrett/coding/Ising_Model_Instances/data/3D/BCQS/24/N24_seed15.txt,0101111000100010000111011
/home/garrett/coding/Ising_Model_Instances/data/3D/BCQS/24/N24_seed7.txt,0100100110111011011001000
/home/garrett/coding/Ising_Model_Instances/data/3D/BCQS/24/N24_seed17.txt,0011000101010100111010101
/home/garrett/coding/Ising_Model_Instances/data/3D/BCQS/24/N24_seed14.txt,0101011001010010100110101
/home/garrett/coding/Ising_Model_Instances/data/3D/BCQS/24/N24_seed5.txt,0010001000000101110111111
/home/garrett/coding/Ising_Model_Instances/data/3D/BCQS/36/N36_seed0.txt,0001100101010001100110011010101110011
/home/garrett/coding/Ising_Model_Instances/data/3D/BCQS/36/N36_seed9.txt,0000011111110100010111100000001011101
/home/garrett/coding/Ising_Model_Instances/data/3D/BCQS/36/N36_seed1.txt,0010011100100111010101100011011000101
/home/garrett/coding/Ising_Model_Instances/data/3D/BCQS/36/N36_seed3.txt,0110010011001110001001101100110001110
/home/garrett/coding/Ising_Model_Instances/data/3D/BCQS/36/N36_seed17.txt,0001111101110110101110000010001001010
/home/garrett/coding/Ising_Model_Instances/data/3D/BCQS/36/N36_seed14.txt,0010000001111101000101111110000010111
/home/garrett/coding/Ising_Model_Instances/data/3D/BCQS/36/N36_seed19.txt,0110010110001110001001101001110001110
/home/garrett/coding/Ising_Model_Instances/data/3D/BCQS/36/N36_seed13.txt,0111010001110110011000101110001001100
/home/garrett/coding/Ising_Model_Instances/data/3D/BCQS/36/N36_seed7.txt,0010011101100110111101100010011001000
/home/garrett/coding/Ising_Model_Instances/data/3D/BCQS/36/N36_seed8.txt,0111110100010000111000001011101111000
/home/garrett/coding/Ising_Model_Instances/data/3D/BCQS/36/N36_seed12.txt,0010111100011100000101000011100011111
/home/garrett/coding/Ising_Model_Instances/data/3D/BCQS/36/N36_seed15.txt,0010000000000011001101111111111100110
/home/garrett/coding/Ising_Model_Instances/data/3D/BCQS/36/N36_seed18.txt,0000100000000111100111011111111000011
/home/garrett/coding/Ising_Model_Instances/data/3D/BCQS/36/N36_seed6.txt,0101101110100110001010010001011001110
/home/garrett/coding/Ising_Model_Instances/data/3D/BCQS/36/N36_seed4.txt,0001100011000110011110011100111001100
/home/garrett/coding/Ising_Model_Instances/data/3D/BCQS/36/N36_seed16.txt,0110010100010110100001101011101001011
/home/garrett/coding/Ising_Model_Instances/data/3D/BCQS/36/N36_seed5.txt,0101100111100110000010011000011001111
/home/garrett/coding/Ising_Model_Instances/data/3D/BCQS/36/N36_seed2.txt,0001100101100100011110011010011011100
/home/garrett/coding/Ising_Model_Instances/data/3D/BCQS/36/N36_seed10.txt,0010011001111100001101100110000011110
/home/garrett/coding/Ising_Model_Instances/data/3D/BCQS/36/N36_seed11.txt,0110001100010001000001110011101110111
/home/garrett/coding/Ising_Model_Instances/data/3D/BCQS/54/N54_seed13.txt,0111010000001100100100100010000101111110011011011011101
/home/garrett/coding/Ising_Model_Instances/data/3D/BCQS/54/N54_seed3.txt,0110101011111000110111000100001010100000111001000111011
/home/garrett/coding/Ising_Model_Instances/data/3D/BCQS/54/N54_seed16.txt,0110100000010101000101110101001011111101010111010001010
/home/garrett/coding/Ising_Model_Instances/data/3D/BCQS/54/N54_seed12.txt,0110111111101010101100001101001000000010101010011110010
/home/garrett/coding/Ising_Model_Instances/data/3D/BCQS/54/N54_seed19.txt,0110001110100000001111001100001110001011111110000110011
/home/garrett/coding/Ising_Model_Instances/data/3D/BCQS/54/N54_seed9.txt,0100010000110010010001100110011101111001101101110011001
/home/garrett/coding/Ising_Model_Instances/data/3D/BCQS/54/N54_seed4.txt,0110011111101110101100000010001100000010001010011111101
/home/garrett/coding/Ising_Model_Instances/data/3D/BCQS/54/N54_seed18.txt,0111101011000011101100111111000010100111100010011000000
/home/garrett/coding/Ising_Model_Instances/data/3D/BCQS/54/N54_seed6.txt,0011101001111001010111000100100010110000110101000111011
/home/garrett/coding/Ising_Model_Instances/data/3D/BCQS/54/N54_seed8.txt,0111110011011110001111101100000001100100001110000010011
/home/garrett/coding/Ising_Model_Instances/data/3D/BCQS/54/N54_seed0.txt,0101000011100110101011010101010111100011001010100101010
/home/garrett/coding/Ising_Model_Instances/data/3D/BCQS/54/N54_seed1.txt,0010100111100001101000011111101011000011110010111100000
/home/garrett/coding/Ising_Model_Instances/data/3D/BCQS/54/N54_seed11.txt,0001001100001001011011010010110110011110110100100101101
/home/garrett/coding/Ising_Model_Instances/data/3D/BCQS/54/N54_seed2.txt,0000100101111011100010000110111011010000100011101111001
/home/garrett/coding/Ising_Model_Instances/data/3D/BCQS/54/N54_seed10.txt,0010110110000101011111110010101001001111010100000001101
/home/garrett/coding/Ising_Model_Instances/data/3D/BCQS/54/N54_seed15.txt,0010000000011101001111111001101111111100010110000000110
/home/garrett/coding/Ising_Model_Instances/data/3D/BCQS/54/N54_seed14.txt,0101101111011010000010010010010010000100101111101101101
/home/garrett/coding/Ising_Model_Instances/data/3D/BCQS/54/N54_seed7.txt,0011011001101110111000100010100100110010001000111011101
/home/garrett/coding/Ising_Model_Instances/data/3D/BCQS/54/N54_seed5.txt,0110010111111000011000001101001101000000111100111110010
/home/garrett/coding/Ising_Model_Instances/data/3D/BCQS/54/N54_seed17.txt,0111000010010110010001111101000111101101001101110000010
/home/garrett/coding/Ising_Model_Instances/data/3D/DRL/512/DRL_8_ID90.txt,ERROR: Model too large for size-limited license; visit https://gurobi.com/unrestricted for more information
/home/garrett/coding/Ising_Model_Instances/data/3D/DRL/512/DRL_8_ID71.txt,ERROR: Model too large for size-limited license; visit https://gurobi.com/unrestricted for more information
/home/garrett/coding/Ising_Model_Instances/data/3D/DRL/512/DRL_8_ID70.txt,ERROR: Model too large for size-limited license; visit https://gurobi.com/unrestricted for more information
/home/garrett/coding/Ising_Model_Instances/data/3D/DRL/512/DRL_8_ID30.txt,ERROR: Model too large for size-limited license; visit https://gurobi.com/unrestricted for more information
/home/garrett/coding/Ising_Model_Instances/data/3D/DRL/512/DRL_8_ID86.txt,ERROR: Model too large for size-limited license; visit https://gurobi.com/unrestricted for more information
/home/garrett/coding/Ising_Model_Instances/data/3D/DRL/512/DRL_8_ID24.txt,ERROR: Model too large for size-limited license; visit https://gurobi.com/unrestricted for more information
/home/garrett/coding/Ising_Model_Instances/data/3D/DRL/512/DRL_8_ID81.txt,ERROR: Model too large for size-limited license; visit https://gurobi.com/unrestricted for more information
/home/garrett/coding/Ising_Model_Instances/data/3D/DRL/512/DRL_8_ID74.txt,ERROR: Model too large for size-limited license; visit https://gurobi.com/unrestricted for more information
/home/garrett/coding/Ising_Model_Instances/data/3D/DRL/512/DRL_8_ID59.txt,ERROR: Model too large for size-limited license; visit https://gurobi.com/unrestricted for more information
/home/garrett/coding/Ising_Model_Instances/data/3D/DRL/512/DRL_8_ID73.txt,ERROR: Model too large for size-limited license; visit https://gurobi.com/unrestricted for more information
/home/garrett/coding/Ising_Model_Instances/data/3D/DRL/512/DRL_8_ID68.txt,ERROR: Model too large for size-limited license; visit https://gurobi.com/unrestricted for more information
/home/garrett/coding/Ising_Model_Instances/data/3D/DRL/512/DRL_8_ID79.txt,ERROR: Model too large for size-limited license; visit https://gurobi.com/unrestricted for more information
/home/garrett/coding/Ising_Model_Instances/data/3D/DRL/512/DRL_8_ID93.txt,ERROR: Model too large for size-limited license; visit https://gurobi.com/unrestricted for more information
/home/garrett/coding/Ising_Model_Instances/data/3D/DRL/512/DRL_8_ID7.txt,ERROR: Model too large for size-limited license; visit https://gurobi.com/unrestricted for more information
/home/garrett/coding/Ising_Model_Instances/data/3D/DRL/512/DRL_8_ID43.txt,ERROR: Model too large for size-limited license; visit https://gurobi.com/unrestricted for more information
/home/garrett/coding/Ising_Model_Instances/data/3D/DRL/512/DRL_8_ID63.txt,ERROR: Model too large for size-limited license; visit https://gurobi.com/unrestricted for more information
/home/garrett/coding/Ising_Model_Instances/data/3D/DRL/512/DRL_8_ID87.txt,ERROR: Model too large for size-limited license; visit https://gurobi.com/unrestricted for more information
/home/garrett/coding/Ising_Model_Instances/data/3D/DRL/512/DRL_8_ID12.txt,ERROR: Model too large for size-limited license; visit https://gurobi.com/unrestricted for more information
/home/garrett/coding/Ising_Model_Instances/data/3D/DRL/512/DRL_8_ID41.txt,ERROR: Model too large for size-limited license; visit https://gurobi.com/unrestricted for more information
/home/garrett/coding/Ising_Model_Instances/data/3D/DRL/512/DRL_8_ID94.txt,ERROR: Model too large for size-limited license; visit https://gurobi.com/unrestricted for more information
/home/garrett/coding/Ising_Model_Instances/data/3D/DRL/512/DRL_8_ID98.txt,ERROR: Model too large for size-limited license; visit https://gurobi.com/unrestricted for more information
/home/garrett/coding/Ising_Model_Instances/data/3D/DRL/512/DRL_8_ID69.txt,ERROR: Model too large for size-limited license; visit https://gurobi.com/unrestricted for more information
/home/garrett/coding/Ising_Model_Instances/data/3D/DRL/512/DRL_8_ID38.txt,ERROR: Model too large for size-limited license; visit https://gurobi.com/unrestricted for more information
/home/garrett/coding/Ising_Model_Instances/data/3D/DRL/512/DRL_8_ID95.txt,ERROR: Model too large for size-limited license; visit https://gurobi.com/unrestricted for more information
/home/garrett/coding/Ising_Model_Instances/data/3D/DRL/512/DRL_8_ID34.txt,ERROR: Model too large for size-limited license; visit https://gurobi.com/unrestricted for more information
/home/garrett/coding/Ising_Model_Instances/data/3D/DRL/512/DRL_8_ID35.txt,ERROR: Model too large for size-limited license; visit https://gurobi.com/unrestricted for more information
/home/garrett/coding/Ising_Model_Instances/data/3D/DRL/512/DRL_8_ID91.txt,ERROR: Model too large for size-limited license; visit https://gurobi.com/unrestricted for more information
/home/garrett/coding/Ising_Model_Instances/data/3D/DRL/512/DRL_8_ID9.txt,ERROR: Model too large for size-limited license; visit https://gurobi.com/unrestricted for more information
/home/garrett/coding/Ising_Model_Instances/data/3D/DRL/512/DRL_8_ID27.txt,ERROR: Model too large for size-limited license; visit https://gurobi.com/unrestricted for more information
/home/garrett/coding/Ising_Model_Instances/data/3D/DRL/512/DRL_8_ID50.txt,ERROR: Model too large for size-limited license; visit https://gurobi.com/unrestricted for more information
/home/garrett/coding/Ising_Model_Instances/data/3D/DRL/512/DRL_8_ID21.txt,ERROR: Model too large for size-limited license; visit https://gurobi.com/unrestricted for more information
/home/garrett/coding/Ising_Model_Instances/data/3D/DRL/512/DRL_8_ID6.txt,ERROR: Model too large for size-limited license; visit https://gurobi.com/unrestricted for more information
/home/garrett/coding/Ising_Model_Instances/data/3D/DRL/512/DRL_8_ID56.txt,ERROR: Model too large for size-limited license; visit https://gurobi.com/unrestricted for more information
/home/garrett/coding/Ising_Model_Instances/data/3D/DRL/512/DRL_8_ID57.txt,ERROR: Model too large for size-limited license; visit https://gurobi.com/unrestricted for more information
/home/garrett/coding/Ising_Model_Instances/data/3D/DRL/512/DRL_8_ID36.txt,ERROR: Model too large for size-limited license; visit https://gurobi.com/unrestricted for more information
/home/garrett/coding/Ising_Model_Instances/data/3D/DRL/512/DRL_8_ID31.txt,ERROR: Model too large for size-limited license; visit https://gurobi.com/unrestricted for more information
/home/garrett/coding/Ising_Model_Instances/data/3D/DRL/512/DRL_8_ID37.txt,ERROR: Model too large for size-limited license; visit https://gurobi.com/unrestricted for more information
/home/garrett/coding/Ising_Model_Instances/data/3D/DRL/512/DRL_8_ID88.txt,ERROR: Model too large for size-limited license; visit https://gurobi.com/unrestricted for more information
/home/garrett/coding/Ising_Model_Instances/data/3D/DRL/512/DRL_8_ID97.txt,ERROR: Model too large for size-limited license; visit https://gurobi.com/unrestricted for more information
/home/garrett/coding/Ising_Model_Instances/data/3D/DRL/512/DRL_8_ID22.txt,ERROR: Model too large for size-limited license; visit https://gurobi.com/unrestricted for more information
/home/garrett/coding/Ising_Model_Instances/data/3D/DRL/512/DRL_8_ID3.txt,ERROR: Model too large for size-limited license; visit https://gurobi.com/unrestricted for more information
/home/garrett/coding/Ising_Model_Instances/data/3D/DRL/512/DRL_8_ID20.txt,ERROR: Model too large for size-limited license; visit https://gurobi.com/unrestricted for more information
/home/garrett/coding/Ising_Model_Instances/data/3D/DRL/512/DRL_8_ID75.txt,ERROR: Model too large for size-limited license; visit https://gurobi.com/unrestricted for more information
/home/garrett/coding/Ising_Model_Instances/data/3D/DRL/512/DRL_8_ID1.txt,ERROR: Model too large for size-limited license; visit https://gurobi.com/unrestricted for more information
/home/garrett/coding/Ising_Model_Instances/data/3D/DRL/512/DRL_8_ID14.txt,ERROR: Model too large for size-limited license; visit https://gurobi.com/unrestricted for more information
/home/garrett/coding/Ising_Model_Instances/data/3D/DRL/512/DRL_8_ID39.txt,ERROR: Model too large for size-limited license; visit https://gurobi.com/unrestricted for more information
/home/garrett/coding/Ising_Model_Instances/data/3D/DRL/512/DRL_8_ID64.txt,ERROR: Model too large for size-limited license; visit https://gurobi.com/unrestricted for more information
/home/garrett/coding/Ising_Model_Instances/data/3D/DRL/512/DRL_8_ID5.txt,ERROR: Model too large for size-limited license; visit https://gurobi.com/unrestricted for more information
/home/garrett/coding/Ising_Model_Instances/data/3D/DRL/512/DRL_8_ID66.txt,ERROR: Model too large for size-limited license; visit https://gurobi.com/unrestricted for more information
/home/garrett/coding/Ising_Model_Instances/data/3D/DRL/512/DRL_8_ID13.txt,ERROR: Model too large for size-limited license; visit https://gurobi.com/unrestricted for more information
/home/garrett/coding/Ising_Model_Instances/data/3D/DRL/512/DRL_8_ID17.txt,ERROR: Model too large for size-limited license; visit https://gurobi.com/unrestricted for more information
/home/garrett/coding/Ising_Model_Instances/data/3D/DRL/512/DRL_8_ID44.txt,ERROR: Model too large for size-limited license; visit https://gurobi.com/unrestricted for more information
/home/garrett/coding/Ising_Model_Instances/data/3D/DRL/512/DRL_8_ID61.txt,ERROR: Model too large for size-limited license; visit https://gurobi.com/unrestricted for more information
/home/garrett/coding/Ising_Model_Instances/data/3D/DRL/512/DRL_8_ID2.txt,ERROR: Model too large for size-limited license; visit https://gurobi.com/unrestricted for more information
/home/garrett/coding/Ising_Model_Instances/data/3D/DRL/512/DRL_8_ID47.txt,ERROR: Model too large for size-limited license; visit https://gurobi.com/unrestricted for more information
/home/garrett/coding/Ising_Model_Instances/data/3D/DRL/512/DRL_8_ID84.txt,ERROR: Model too large for size-limited license; visit https://gurobi.com/unrestricted for more information
/home/garrett/coding/Ising_Model_Instances/data/3D/DRL/512/DRL_8_ID92.txt,ERROR: Model too large for size-limited license; visit https://gurobi.com/unrestricted for more information
/home/garrett/coding/Ising_Model_Instances/data/3D/DRL/512/DRL_8_ID10.txt,ERROR: Model too large for size-limited license; visit https://gurobi.com/unrestricted for more information
/home/garrett/coding/Ising_Model_Instances/data/3D/DRL/512/DRL_8_ID16.txt,ERROR: Model too large for size-limited license; visit https://gurobi.com/unrestricted for more information
/home/garrett/coding/Ising_Model_Instances/data/3D/DRL/512/DRL_8_ID62.txt,ERROR: Model too large for size-limited license; visit https://gurobi.com/unrestricted for more information
/home/garrett/coding/Ising_Model_Instances/data/3D/DRL/512/DRL_8_ID45.txt,ERROR: Model too large for size-limited license; visit https://gurobi.com/unrestricted for more information
/home/garrett/coding/Ising_Model_Instances/data/3D/DRL/512/DRL_8_ID51.txt,ERROR: Model too large for size-limited license; visit https://gurobi.com/unrestricted for more information
/home/garrett/coding/Ising_Model_Instances/data/3D/DRL/512/DRL_8_ID8.txt,ERROR: Model too large for size-limited license; visit https://gurobi.com/unrestricted for more information
/home/garrett/coding/Ising_Model_Instances/data/3D/DRL/512/DRL_8_ID42.txt,ERROR: Model too large for size-limited license; visit https://gurobi.com/unrestricted for more information
/home/garrett/coding/Ising_Model_Instances/data/3D/DRL/512/DRL_8_ID77.txt,ERROR: Model too large for size-limited license; visit https://gurobi.com/unrestricted for more information
/home/garrett/coding/Ising_Model_Instances/data/3D/DRL/512/DRL_8_ID58.txt,ERROR: Model too large for size-limited license; visit https://gurobi.com/unrestricted for more information
/home/garrett/coding/Ising_Model_Instances/data/3D/DRL/512/DRL_8_ID67.txt,ERROR: Model too large for size-limited license; visit https://gurobi.com/unrestricted for more information
/home/garrett/coding/Ising_Model_Instances/data/3D/DRL/512/DRL_8_ID33.txt,ERROR: Model too large for size-limited license; visit https://gurobi.com/unrestricted for more information
/home/garrett/coding/Ising_Model_Instances/data/3D/DRL/512/DRL_8_ID76.txt,ERROR: Model too large for size-limited license; visit https://gurobi.com/unrestricted for more information
/home/garrett/coding/Ising_Model_Instances/data/3D/DRL/512/DRL_8_ID96.txt,ERROR: Model too large for size-limited license; visit https://gurobi.com/unrestricted for more information
/home/garrett/coding/Ising_Model_Instances/data/3D/DRL/512/DRL_8_ID19.txt,ERROR: Model too large for size-limited license; visit https://gurobi.com/unrestricted for more information
/home/garrett/coding/Ising_Model_Instances/data/3D/DRL/512/DRL_8_ID89.txt,ERROR: Model too large for size-limited license; visit https://gurobi.com/unrestricted for more information
/home/garrett/coding/Ising_Model_Instances/data/3D/DRL/512/DRL_8_ID29.txt,ERROR: Model too large for size-limited license; visit https://gurobi.com/unrestricted for more information
/home/garrett/coding/Ising_Model_Instances/data/3D/DRL/512/DRL_8_ID85.txt,ERROR: Model too large for size-limited license; visit https://gurobi.com/unrestricted for more information
/home/garrett/coding/Ising_Model_Instances/data/3D/DRL/512/DRL_8_ID23.txt,ERROR: Model too large for size-limited license; visit https://gurobi.com/unrestricted for more information
/home/garrett/coding/Ising_Model_Instances/data/3D/DRL/512/DRL_8_ID46.txt,ERROR: Model too large for size-limited license; visit https://gurobi.com/unrestricted for more information
/home/garrett/coding/Ising_Model_Instances/data/3D/DRL/512/DRL_8_ID72.txt,ERROR: Model too large for size-limited license; visit https://gurobi.com/unrestricted for more information
/home/garrett/coding/Ising_Model_Instances/data/3D/DRL/512/DRL_8_ID49.txt,ERROR: Model too large for size-limited license; visit https://gurobi.com/unrestricted for more information
/home/garrett/coding/Ising_Model_Instances/data/3D/DRL/512/DRL_8_ID48.txt,ERROR: Model too large for size-limited license; visit https://gurobi.com/unrestricted for more information
/home/garrett/coding/Ising_Model_Instances/data/3D/DRL/512/DRL_8_ID32.txt,ERROR: Model too large for size-limited license; visit https://gurobi.com/unrestricted for more information
/home/garrett/coding/Ising_Model_Instances/data/3D/DRL/512/DRL_8_ID82.txt,ERROR: Model too large for size-limited license; visit https://gurobi.com/unrestricted for more information
/home/garrett/coding/Ising_Model_Instances/data/3D/DRL/512/DRL_8_ID52.txt,ERROR: Model too large for size-limited license; visit https://gurobi.com/unrestricted for more information
/home/garrett/coding/Ising_Model_Instances/data/3D/DRL/512/DRL_8_ID4.txt,ERROR: Model too large for size-limited license; visit https://gurobi.com/unrestricted for more information
/home/garrett/coding/Ising_Model_Instances/data/3D/DRL/512/DRL_8_ID40.txt,ERROR: Model too large for size-limited license; visit https://gurobi.com/unrestricted for more information
/home/garrett/coding/Ising_Model_Instances/data/3D/DRL/512/DRL_8_ID80.txt,ERROR: Model too large for size-limited license; visit https://gurobi.com/unrestricted for more information
/home/garrett/coding/Ising_Model_Instances/data/3D/DRL/512/DRL_8_ID0.txt,ERROR: Model too large for size-limited license; visit https://gurobi.com/unrestricted for more information
/home/garrett/coding/Ising_Model_Instances/data/3D/DRL/512/DRL_8_ID78.txt,ERROR: Model too large for size-limited license; visit https://gurobi.com/unrestricted for more information
/home/garrett/coding/Ising_Model_Instances/data/3D/DRL/512/DRL_8_ID26.txt,ERROR: Model too large for size-limited license; visit https://gurobi.com/unrestricted for more information
/home/garrett/coding/Ising_Model_Instances/data/3D/DRL/512/DRL_8_ID83.txt,ERROR: Model too large for size-limited license; visit https://gurobi.com/unrestricted for more information
/home/garrett/coding/Ising_Model_Instances/data/3D/DRL/512/DRL_8_ID60.txt,ERROR: Model too large for size-limited license; visit https://gurobi.com/unrestricted for more information
/home/garrett/coding/Ising_Model_Instances/data/3D/DRL/512/DRL_8_ID65.txt,ERROR: Model too large for size-limited license; visit https://gurobi.com/unrestricted for more information
/home/garrett/coding/Ising_Model_Instances/data/3D/DRL/512/DRL_8_ID54.txt,ERROR: Model too large for size-limited license; visit https://gurobi.com/unrestricted for more information
/home/garrett/coding/Ising_Model_Instances/data/3D/DRL/512/DRL_8_ID11.txt,ERROR: Model too large for size-limited license; visit https://gurobi.com/unrestricted for more information
/home/garrett/coding/Ising_Model_Instances/data/3D/DRL/512/DRL_8_ID99.txt,ERROR: Model too large for size-limited license; visit https://gurobi.com/unrestricted for more information
/home/garrett/coding/Ising_Model_Instances/data/3D/DRL/512/DRL_8_ID53.txt,ERROR: Model too large for size-limited license; visit https://gurobi.com/unrestricted for more information
/home/garrett/coding/Ising_Model_Instances/data/3D/DRL/512/DRL_8_ID15.txt,ERROR: Model too large for size-limited license; visit https://gurobi.com/unrestricted for more information
/home/garrett/coding/Ising_Model_Instances/data/3D/DRL/512/DRL_8_ID55.txt,ERROR: Model too large for size-limited license; visit https://gurobi.com/unrestricted for more information
/home/garrett/coding/Ising_Model_Instances/data/3D/DRL/512/DRL_8_ID28.txt,ERROR: Model too large for size-limited license; visit https://gurobi.com/unrestricted for more information
/home/garrett/coding/Ising_Model_Instances/data/3D/DRL/512/DRL_8_ID18.txt,ERROR: Model too large for size-limited license; visit https://gurobi.com/unrestricted for more information
/home/garrett/coding/Ising_Model_Instances/data/3D/DRL/512/DRL_8_ID25.txt,ERROR: Model too large for size-limited license; visit https://gurobi.com/unrestricted for more information
/home/garrett/coding/Ising_Model_Instances/data/3D/DRL/8000/DRL_20_ID87.txt,ERROR: Model too large for size-limited license; visit https://gurobi.com/unrestricted for more information
/home/garrett/coding/Ising_Model_Instances/data/3D/DRL/8000/DRL_20_ID0.txt,ERROR: Model too large for size-limited license; visit https://gurobi.com/unrestricted for more information
/home/garrett/coding/Ising_Model_Instances/data/3D/DRL/8000/DRL_20_ID53.txt,ERROR: Model too large for size-limited license; visit https://gurobi.com/unrestricted for more information
/home/garrett/coding/Ising_Model_Instances/data/3D/DRL/8000/DRL_20_ID33.txt,ERROR: Model too large for size-limited license; visit https://gurobi.com/unrestricted for more information
/home/garrett/coding/Ising_Model_Instances/data/3D/DRL/8000/DRL_20_ID28.txt,ERROR: Model too large for size-limited license; visit https://gurobi.com/unrestricted for more information
/home/garrett/coding/Ising_Model_Instances/data/3D/DRL/8000/DRL_20_ID14.txt,ERROR: Model too large for size-limited license; visit https://gurobi.com/unrestricted for more information
/home/garrett/coding/Ising_Model_Instances/data/3D/DRL/8000/DRL_20_ID9.txt,ERROR: Model too large for size-limited license; visit https://gurobi.com/unrestricted for more information
/home/garrett/coding/Ising_Model_Instances/data/3D/DRL/8000/DRL_20_ID81.txt,ERROR: Model too large for size-limited license; visit https://gurobi.com/unrestricted for more information
/home/garrett/coding/Ising_Model_Instances/data/3D/DRL/8000/DRL_20_ID31.txt,ERROR: Model too large for size-limited license; visit https://gurobi.com/unrestricted for more information
/home/garrett/coding/Ising_Model_Instances/data/3D/DRL/8000/DRL_20_ID64.txt,ERROR: Model too large for size-limited license; visit https://gurobi.com/unrestricted for more information
/home/garrett/coding/Ising_Model_Instances/data/3D/DRL/8000/DRL_20_ID13.txt,ERROR: Model too large for size-limited license; visit https://gurobi.com/unrestricted for more information
/home/garrett/coding/Ising_Model_Instances/data/3D/DRL/8000/DRL_20_ID12.txt,ERROR: Model too large for size-limited license; visit https://gurobi.com/unrestricted for more information
/home/garrett/coding/Ising_Model_Instances/data/3D/DRL/8000/DRL_20_ID21.txt,ERROR: Model too large for size-limited license; visit https://gurobi.com/unrestricted for more information
/home/garrett/coding/Ising_Model_Instances/data/3D/DRL/8000/DRL_20_ID63.txt,ERROR: Model too large for size-limited license; visit https://gurobi.com/unrestricted for more information
/home/garrett/coding/Ising_Model_Instances/data/3D/DRL/8000/DRL_20_ID68.txt,ERROR: Model too large for size-limited license; visit https://gurobi.com/unrestricted for more information
/home/garrett/coding/Ising_Model_Instances/data/3D/DRL/8000/DRL_20_ID77.txt,ERROR: Model too large for size-limited license; visit https://gurobi.com/unrestricted for more information
/home/garrett/coding/Ising_Model_Instances/data/3D/DRL/8000/DRL_20_ID19.txt,ERROR: Model too large for size-limited license; visit https://gurobi.com/unrestricted for more information
/home/garrett/coding/Ising_Model_Instances/data/3D/DRL/8000/DRL_20_ID60.txt,ERROR: Model too large for size-limited license; visit https://gurobi.com/unrestricted for more information
/home/garrett/coding/Ising_Model_Instances/data/3D/DRL/8000/DRL_20_ID89.txt,ERROR: Model too large for size-limited license; visit https://gurobi.com/unrestricted for more information
/home/garrett/coding/Ising_Model_Instances/data/3D/DRL/8000/DRL_20_ID98.txt,ERROR: Model too large for size-limited license; visit https://gurobi.com/unrestricted for more information
/home/garrett/coding/Ising_Model_Instances/data/3D/DRL/8000/DRL_20_ID49.txt,ERROR: Model too large for size-limited license; visit https://gurobi.com/unrestricted for more information
/home/garrett/coding/Ising_Model_Instances/data/3D/DRL/8000/DRL_20_ID83.txt,ERROR: Model too large for size-limited license; visit https://gurobi.com/unrestricted for more information
/home/garrett/coding/Ising_Model_Instances/data/3D/DRL/8000/DRL_20_ID8.txt,ERROR: Model too large for size-limited license; visit https://gurobi.com/unrestricted for more information
/home/garrett/coding/Ising_Model_Instances/data/3D/DRL/8000/DRL_20_ID97.txt,ERROR: Model too large for size-limited license; visit https://gurobi.com/unrestricted for more information
/home/garrett/coding/Ising_Model_Instances/data/3D/DRL/8000/DRL_20_ID36.txt,ERROR: Model too large for size-limited license; visit https://gurobi.com/unrestricted for more information
/home/garrett/coding/Ising_Model_Instances/data/3D/DRL/8000/DRL_20_ID46.txt,ERROR: Model too large for size-limited license; visit https://gurobi.com/unrestricted for more information
/home/garrett/coding/Ising_Model_Instances/data/3D/DRL/8000/DRL_20_ID86.txt,ERROR: Model too large for size-limited license; visit https://gurobi.com/unrestricted for more information
/home/garrett/coding/Ising_Model_Instances/data/3D/DRL/8000/DRL_20_ID27.txt,ERROR: Model too large for size-limited license; visit https://gurobi.com/unrestricted for more information
/home/garrett/coding/Ising_Model_Instances/data/3D/DRL/8000/DRL_20_ID22.txt,ERROR: Model too large for size-limited license; visit https://gurobi.com/unrestricted for more information
/home/garrett/coding/Ising_Model_Instances/data/3D/DRL/8000/DRL_20_ID1.txt,ERROR: Model too large for size-limited license; visit https://gurobi.com/unrestricted for more information
/home/garrett/coding/Ising_Model_Instances/data/3D/DRL/8000/DRL_20_ID78.txt,ERROR: Model too large for size-limited license; visit https://gurobi.com/unrestricted for more information
/home/garrett/coding/Ising_Model_Instances/data/3D/DRL/8000/DRL_20_ID55.txt,ERROR: Model too large for size-limited license; visit https://gurobi.com/unrestricted for more information
/home/garrett/coding/Ising_Model_Instances/data/3D/DRL/8000/DRL_20_ID45.txt,ERROR: Model too large for size-limited license; visit https://gurobi.com/unrestricted for more information
/home/garrett/coding/Ising_Model_Instances/data/3D/DRL/8000/DRL_20_ID57.txt,ERROR: Model too large for size-limited license; visit https://gurobi.com/unrestricted for more information
/home/garrett/coding/Ising_Model_Instances/data/3D/DRL/8000/DRL_20_ID23.txt,ERROR: Model too large for size-limited license; visit https://gurobi.com/unrestricted for more information
/home/garrett/coding/Ising_Model_Instances/data/3D/DRL/8000/DRL_20_ID76.txt,ERROR: Model too large for size-limited license; visit https://gurobi.com/unrestricted for more information
/home/garrett/coding/Ising_Model_Instances/data/3D/DRL/8000/DRL_20_ID43.txt,ERROR: Model too large for size-limited license; visit https://gurobi.com/unrestricted for more information
/home/garrett/coding/Ising_Model_Instances/data/3D/DRL/8000/DRL_20_ID4.txt,ERROR: Model too large for size-limited license; visit https://gurobi.com/unrestricted for more information
/home/garrett/coding/Ising_Model_Instances/data/3D/DRL/8000/DRL_20_ID65.txt,ERROR: Model too large for size-limited license; visit https://gurobi.com/unrestricted for more information
/home/garrett/coding/Ising_Model_Instances/data/3D/DRL/8000/DRL_20_ID79.txt,ERROR: Model too large for size-limited license; visit https://gurobi.com/unrestricted for more information
/home/garrett/coding/Ising_Model_Instances/data/3D/DRL/8000/DRL_20_ID2.txt,ERROR: Model too large for size-limited license; visit https://gurobi.com/unrestricted for more information
/home/garrett/coding/Ising_Model_Instances/data/3D/DRL/8000/DRL_20_ID59.txt,ERROR: Model too large for size-limited license; visit https://gurobi.com/unrestricted for more information
/home/garrett/coding/Ising_Model_Instances/data/3D/DRL/8000/DRL_20_ID39.txt,ERROR: Model too large for size-limited license; visit https://gurobi.com/unrestricted for more information
/home/garrett/coding/Ising_Model_Instances/data/3D/DRL/8000/DRL_20_ID3.txt,ERROR: Model too large for size-limited license; visit https://gurobi.com/unrestricted for more information
/home/garrett/coding/Ising_Model_Instances/data/3D/DRL/8000/DRL_20_ID41.txt,ERROR: Model too large for size-limited license; visit https://gurobi.com/unrestricted for more information
/home/garrett/coding/Ising_Model_Instances/data/3D/DRL/8000/DRL_20_ID20.txt,ERROR: Model too large for size-limited license; visit https://gurobi.com/unrestricted for more information
/home/garrett/coding/Ising_Model_Instances/data/3D/DRL/8000/DRL_20_ID70.txt,ERROR: Model too large for size-limited license; visit https://gurobi.com/unrestricted for more information
/home/garrett/coding/Ising_Model_Instances/data/3D/DRL/8000/DRL_20_ID37.txt,ERROR: Model too large for size-limited license; visit https://gurobi.com/unrestricted for more information
/home/garrett/coding/Ising_Model_Instances/data/3D/DRL/8000/DRL_20_ID66.txt,ERROR: Model too large for size-limited license; visit https://gurobi.com/unrestricted for more information
/home/garrett/coding/Ising_Model_Instances/data/3D/DRL/8000/DRL_20_ID62.txt,ERROR: Model too large for size-limited license; visit https://gurobi.com/unrestricted for more information
/home/garrett/coding/Ising_Model_Instances/data/3D/DRL/8000/DRL_20_ID29.txt,ERROR: Model too large for size-limited license; visit https://gurobi.com/unrestricted for more information
/home/garrett/coding/Ising_Model_Instances/data/3D/DRL/8000/DRL_20_ID92.txt,ERROR: Model too large for size-limited license; visit https://gurobi.com/unrestricted for more information
/home/garrett/coding/Ising_Model_Instances/data/3D/DRL/8000/DRL_20_ID5.txt,ERROR: Model too large for size-limited license; visit https://gurobi.com/unrestricted for more information
/home/garrett/coding/Ising_Model_Instances/data/3D/DRL/8000/DRL_20_ID52.txt,ERROR: Model too large for size-limited license; visit https://gurobi.com/unrestricted for more information
/home/garrett/coding/Ising_Model_Instances/data/3D/DRL/8000/DRL_20_ID44.txt,ERROR: Model too large for size-limited license; visit https://gurobi.com/unrestricted for more information
/home/garrett/coding/Ising_Model_Instances/data/3D/DRL/8000/DRL_20_ID91.txt,ERROR: Model too large for size-limited license; visit https://gurobi.com/unrestricted for more information
/home/garrett/coding/Ising_Model_Instances/data/3D/DRL/8000/DRL_20_ID71.txt,ERROR: Model too large for size-limited license; visit https://gurobi.com/unrestricted for more information
/home/garrett/coding/Ising_Model_Instances/data/3D/DRL/8000/DRL_20_ID32.txt,ERROR: Model too large for size-limited license; visit https://gurobi.com/unrestricted for more information
/home/garrett/coding/Ising_Model_Instances/data/3D/DRL/8000/DRL_20_ID95.txt,ERROR: Model too large for size-limited license; visit https://gurobi.com/unrestricted for more information
/home/garrett/coding/Ising_Model_Instances/data/3D/DRL/8000/DRL_20_ID93.txt,ERROR: Model too large for size-limited license; visit https://gurobi.com/unrestricted for more information
/home/garrett/coding/Ising_Model_Instances/data/3D/DRL/8000/DRL_20_ID16.txt,ERROR: Model too large for size-limited license; visit https://gurobi.com/unrestricted for more information
/home/garrett/coding/Ising_Model_Instances/data/3D/DRL/8000/DRL_20_ID72.txt,ERROR: Model too large for size-limited license; visit https://gurobi.com/unrestricted for more information
/home/garrett/coding/Ising_Model_Instances/data/3D/DRL/8000/DRL_20_ID38.txt,ERROR: Model too large for size-limited license; visit https://gurobi.com/unrestricted for more information
/home/garrett/coding/Ising_Model_Instances/data/3D/DRL/8000/DRL_20_ID10.txt,ERROR: Model too large for size-limited license; visit https://gurobi.com/unrestricted for more information
/home/garrett/coding/Ising_Model_Instances/data/3D/DRL/8000/DRL_20_ID69.txt,ERROR: Model too large for size-limited license; visit https://gurobi.com/unrestricted for more information
/home/garrett/coding/Ising_Model_Instances/data/3D/DRL/8000/DRL_20_ID47.txt,ERROR: Model too large for size-limited license; visit https://gurobi.com/unrestricted for more information
/home/garrett/coding/Ising_Model_Instances/data/3D/DRL/8000/DRL_20_ID6.txt,ERROR: Model too large for size-limited license; visit https://gurobi.com/unrestricted for more information
/home/garrett/coding/Ising_Model_Instances/data/3D/DRL/8000/DRL_20_ID34.txt,ERROR: Model too large for size-limited license; visit https://gurobi.com/unrestricted for more information
/home/garrett/coding/Ising_Model_Instances/data/3D/DRL/8000/DRL_20_ID26.txt,ERROR: Model too large for size-limited license; visit https://gurobi.com/unrestricted for more information
/home/garrett/coding/Ising_Model_Instances/data/3D/DRL/8000/DRL_20_ID17.txt,ERROR: Model too large for size-limited license; visit https://gurobi.com/unrestricted for more information
/home/garrett/coding/Ising_Model_Instances/data/3D/DRL/8000/DRL_20_ID56.txt,ERROR: Model too large for size-limited license; visit https://gurobi.com/unrestricted for more information
/home/garrett/coding/Ising_Model_Instances/data/3D/DRL/8000/DRL_20_ID75.txt,ERROR: Model too large for size-limited license; visit https://gurobi.com/unrestricted for more information
/home/garrett/coding/Ising_Model_Instances/data/3D/DRL/8000/DRL_20_ID61.txt,ERROR: Model too large for size-limited license; visit https://gurobi.com/unrestricted for more information
/home/garrett/coding/Ising_Model_Instances/data/3D/DRL/8000/DRL_20_ID50.txt,ERROR: Model too large for size-limited license; visit https://gurobi.com/unrestricted for more information
/home/garrett/coding/Ising_Model_Instances/data/3D/DRL/8000/DRL_20_ID67.txt,ERROR: Model too large for size-limited license; visit https://gurobi.com/unrestricted for more information
/home/garrett/coding/Ising_Model_Instances/data/3D/DRL/8000/DRL_20_ID54.txt,ERROR: Model too large for size-limited license; visit https://gurobi.com/unrestricted for more information
/home/garrett/coding/Ising_Model_Instances/data/3D/DRL/8000/DRL_20_ID11.txt,ERROR: Model too large for size-limited license; visit https://gurobi.com/unrestricted for more information
/home/garrett/coding/Ising_Model_Instances/data/3D/DRL/8000/DRL_20_ID18.txt,ERROR: Model too large for size-limited license; visit https://gurobi.com/unrestricted for more information
/home/garrett/coding/Ising_Model_Instances/data/3D/DRL/8000/DRL_20_ID96.txt,ERROR: Model too large for size-limited license; visit https://gurobi.com/unrestricted for more information
/home/garrett/coding/Ising_Model_Instances/data/3D/DRL/8000/DRL_20_ID88.txt,ERROR: Model too large for size-limited license; visit https://gurobi.com/unrestricted for more information
/home/garrett/coding/Ising_Model_Instances/data/3D/DRL/8000/DRL_20_ID58.txt,ERROR: Model too large for size-limited license; visit https://gurobi.com/unrestricted for more information
/home/garrett/coding/Ising_Model_Instances/data/3D/DRL/8000/DRL_20_ID24.txt,ERROR: Model too large for size-limited license; visit https://gurobi.com/unrestricted for more information
/home/garrett/coding/Ising_Model_Instances/data/3D/DRL/8000/DRL_20_ID51.txt,ERROR: Model too large for size-limited license; visit https://gurobi.com/unrestricted for more information
/home/garrett/coding/Ising_Model_Instances/data/3D/DRL/8000/DRL_20_ID82.txt,ERROR: Model too large for size-limited license; visit https://gurobi.com/unrestricted for more information
/home/garrett/coding/Ising_Model_Instances/data/3D/DRL/8000/DRL_20_ID74.txt,ERROR: Model too large for size-limited license; visit https://gurobi.com/unrestricted for more information
/home/garrett/coding/Ising_Model_Instances/data/3D/DRL/8000/DRL_20_ID48.txt,ERROR: Model too large for size-limited license; visit https://gurobi.com/unrestricted for more information
/home/garrett/coding/Ising_Model_Instances/data/3D/DRL/8000/DRL_20_ID84.txt,ERROR: Model too large for size-limited license; visit https://gurobi.com/unrestricted for more information
/home/garrett/coding/Ising_Model_Instances/data/3D/DRL/8000/DRL_20_ID42.txt,ERROR: Model too large for size-limited license; visit https://gurobi.com/unrestricted for more information
/home/garrett/coding/Ising_Model_Instances/data/3D/DRL/8000/DRL_20_ID80.txt,ERROR: Model too large for size-limited license; visit https://gurobi.com/unrestricted for more information
/home/garrett/coding/Ising_Model_Instances/data/3D/DRL/8000/DRL_20_ID15.txt,ERROR: Model too large for size-limited license; visit https://gurobi.com/unrestricted for more information
/home/garrett/coding/Ising_Model_Instances/data/3D/DRL/8000/DRL_20_ID7.txt,ERROR: Model too large for size-limited license; visit https://gurobi.com/unrestricted for more information
/home/garrett/coding/Ising_Model_Instances/data/3D/DRL/8000/DRL_20_ID40.txt,ERROR: Model too large for size-limited license; visit https://gurobi.com/unrestricted for more information
/home/garrett/coding/Ising_Model_Instances/data/3D/DRL/8000/DRL_20_ID94.txt,ERROR: Model too large for size-limited license; visit https://gurobi.com/unrestricted for more information
/home/garrett/coding/Ising_Model_Instances/data/3D/DRL/8000/DRL_20_ID35.txt,ERROR: Model too large for size-limited license; visit https://gurobi.com/unrestricted for more information
/home/garrett/coding/Ising_Model_Instances/data/3D/DRL/8000/DRL_20_ID30.txt,ERROR: Model too large for size-limited license; visit https://gurobi.com/unrestricted for more information
/home/garrett/coding/Ising_Model_Instances/data/3D/DRL/8000/DRL_20_ID25.txt,ERROR: Model too large for size-limited license; visit https://gurobi.com/unrestricted for more information
/home/garrett/coding/Ising_Model_Instances/data/3D/DRL/8000/DRL_20_ID99.txt,ERROR: Model too large for size-limited license; visit https://gurobi.com/unrestricted for more information
/home/garrett/coding/Ising_Model_Instances/data/3D/DRL/8000/DRL_20_ID85.txt,ERROR: Model too large for size-limited license; visit https://gurobi.com/unrestricted for more information
/home/garrett/coding/Ising_Model_Instances/data/3D/DRL/8000/DRL_20_ID73.txt,ERROR: Model too large for size-limited license; visit https://gurobi.com/unrestricted for more information
/home/garrett/coding/Ising_Model_Instances/data/3D/DRL/8000/DRL_20_ID90.txt,ERROR: Model too large for size-limited license; visit https://gurobi.com/unrestricted for more information
/home/garrett/coding/Ising_Model_Instances/data/3D/DRL/1000/DRL_10_ID58.txt,ERROR: Model too large for size-limited license; visit https://gurobi.com/unrestricted for more information
/home/garrett/coding/Ising_Model_Instances/data/3D/DRL/1000/DRL_10_ID69.txt,ERROR: Model too large for size-limited license; visit https://gurobi.com/unrestricted for more information
/home/garrett/coding/Ising_Model_Instances/data/3D/DRL/1000/DRL_10_ID12.txt,ERROR: Model too large for size-limited license; visit https://gurobi.com/unrestricted for more information
/home/garrett/coding/Ising_Model_Instances/data/3D/DRL/1000/DRL_10_ID79.txt,ERROR: Model too large for size-limited license; visit https://gurobi.com/unrestricted for more information
/home/garrett/coding/Ising_Model_Instances/data/3D/DRL/1000/DRL_10_ID11.txt,ERROR: Model too large for size-limited license; visit https://gurobi.com/unrestricted for more information
/home/garrett/coding/Ising_Model_Instances/data/3D/DRL/1000/DRL_10_ID55.txt,ERROR: Model too large for size-limited license; visit https://gurobi.com/unrestricted for more information
/home/garrett/coding/Ising_Model_Instances/data/3D/DRL/1000/DRL_10_ID30.txt,ERROR: Model too large for size-limited license; visit https://gurobi.com/unrestricted for more information
/home/garrett/coding/Ising_Model_Instances/data/3D/DRL/1000/DRL_10_ID64.txt,ERROR: Model too large for size-limited license; visit https://gurobi.com/unrestricted for more information
/home/garrett/coding/Ising_Model_Instances/data/3D/DRL/1000/DRL_10_ID23.txt,ERROR: Model too large for size-limited license; visit https://gurobi.com/unrestricted for more information
/home/garrett/coding/Ising_Model_Instances/data/3D/DRL/1000/DRL_10_ID4.txt,ERROR: Model too large for size-limited license; visit https://gurobi.com/unrestricted for more information
/home/garrett/coding/Ising_Model_Instances/data/3D/DRL/1000/DRL_10_ID5.txt,ERROR: Model too large for size-limited license; visit https://gurobi.com/unrestricted for more information
/home/garrett/coding/Ising_Model_Instances/data/3D/DRL/1000/DRL_10_ID2.txt,ERROR: Model too large for size-limited license; visit https://gurobi.com/unrestricted for more information
/home/garrett/coding/Ising_Model_Instances/data/3D/DRL/1000/DRL_10_ID0.txt,ERROR: Model too large for size-limited license; visit https://gurobi.com/unrestricted for more information
/home/garrett/coding/Ising_Model_Instances/data/3D/DRL/1000/DRL_10_ID88.txt,ERROR: Model too large for size-limited license; visit https://gurobi.com/unrestricted for more information
/home/garrett/coding/Ising_Model_Instances/data/3D/DRL/1000/DRL_10_ID43.txt,ERROR: Model too large for size-limited license; visit https://gurobi.com/unrestricted for more information
/home/garrett/coding/Ising_Model_Instances/data/3D/DRL/1000/DRL_10_ID77.txt,ERROR: Model too large for size-limited license; visit https://gurobi.com/unrestricted for more information
/home/garrett/coding/Ising_Model_Instances/data/3D/DRL/1000/DRL_10_ID63.txt,ERROR: Model too large for size-limited license; visit https://gurobi.com/unrestricted for more information
/home/garrett/coding/Ising_Model_Instances/data/3D/DRL/1000/DRL_10_ID98.txt,ERROR: Model too large for size-limited license; visit https://gurobi.com/unrestricted for more information
/home/garrett/coding/Ising_Model_Instances/data/3D/DRL/1000/DRL_10_ID68.txt,ERROR: Model too large for size-limited license; visit https://gurobi.com/unrestricted for more information
/home/garrett/coding/Ising_Model_Instances/data/3D/DRL/1000/DRL_10_ID52.txt,ERROR: Model too large for size-limited license; visit https://gurobi.com/unrestricted for more information
/home/garrett/coding/Ising_Model_Instances/data/3D/DRL/1000/DRL_10_ID66.txt,ERROR: Model too large for size-limited license; visit https://gurobi.com/unrestricted for more information
/home/garrett/coding/Ising_Model_Instances/data/3D/DRL/1000/DRL_10_ID6.txt,ERROR: Model too large for size-limited license; visit https://gurobi.com/unrestricted for more information
/home/garrett/coding/Ising_Model_Instances/data/3D/DRL/1000/DRL_10_ID25.txt,ERROR: Model too large for size-limited license; visit https://gurobi.com/unrestricted for more information
/home/garrett/coding/Ising_Model_Instances/data/3D/DRL/1000/DRL_10_ID17.txt,ERROR: Model too large for size-limited license; visit https://gurobi.com/unrestricted for more information
/home/garrett/coding/Ising_Model_Instances/data/3D/DRL/1000/DRL_10_ID76.txt,ERROR: Model too large for size-limited license; visit https://gurobi.com/unrestricted for more information
/home/garrett/coding/Ising_Model_Instances/data/3D/DRL/1000/DRL_10_ID57.txt,ERROR: Model too large for size-limited license; visit https://gurobi.com/unrestricted for more information
/home/garrett/coding/Ising_Model_Instances/data/3D/DRL/1000/DRL_10_ID80.txt,ERROR: Model too large for size-limited license; visit https://gurobi.com/unrestricted for more information
/home/garrett/coding/Ising_Model_Instances/data/3D/DRL/1000/DRL_10_ID51.txt,ERROR: Model too large for size-limited license; visit https://gurobi.com/unrestricted for more information
/home/garrett/coding/Ising_Model_Instances/data/3D/DRL/1000/DRL_10_ID33.txt,ERROR: Model too large for size-limited license; visit https://gurobi.com/unrestricted for more information
/home/garrett/coding/Ising_Model_Instances/data/3D/DRL/1000/DRL_10_ID56.txt,ERROR: Model too large for size-limited license; visit https://gurobi.com/unrestricted for more information
/home/garrett/coding/Ising_Model_Instances/data/3D/DRL/1000/DRL_10_ID35.txt,ERROR: Model too large for size-limited license; visit https://gurobi.com/unrestricted for more information
/home/garrett/coding/Ising_Model_Instances/data/3D/DRL/1000/DRL_10_ID70.txt,ERROR: Model too large for size-limited license; visit https://gurobi.com/unrestricted for more information
/home/garrett/coding/Ising_Model_Instances/data/3D/DRL/1000/DRL_10_ID78.txt,ERROR: Model too large for size-limited license; visit https://gurobi.com/unrestricted for more information
/home/garrett/coding/Ising_Model_Instances/data/3D/DRL/1000/DRL_10_ID50.txt,ERROR: Model too large for size-limited license; visit https://gurobi.com/unrestricted for more information
/home/garrett/coding/Ising_Model_Instances/data/3D/DRL/1000/DRL_10_ID45.txt,ERROR: Model too large for size-limited license; visit https://gurobi.com/unrestricted for more information
/home/garrett/coding/Ising_Model_Instances/data/3D/DRL/1000/DRL_10_ID19.txt,ERROR: Model too large for size-limited license; visit https://gurobi.com/unrestricted for more information
/home/garrett/coding/Ising_Model_Instances/data/3D/DRL/1000/DRL_10_ID28.txt,ERROR: Model too large for size-limited license; visit https://gurobi.com/unrestricted for more information
/home/garrett/coding/Ising_Model_Instances/data/3D/DRL/1000/DRL_10_ID82.txt,ERROR: Model too large for size-limited license; visit https://gurobi.com/unrestricted for more information
/home/garrett/coding/Ising_Model_Instances/data/3D/DRL/1000/DRL_10_ID86.txt,ERROR: Model too large for size-limited license; visit https://gurobi.com/unrestricted for more information
/home/garrett/coding/Ising_Model_Instances/data/3D/DRL/1000/DRL_10_ID34.txt,ERROR: Model too large for size-limited license; visit https://gurobi.com/unrestricted for more information
/home/garrett/coding/Ising_Model_Instances/data/3D/DRL/1000/DRL_10_ID20.txt,ERROR: Model too large for size-limited license; visit https://gurobi.com/unrestricted for more information
/home/garrett/coding/Ising_Model_Instances/data/3D/DRL/1000/DRL_10_ID27.txt,ERROR: Model too large for size-limited license; visit https://gurobi.com/unrestricted for more information
/home/garrett/coding/Ising_Model_Instances/data/3D/DRL/1000/DRL_10_ID41.txt,ERROR: Model too large for size-limited license; visit https://gurobi.com/unrestricted for more information
/home/garrett/coding/Ising_Model_Instances/data/3D/DRL/1000/DRL_10_ID18.txt,ERROR: Model too large for size-limited license; visit https://gurobi.com/unrestricted for more information
/home/garrett/coding/Ising_Model_Instances/data/3D/DRL/1000/DRL_10_ID49.txt,ERROR: Model too large for size-limited license; visit https://gurobi.com/unrestricted for more information
/home/garrett/coding/Ising_Model_Instances/data/3D/DRL/1000/DRL_10_ID38.txt,ERROR: Model too large for size-limited license; visit https://gurobi.com/unrestricted for more information
/home/garrett/coding/Ising_Model_Instances/data/3D/DRL/1000/DRL_10_ID32.txt,ERROR: Model too large for size-limited license; visit https://gurobi.com/unrestricted for more information
/home/garrett/coding/Ising_Model_Instances/data/3D/DRL/1000/DRL_10_ID67.txt,ERROR: Model too large for size-limited license; visit https://gurobi.com/unrestricted for more information
/home/garrett/coding/Ising_Model_Instances/data/3D/DRL/1000/DRL_10_ID87.txt,ERROR: Model too large for size-limited license; visit https://gurobi.com/unrestricted for more information
/home/garrett/coding/Ising_Model_Instances/data/3D/DRL/1000/DRL_10_ID95.txt,ERROR: Model too large for size-limited license; visit https://gurobi.com/unrestricted for more information
/home/garrett/coding/Ising_Model_Instances/data/3D/DRL/1000/DRL_10_ID1.txt,ERROR: Model too large for size-limited license; visit https://gurobi.com/unrestricted for more information
/home/garrett/coding/Ising_Model_Instances/data/3D/DRL/1000/DRL_10_ID44.txt,ERROR: Model too large for size-limited license; visit https://gurobi.com/unrestricted for more information
/home/garrett/coding/Ising_Model_Instances/data/3D/DRL/1000/DRL_10_ID47.txt,ERROR: Model too large for size-limited license; visit https://gurobi.com/unrestricted for more information
/home/garrett/coding/Ising_Model_Instances/data/3D/DRL/1000/DRL_10_ID26.txt,ERROR: Model too large for size-limited license; visit https://gurobi.com/unrestricted for more information
/home/garrett/coding/Ising_Model_Instances/data/3D/DRL/1000/DRL_10_ID15.txt,ERROR: Model too large for size-limited license; visit https://gurobi.com/unrestricted for more information
/home/garrett/coding/Ising_Model_Instances/data/3D/DRL/1000/DRL_10_ID39.txt,ERROR: Model too large for size-limited license; visit https://gurobi.com/unrestricted for more information
/home/garrett/coding/Ising_Model_Instances/data/3D/DRL/1000/DRL_10_ID31.txt,ERROR: Model too large for size-limited license; visit https://gurobi.com/unrestricted for more information
/home/garrett/coding/Ising_Model_Instances/data/3D/DRL/1000/DRL_10_ID97.txt,ERROR: Model too large for size-limited license; visit https://gurobi.com/unrestricted for more information
/home/garrett/coding/Ising_Model_Instances/data/3D/DRL/1000/DRL_10_ID53.txt,ERROR: Model too large for size-limited license; visit https://gurobi.com/unrestricted for more information
/home/garrett/coding/Ising_Model_Instances/data/3D/DRL/1000/DRL_10_ID92.txt,ERROR: Model too large for size-limited license; visit https://gurobi.com/unrestricted for more information
/home/garrett/coding/Ising_Model_Instances/data/3D/DRL/1000/DRL_10_ID37.txt,ERROR: Model too large for size-limited license; visit https://gurobi.com/unrestricted for more information
/home/garrett/coding/Ising_Model_Instances/data/3D/DRL/1000/DRL_10_ID3.txt,ERROR: Model too large for size-limited license; visit https://gurobi.com/unrestricted for more information
/home/garrett/coding/Ising_Model_Instances/data/3D/DRL/1000/DRL_10_ID89.txt,ERROR: Model too large for size-limited license; visit https://gurobi.com/unrestricted for more information
/home/garrett/coding/Ising_Model_Instances/data/3D/DRL/1000/DRL_10_ID65.txt,ERROR: Model too large for size-limited license; visit https://gurobi.com/unrestricted for more information
/home/garrett/coding/Ising_Model_Instances/data/3D/DRL/1000/DRL_10_ID93.txt,ERROR: Model too large for size-limited license; visit https://gurobi.com/unrestricted for more information
/home/garrett/coding/Ising_Model_Instances/data/3D/DRL/1000/DRL_10_ID60.txt,ERROR: Model too large for size-limited license; visit https://gurobi.com/unrestricted for more information
/home/garrett/coding/Ising_Model_Instances/data/3D/DRL/1000/DRL_10_ID42.txt,ERROR: Model too large for size-limited license; visit https://gurobi.com/unrestricted for more information
/home/garrett/coding/Ising_Model_Instances/data/3D/DRL/1000/DRL_10_ID62.txt,ERROR: Model too large for size-limited license; visit https://gurobi.com/unrestricted for more information
/home/garrett/coding/Ising_Model_Instances/data/3D/DRL/1000/DRL_10_ID9.txt,ERROR: Model too large for size-limited license; visit https://gurobi.com/unrestricted for more information
/home/garrett/coding/Ising_Model_Instances/data/3D/DRL/1000/DRL_10_ID73.txt,ERROR: Model too large for size-limited license; visit https://gurobi.com/unrestricted for more information
/home/garrett/coding/Ising_Model_Instances/data/3D/DRL/1000/DRL_10_ID13.txt,ERROR: Model too large for size-limited license; visit https://gurobi.com/unrestricted for more information
/home/garrett/coding/Ising_Model_Instances/data/3D/DRL/1000/DRL_10_ID10.txt,ERROR: Model too large for size-limited license; visit https://gurobi.com/unrestricted for more information
/home/garrett/coding/Ising_Model_Instances/data/3D/DRL/1000/DRL_10_ID72.txt,ERROR: Model too large for size-limited license; visit https://gurobi.com/unrestricted for more information
/home/garrett/coding/Ising_Model_Instances/data/3D/DRL/1000/DRL_10_ID96.txt,ERROR: Model too large for size-limited license; visit https://gurobi.com/unrestricted for more information
/home/garrett/coding/Ising_Model_Instances/data/3D/DRL/1000/DRL_10_ID91.txt,ERROR: Model too large for size-limited license; visit https://gurobi.com/unrestricted for more information
/home/garrett/coding/Ising_Model_Instances/data/3D/DRL/1000/DRL_10_ID40.txt,ERROR: Model too large for size-limited license; visit https://gurobi.com/unrestricted for more information
/home/garrett/coding/Ising_Model_Instances/data/3D/DRL/1000/DRL_10_ID21.txt,ERROR: Model too large for size-limited license; visit https://gurobi.com/unrestricted for more information
/home/garrett/coding/Ising_Model_Instances/data/3D/DRL/1000/DRL_10_ID24.txt,ERROR: Model too large for size-limited license; visit https://gurobi.com/unrestricted for more information
/home/garrett/coding/Ising_Model_Instances/data/3D/DRL/1000/DRL_10_ID29.txt,ERROR: Model too large for size-limited license; visit https://gurobi.com/unrestricted for more information
/home/garrett/coding/Ising_Model_Instances/data/3D/DRL/1000/DRL_10_ID7.txt,ERROR: Model too large for size-limited license; visit https://gurobi.com/unrestricted for more information
/home/garrett/coding/Ising_Model_Instances/data/3D/DRL/1000/DRL_10_ID99.txt,ERROR: Model too large for size-limited license; visit https://gurobi.com/unrestricted for more information
/home/garrett/coding/Ising_Model_Instances/data/3D/DRL/1000/DRL_10_ID75.txt,ERROR: Model too large for size-limited license; visit https://gurobi.com/unrestricted for more information
/home/garrett/coding/Ising_Model_Instances/data/3D/DRL/1000/DRL_10_ID46.txt,ERROR: Model too large for size-limited license; visit https://gurobi.com/unrestricted for more information
/home/garrett/coding/Ising_Model_Instances/data/3D/DRL/1000/DRL_10_ID85.txt,ERROR: Model too large for size-limited license; visit https://gurobi.com/unrestricted for more information
/home/garrett/coding/Ising_Model_Instances/data/3D/DRL/1000/DRL_10_ID81.txt,ERROR: Model too large for size-limited license; visit https://gurobi.com/unrestricted for more information
/home/garrett/coding/Ising_Model_Instances/data/3D/DRL/1000/DRL_10_ID59.txt,ERROR: Model too large for size-limited license; visit https://gurobi.com/unrestricted for more information
/home/garrett/coding/Ising_Model_Instances/data/3D/DRL/1000/DRL_10_ID48.txt,ERROR: Model too large for size-limited license; visit https://gurobi.com/unrestricted for more information
/home/garrett/coding/Ising_Model_Instances/data/3D/DRL/1000/DRL_10_ID90.txt,ERROR: Model too large for size-limited license; visit https://gurobi.com/unrestricted for more information
/home/garrett/coding/Ising_Model_Instances/data/3D/DRL/1000/DRL_10_ID22.txt,ERROR: Model too large for size-limited license; visit https://gurobi.com/unrestricted for more information
/home/garrett/coding/Ising_Model_Instances/data/3D/DRL/1000/DRL_10_ID61.txt,ERROR: Model too large for size-limited license; visit https://gurobi.com/unrestricted for more information
/home/garrett/coding/Ising_Model_Instances/data/3D/DRL/1000/DRL_10_ID54.txt,ERROR: Model too large for size-limited license; visit https://gurobi.com/unrestricted for more information
/home/garrett/coding/Ising_Model_Instances/data/3D/DRL/1000/DRL_10_ID8.txt,ERROR: Model too large for size-limited license; visit https://gurobi.com/unrestricted for more information
/home/garrett/coding/Ising_Model_Instances/data/3D/DRL/1000/DRL_10_ID84.txt,ERROR: Model too large for size-limited license; visit https://gurobi.com/unrestricted for more information
/home/garrett/coding/Ising_Model_Instances/data/3D/DRL/1000/DRL_10_ID36.txt,ERROR: Model too large for size-limited license; visit https://gurobi.com/unrestricted for more information
/home/garrett/coding/Ising_Model_Instances/data/3D/DRL/1000/DRL_10_ID16.txt,ERROR: Model too large for size-limited license; visit https://gurobi.com/unrestricted for more information
/home/garrett/coding/Ising_Model_Instances/data/3D/DRL/1000/DRL_10_ID14.txt,ERROR: Model too large for size-limited license; visit https://gurobi.com/unrestricted for more information
/home/garrett/coding/Ising_Model_Instances/data/3D/DRL/1000/DRL_10_ID74.txt,ERROR: Model too large for size-limited license; visit https://gurobi.com/unrestricted for more information
/home/garrett/coding/Ising_Model_Instances/data/3D/DRL/1000/DRL_10_ID71.txt,ERROR: Model too large for size-limited license; visit https://gurobi.com/unrestricted for more information
/home/garrett/coding/Ising_Model_Instances/data/3D/DRL/1000/DRL_10_ID83.txt,ERROR: Model too large for size-limited license; visit https://gurobi.com/unrestricted for more information
/home/garrett/coding/Ising_Model_Instances/data/3D/DRL/1000/DRL_10_ID94.txt,ERROR: Model too large for size-limited license; visit https://gurobi.com/unrestricted for more information
/home/garrett/coding/Ising_Model_Instances/data/3D/DRL/3375/DRL_15_ID49.txt,ERROR: Model too large for size-limited license; visit https://gurobi.com/unrestricted for more information
/home/garrett/coding/Ising_Model_Instances/data/3D/DRL/3375/DRL_15_ID67.txt,ERROR: Model too large for size-limited license; visit https://gurobi.com/unrestricted for more information
/home/garrett/coding/Ising_Model_Instances/data/3D/DRL/3375/DRL_15_ID4.txt,ERROR: Model too large for size-limited license; visit https://gurobi.com/unrestricted for more information
/home/garrett/coding/Ising_Model_Instances/data/3D/DRL/3375/DRL_15_ID26.txt,ERROR: Model too large for size-limited license; visit https://gurobi.com/unrestricted for more information
/home/garrett/coding/Ising_Model_Instances/data/3D/DRL/3375/DRL_15_ID36.txt,ERROR: Model too large for size-limited license; visit https://gurobi.com/unrestricted for more information
/home/garrett/coding/Ising_Model_Instances/data/3D/DRL/3375/DRL_15_ID68.txt,ERROR: Model too large for size-limited license; visit https://gurobi.com/unrestricted for more information
/home/garrett/coding/Ising_Model_Instances/data/3D/DRL/3375/DRL_15_ID31.txt,ERROR: Model too large for size-limited license; visit https://gurobi.com/unrestricted for more information
/home/garrett/coding/Ising_Model_Instances/data/3D/DRL/3375/DRL_15_ID57.txt,ERROR: Model too large for size-limited license; visit https://gurobi.com/unrestricted for more information
/home/garrett/coding/Ising_Model_Instances/data/3D/DRL/3375/DRL_15_ID94.txt,ERROR: Model too large for size-limited license; visit https://gurobi.com/unrestricted for more information
/home/garrett/coding/Ising_Model_Instances/data/3D/DRL/3375/DRL_15_ID27.txt,ERROR: Model too large for size-limited license; visit https://gurobi.com/unrestricted for more information
/home/garrett/coding/Ising_Model_Instances/data/3D/DRL/3375/DRL_15_ID29.txt,ERROR: Model too large for size-limited license; visit https://gurobi.com/unrestricted for more information
/home/garrett/coding/Ising_Model_Instances/data/3D/DRL/3375/DRL_15_ID56.txt,ERROR: Model too large for size-limited license; visit https://gurobi.com/unrestricted for more information
/home/garrett/coding/Ising_Model_Instances/data/3D/DRL/3375/DRL_15_ID58.txt,ERROR: Model too large for size-limited license; visit https://gurobi.com/unrestricted for more information
/home/garrett/coding/Ising_Model_Instances/data/3D/DRL/3375/DRL_15_ID83.txt,ERROR: Model too large for size-limited license; visit https://gurobi.com/unrestricted for more information
/home/garrett/coding/Ising_Model_Instances/data/3D/DRL/3375/DRL_15_ID55.txt,ERROR: Model too large for size-limited license; visit https://gurobi.com/unrestricted for more information
/home/garrett/coding/Ising_Model_Instances/data/3D/DRL/3375/DRL_15_ID81.txt,ERROR: Model too large for size-limited license; visit https://gurobi.com/unrestricted for more information
/home/garrett/coding/Ising_Model_Instances/data/3D/DRL/3375/DRL_15_ID65.txt,ERROR: Model too large for size-limited license; visit https://gurobi.com/unrestricted for more information
/home/garrett/coding/Ising_Model_Instances/data/3D/DRL/3375/DRL_15_ID80.txt,ERROR: Model too large for size-limited license; visit https://gurobi.com/unrestricted for more information
/home/garrett/coding/Ising_Model_Instances/data/3D/DRL/3375/DRL_15_ID86.txt,ERROR: Model too large for size-limited license; visit https://gurobi.com/unrestricted for more information
/home/garrett/coding/Ising_Model_Instances/data/3D/DRL/3375/DRL_15_ID63.txt,ERROR: Model too large for size-limited license; visit https://gurobi.com/unrestricted for more information
/home/garrett/coding/Ising_Model_Instances/data/3D/DRL/3375/DRL_15_ID19.txt,ERROR: Model too large for size-limited license; visit https://gurobi.com/unrestricted for more information
/home/garrett/coding/Ising_Model_Instances/data/3D/DRL/3375/DRL_15_ID40.txt,ERROR: Model too large for size-limited license; visit https://gurobi.com/unrestricted for more information
/home/garrett/coding/Ising_Model_Instances/data/3D/DRL/3375/DRL_15_ID28.txt,ERROR: Model too large for size-limited license; visit https://gurobi.com/unrestricted for more information
/home/garrett/coding/Ising_Model_Instances/data/3D/DRL/3375/DRL_15_ID47.txt,ERROR: Model too large for size-limited license; visit https://gurobi.com/unrestricted for more information
/home/garrett/coding/Ising_Model_Instances/data/3D/DRL/3375/DRL_15_ID43.txt,ERROR: Model too large for size-limited license; visit https://gurobi.com/unrestricted for more information
/home/garrett/coding/Ising_Model_Instances/data/3D/DRL/3375/DRL_15_ID20.txt,ERROR: Model too large for size-limited license; visit https://gurobi.com/unrestricted for more information
/home/garrett/coding/Ising_Model_Instances/data/3D/DRL/3375/DRL_15_ID72.txt,ERROR: Model too large for size-limited license; visit https://gurobi.com/unrestricted for more information
/home/garrett/coding/Ising_Model_Instances/data/3D/DRL/3375/DRL_15_ID18.txt,ERROR: Model too large for size-limited license; visit https://gurobi.com/unrestricted for more information
/home/garrett/coding/Ising_Model_Instances/data/3D/DRL/3375/DRL_15_ID70.txt,ERROR: Model too large for size-limited license; visit https://gurobi.com/unrestricted for more information
/home/garrett/coding/Ising_Model_Instances/data/3D/DRL/3375/DRL_15_ID51.txt,ERROR: Model too large for size-limited license; visit https://gurobi.com/unrestricted for more information
/home/garrett/coding/Ising_Model_Instances/data/3D/DRL/3375/DRL_15_ID92.txt,ERROR: Model too large for size-limited license; visit https://gurobi.com/unrestricted for more information
/home/garrett/coding/Ising_Model_Instances/data/3D/DRL/3375/DRL_15_ID91.txt,ERROR: Model too large for size-limited license; visit https://gurobi.com/unrestricted for more information
/home/garrett/coding/Ising_Model_Instances/data/3D/DRL/3375/DRL_15_ID52.txt,ERROR: Model too large for size-limited license; visit https://gurobi.com/unrestricted for more information
/home/garrett/coding/Ising_Model_Instances/data/3D/DRL/3375/DRL_15_ID82.txt,ERROR: Model too large for size-limited license; visit https://gurobi.com/unrestricted for more information
/home/garrett/coding/Ising_Model_Instances/data/3D/DRL/3375/DRL_15_ID48.txt,ERROR: Model too large for size-limited license; visit https://gurobi.com/unrestricted for more information
/home/garrett/coding/Ising_Model_Instances/data/3D/DRL/3375/DRL_15_ID96.txt,ERROR: Model too large for size-limited license; visit https://gurobi.com/unrestricted for more information
/home/garrett/coding/Ising_Model_Instances/data/3D/DRL/3375/DRL_15_ID12.txt,ERROR: Model too large for size-limited license; visit https://gurobi.com/unrestricted for more information
/home/garrett/coding/Ising_Model_Instances/data/3D/DRL/3375/DRL_15_ID10.txt,ERROR: Model too large for size-limited license; visit https://gurobi.com/unrestricted for more information
/home/garrett/coding/Ising_Model_Instances/data/3D/DRL/3375/DRL_15_ID41.txt,ERROR: Model too large for size-limited license; visit https://gurobi.com/unrestricted for more information
/home/garrett/coding/Ising_Model_Instances/data/3D/DRL/3375/DRL_15_ID66.txt,ERROR: Model too large for size-limited license; visit https://gurobi.com/unrestricted for more information
/home/garrett/coding/Ising_Model_Instances/data/3D/DRL/3375/DRL_15_ID73.txt,ERROR: Model too large for size-limited license; visit https://gurobi.com/unrestricted for more information
/home/garrett/coding/Ising_Model_Instances/data/3D/DRL/3375/DRL_15_ID9.txt,ERROR: Model too large for size-limited license; visit https://gurobi.com/unrestricted for more information
/home/garrett/coding/Ising_Model_Instances/data/3D/DRL/3375/DRL_15_ID64.txt,ERROR: Model too large for size-limited license; visit https://gurobi.com/unrestricted for more information
/home/garrett/coding/Ising_Model_Instances/data/3D/DRL/3375/DRL_15_ID77.txt,ERROR: Model too large for size-limited license; visit https://gurobi.com/unrestricted for more information
/home/garrett/coding/Ising_Model_Instances/data/3D/DRL/3375/DRL_15_ID42.txt,ERROR: Model too large for size-limited license; visit https://gurobi.com/unrestricted for more information
/home/garrett/coding/Ising_Model_Instances/data/3D/DRL/3375/DRL_15_ID93.txt,ERROR: Model too large for size-limited license; visit https://gurobi.com/unrestricted for more information
/home/garrett/coding/Ising_Model_Instances/data/3D/DRL/3375/DRL_15_ID98.txt,ERROR: Model too large for size-limited license; visit https://gurobi.com/unrestricted for more information
/home/garrett/coding/Ising_Model_Instances/data/3D/DRL/3375/DRL_15_ID24.txt,ERROR: Model too large for size-limited license; visit https://gurobi.com/unrestricted for more information
/home/garrett/coding/Ising_Model_Instances/data/3D/DRL/3375/DRL_15_ID2.txt,ERROR: Model too large for size-limited license; visit https://gurobi.com/unrestricted for more information
/home/garrett/coding/Ising_Model_Instances/data/3D/DRL/3375/DRL_15_ID44.txt,ERROR: Model too large for size-limited license; visit https://gurobi.com/unrestricted for more information
/home/garrett/coding/Ising_Model_Instances/data/3D/DRL/3375/DRL_15_ID3.txt,ERROR: Model too large for size-limited license; visit https://gurobi.com/unrestricted for more information
/home/garrett/coding/Ising_Model_Instances/data/3D/DRL/3375/DRL_15_ID69.txt,ERROR: Model too large for size-limited license; visit https://gurobi.com/unrestricted for more information
/home/garrett/coding/Ising_Model_Instances/data/3D/DRL/3375/DRL_15_ID7.txt,ERROR: Model too large for size-limited license; visit https://gurobi.com/unrestricted for more information
/home/garrett/coding/Ising_Model_Instances/data/3D/DRL/3375/DRL_15_ID25.txt,ERROR: Model too large for size-limited license; visit https://gurobi.com/unrestricted for more information
/home/garrett/coding/Ising_Model_Instances/data/3D/DRL/3375/DRL_15_ID84.txt,ERROR: Model too large for size-limited license; visit https://gurobi.com/unrestricted for more information
/home/garrett/coding/Ising_Model_Instances/data/3D/DRL/3375/DRL_15_ID5.txt,ERROR: Model too large for size-limited license; visit https://gurobi.com/unrestricted for more information
/home/garrett/coding/Ising_Model_Instances/data/3D/DRL/3375/DRL_15_ID53.txt,ERROR: Model too large for size-limited license; visit https://gurobi.com/unrestricted for more information
/home/garrett/coding/Ising_Model_Instances/data/3D/DRL/3375/DRL_15_ID15.txt,ERROR: Model too large for size-limited license; visit https://gurobi.com/unrestricted for more information
/home/garrett/coding/Ising_Model_Instances/data/3D/DRL/3375/DRL_15_ID54.txt,ERROR: Model too large for size-limited license; visit https://gurobi.com/unrestricted for more information
/home/garrett/coding/Ising_Model_Instances/data/3D/DRL/3375/DRL_15_ID85.txt,ERROR: Model too large for size-limited license; visit https://gurobi.com/unrestricted for more information
/home/garrett/coding/Ising_Model_Instances/data/3D/DRL/3375/DRL_15_ID46.txt,ERROR: Model too large for size-limited license; visit https://gurobi.com/unrestricted for more information
/home/garrett/coding/Ising_Model_Instances/data/3D/DRL/3375/DRL_15_ID38.txt,ERROR: Model too large for size-limited license; visit https://gurobi.com/unrestricted for more information
/home/garrett/coding/Ising_Model_Instances/data/3D/DRL/3375/DRL_15_ID39.txt,ERROR: Model too large for size-limited license; visit https://gurobi.com/unrestricted for more information
/home/garrett/coding/Ising_Model_Instances/data/3D/DRL/3375/DRL_15_ID75.txt,ERROR: Model too large for size-limited license; visit https://gurobi.com/unrestricted for more information
/home/garrett/coding/Ising_Model_Instances/data/3D/DRL/3375/DRL_15_ID62.txt,ERROR: Model too large for size-limited license; visit https://gurobi.com/unrestricted for more information
/home/garrett/coding/Ising_Model_Instances/data/3D/DRL/3375/DRL_15_ID6.txt,ERROR: Model too large for size-limited license; visit https://gurobi.com/unrestricted for more information
/home/garrett/coding/Ising_Model_Instances/data/3D/DRL/3375/DRL_15_ID61.txt,ERROR: Model too large for size-limited license; visit https://gurobi.com/unrestricted for more information
/home/garrett/coding/Ising_Model_Instances/data/3D/DRL/3375/DRL_15_ID16.txt,ERROR: Model too large for size-limited license; visit https://gurobi.com/unrestricted for more information
/home/garrett/coding/Ising_Model_Instances/data/3D/DRL/3375/DRL_15_ID1.txt,ERROR: Model too large for size-limited license; visit https://gurobi.com/unrestricted for more information
/home/garrett/coding/Ising_Model_Instances/data/3D/DRL/3375/DRL_15_ID23.txt,ERROR: Model too large for size-limited license; visit https://gurobi.com/unrestricted for more information
/home/garrett/coding/Ising_Model_Instances/data/3D/DRL/3375/DRL_15_ID60.txt,ERROR: Model too large for size-limited license; visit https://gurobi.com/unrestricted for more information
/home/garrett/coding/Ising_Model_Instances/data/3D/DRL/3375/DRL_15_ID90.txt,ERROR: Model too large for size-limited license; visit https://gurobi.com/unrestricted for more information
/home/garrett/coding/Ising_Model_Instances/data/3D/DRL/3375/DRL_15_ID33.txt,ERROR: Model too large for size-limited license; visit https://gurobi.com/unrestricted for more information
/home/garrett/coding/Ising_Model_Instances/data/3D/DRL/3375/DRL_15_ID0.txt,ERROR: Model too large for size-limited license; visit https://gurobi.com/unrestricted for more information
/home/garrett/coding/Ising_Model_Instances/data/3D/DRL/3375/DRL_15_ID88.txt,ERROR: Model too large for size-limited license; visit https://gurobi.com/unrestricted for more information
/home/garrett/coding/Ising_Model_Instances/data/3D/DRL/3375/DRL_15_ID11.txt,ERROR: Model too large for size-limited license; visit https://gurobi.com/unrestricted for more information
/home/garrett/coding/Ising_Model_Instances/data/3D/DRL/3375/DRL_15_ID8.txt,ERROR: Model too large for size-limited license; visit https://gurobi.com/unrestricted for more information
/home/garrett/coding/Ising_Model_Instances/data/3D/DRL/3375/DRL_15_ID22.txt,ERROR: Model too large for size-limited license; visit https://gurobi.com/unrestricted for more information
/home/garrett/coding/Ising_Model_Instances/data/3D/DRL/3375/DRL_15_ID17.txt,ERROR: Model too large for size-limited license; visit https://gurobi.com/unrestricted for more information
/home/garrett/coding/Ising_Model_Instances/data/3D/DRL/3375/DRL_15_ID79.txt,ERROR: Model too large for size-limited license; visit https://gurobi.com/unrestricted for more information
/home/garrett/coding/Ising_Model_Instances/data/3D/DRL/3375/DRL_15_ID59.txt,ERROR: Model too large for size-limited license; visit https://gurobi.com/unrestricted for more information
/home/garrett/coding/Ising_Model_Instances/data/3D/DRL/3375/DRL_15_ID99.txt,ERROR: Model too large for size-limited license; visit https://gurobi.com/unrestricted for more information
/home/garrett/coding/Ising_Model_Instances/data/3D/DRL/3375/DRL_15_ID97.txt,ERROR: Model too large for size-limited license; visit https://gurobi.com/unrestricted for more information
/home/garrett/coding/Ising_Model_Instances/data/3D/DRL/3375/DRL_15_ID32.txt,ERROR: Model too large for size-limited license; visit https://gurobi.com/unrestricted for more information
/home/garrett/coding/Ising_Model_Instances/data/3D/DRL/3375/DRL_15_ID37.txt,ERROR: Model too large for size-limited license; visit https://gurobi.com/unrestricted for more information
/home/garrett/coding/Ising_Model_Instances/data/3D/DRL/3375/DRL_15_ID87.txt,ERROR: Model too large for size-limited license; visit https://gurobi.com/unrestricted for more information
/home/garrett/coding/Ising_Model_Instances/data/3D/DRL/3375/DRL_15_ID89.txt,ERROR: Model too large for size-limited license; visit https://gurobi.com/unrestricted for more information
/home/garrett/coding/Ising_Model_Instances/data/3D/DRL/3375/DRL_15_ID34.txt,ERROR: Model too large for size-limited license; visit https://gurobi.com/unrestricted for more information
/home/garrett/coding/Ising_Model_Instances/data/3D/DRL/3375/DRL_15_ID76.txt,ERROR: Model too large for size-limited license; visit https://gurobi.com/unrestricted for more information
/home/garrett/coding/Ising_Model_Instances/data/3D/DRL/3375/DRL_15_ID35.txt,ERROR: Model too large for size-limited license; visit https://gurobi.com/unrestricted for more information
/home/garrett/coding/Ising_Model_Instances/data/3D/DRL/3375/DRL_15_ID30.txt,ERROR: Model too large for size-limited license; visit https://gurobi.com/unrestricted for more information
/home/garrett/coding/Ising_Model_Instances/data/3D/DRL/3375/DRL_15_ID74.txt,ERROR: Model too large for size-limited license; visit https://gurobi.com/unrestricted for more information
/home/garrett/coding/Ising_Model_Instances/data/3D/DRL/3375/DRL_15_ID21.txt,ERROR: Model too large for size-limited license; visit https://gurobi.com/unrestricted for more information
/home/garrett/coding/Ising_Model_Instances/data/3D/DRL/3375/DRL_15_ID95.txt,ERROR: Model too large for size-limited license; visit https://gurobi.com/unrestricted for more information
/home/garrett/coding/Ising_Model_Instances/data/3D/DRL/3375/DRL_15_ID13.txt,ERROR: Model too large for size-limited license; visit https://gurobi.com/unrestricted for more information
/home/garrett/coding/Ising_Model_Instances/data/3D/DRL/3375/DRL_15_ID14.txt,ERROR: Model too large for size-limited license; visit https://gurobi.com/unrestricted for more information
/home/garrett/coding/Ising_Model_Instances/data/3D/DRL/3375/DRL_15_ID50.txt,ERROR: Model too large for size-limited license; visit https://gurobi.com/unrestricted for more information
/home/garrett/coding/Ising_Model_Instances/data/3D/DRL/3375/DRL_15_ID78.txt,ERROR: Model too large for size-limited license; visit https://gurobi.com/unrestricted for more information
/home/garrett/coding/Ising_Model_Instances/data/3D/DRL/3375/DRL_15_ID45.txt,ERROR: Model too large for size-limited license; visit https://gurobi.com/unrestricted for more information
/home/garrett/coding/Ising_Model_Instances/data/3D/DRL/3375/DRL_15_ID71.txt,ERROR: Model too large for size-limited license; visit https://gurobi.com/unrestricted for more information
/home/garrett/coding/Ising_Model_Instances/data/3D/DRL/64/DRL_4_ID17.txt,00010011010000101100000011101100111011110100001100001110111001110
/home/garrett/coding/Ising_Model_Instances/data/3D/DRL/64/DRL_4_ID76.txt,00001100001010000110011010100110010010011101100101011111001011011
/home/garrett/coding/Ising_Model_Instances/data/3D/DRL/64/DRL_4_ID91.txt,01101010010000110101011011001000011100000110101101000001101101110
/home/garrett/coding/Ising_Model_Instances/data/3D/DRL/64/DRL_4_ID82.txt,00000110010100010100111110111011001000111100001001010011111110010
/home/garrett/coding/Ising_Model_Instances/data/3D/DRL/64/DRL_4_ID58.txt,01100101000111111111010100110011010100011010010001010010110000100
/home/garrett/coding/Ising_Model_Instances/data/3D/DRL/64/DRL_4_ID61.txt,01001100111110001110111101010000011100001111010101011000110101001
/home/garrett/coding/Ising_Model_Instances/data/3D/DRL/64/DRL_4_ID4.txt,01010001111111000011100110010100001101110100000000001001100000111
/home/garrett/coding/Ising_Model_Instances/data/3D/DRL/64/DRL_4_ID74.txt,01101001000101100101110010100110001010010111111110000111001001110
/home/garrett/coding/Ising_Model_Instances/data/3D/DRL/64/DRL_4_ID52.txt,00011001111000011101000011110011010001001110100111000100011110001
/home/garrett/coding/Ising_Model_Instances/data/3D/DRL/64/DRL_4_ID11.txt,00100001101111000100011110110010011110101100010000111011111000001
/home/garrett/coding/Ising_Model_Instances/data/3D/DRL/64/DRL_4_ID9.txt,01111010110001111010001100111000010101110010111011111110010010101
/home/garrett/coding/Ising_Model_Instances/data/3D/DRL/64/DRL_4_ID53.txt,00110110000111111110001110111101100000110101101110011000101011011
/home/garrett/coding/Ising_Model_Instances/data/3D/DRL/64/DRL_4_ID62.txt,00100101101001011110100111101101111001110000010000000101000101111
/home/garrett/coding/Ising_Model_Instances/data/3D/DRL/64/DRL_4_ID66.txt,01011101011001100011011101111010110101000010001111010010001010000
/home/garrett/coding/Ising_Model_Instances/data/3D/DRL/64/DRL_4_ID56.txt,01000000110110000000110010010101001110001000011010000110101000010
/home/garrett/coding/Ising_Model_Instances/data/3D/DRL/64/DRL_4_ID88.txt,00000000001111000000011111001101101100011101010111101100100111010
/home/garrett/coding/Ising_Model_Instances/data/3D/DRL/64/DRL_4_ID63.txt,00000111011101110001101111101100000011110000011010010001011000001
/home/garrett/coding/Ising_Model_Instances/data/3D/DRL/64/DRL_4_ID8.txt,00001100001001001000101110010011011000110100010110111010110101110
/home/garrett/coding/Ising_Model_Instances/data/3D/DRL/64/DRL_4_ID37.txt,01101001000011001111101001110101101110010100011001010111101011011
/home/garrett/coding/Ising_Model_Instances/data/3D/DRL/64/DRL_4_ID13.txt,01000100010110010011000001011011010010100001001011011111001101111
/home/garrett/coding/Ising_Model_Instances/data/3D/DRL/64/DRL_4_ID38.txt,00000111001000011001111100000001111001000010011011100010110111100
/home/garrett/coding/Ising_Model_Instances/data/3D/DRL/64/DRL_4_ID57.txt,01011001101110001110101010001111001000011110000010111101011100001
/home/garrett/coding/Ising_Model_Instances/data/3D/DRL/64/DRL_4_ID24.txt,00110110011000101000110111000001010111111110011110010110101010001
/home/garrett/coding/Ising_Model_Instances/data/3D/DRL/64/DRL_4_ID42.txt,01100110101111001011011101011111110111001101100101111010100101100
/home/garrett/coding/Ising_Model_Instances/data/3D/DRL/64/DRL_4_ID67.txt,01010000000100111001101100100011010000001010001000010110011011010
/home/garrett/coding/Ising_Model_Instances/data/3D/DRL/64/DRL_4_ID5.txt,01000001001101111101001100101010010111011101011101110010000101001
/home/garrett/coding/Ising_Model_Instances/data/3D/DRL/64/DRL_4_ID70.txt,00111100110101000111111000011101000111000000101010110001000000001
/home/garrett/coding/Ising_Model_Instances/data/3D/DRL/64/DRL_4_ID44.txt,01110001000110100101111011011000011001101011111100110011110001011
/home/garrett/coding/Ising_Model_Instances/data/3D/DRL/64/DRL_4_ID48.txt,01100000100110110010010111101101001110100011110000111010010101111
/home/garrett/coding/Ising_Model_Instances/data/3D/DRL/64/DRL_4_ID79.txt,00111000010000000111000101010001010110001110100110110010100011110
/home/garrett/coding/Ising_Model_Instances/data/3D/DRL/64/DRL_4_ID0.txt,00000000110010111110011100011101011110100010001000000001000110111
/home/garrett/coding/Ising_Model_Instances/data/3D/DRL/64/DRL_4_ID40.txt,01100110001001010001111011011111000110101011100010111101011011110
/home/garrett/coding/Ising_Model_Instances/data/3D/DRL/64/DRL_4_ID51.txt,00000111001111111110100100010011110011110101111111000010101010001
/home/garrett/coding/Ising_Model_Instances/data/3D/DRL/64/DRL_4_ID30.txt,01100111100000101001011110110010100011110110000100100101011000010
/home/garrett/coding/Ising_Model_Instances/data/3D/DRL/64/DRL_4_ID96.txt,01011101011001001000111011100001011111010111100100000101001110100
/home/garrett/coding/Ising_Model_Instances/data/3D/DRL/64/DRL_4_ID64.txt,00001101100100000110000000101101001011001010111111101010010000001
/home/garrett/coding/Ising_Model_Instances/data/3D/DRL/64/DRL_4_ID12.txt,01010000000011011110000010010111100001101101011010001011011101111
/home/garrett/coding/Ising_Model_Instances/data/3D/DRL/64/DRL_4_ID31.txt,00001100101000100101100110011001010010101110111100010110100101011
/home/garrett/coding/Ising_Model_Instances/data/3D/DRL/64/DRL_4_ID97.txt,01111001011100000010111111001100111111001100101001100101011000010
/home/garrett/coding/Ising_Model_Instances/data/3D/DRL/64/DRL_4_ID39.txt,01011100111100110111000010000100010001001100010110010000111011010
/home/garrett/coding/Ising_Model_Instances/data/3D/DRL/64/DRL_4_ID18.txt,00001110100101011000101000100111011110011110001010111010111000100
/home/garrett/coding/Ising_Model_Instances/data/3D/DRL/64/DRL_4_ID84.txt,00111011110001010010110110111101001110010011111100111101111010110
/home/garrett/coding/Ising_Model_Instances/data/3D/DRL/64/DRL_4_ID68.txt,01011100011111001101101010110100101101101001100000100110010111001
/home/garrett/coding/Ising_Model_Instances/data/3D/DRL/64/DRL_4_ID20.txt,00011110000010111010001000100111100000010011111011100101001000101
/home/garrett/coding/Ising_Model_Instances/data/3D/DRL/64/DRL_4_ID14.txt,00101110111110010011001100110101001001110101101011000111101000001
/home/garrett/coding/Ising_Model_Instances/data/3D/DRL/64/DRL_4_ID78.txt,01001001101011110101111100111111100011001111101110000110111011101
/home/garrett/coding/Ising_Model_Instances/data/3D/DRL/64/DRL_4_ID10.txt,00110111111001000101100111010011011010111001011101010000010000000
/home/garrett/coding/Ising_Model_Instances/data/3D/DRL/64/DRL_4_ID92.txt,01001110011101001100011101011110001011011010111101111111010001100
/home/garrett/coding/Ising_Model_Instances/data/3D/DRL/64/DRL_4_ID54.txt,00101000011001110011011100111101100101101110001101011111011111011
/home/garrett/coding/Ising_Model_Instances/data/3D/DRL/64/DRL_4_ID85.txt,01010011111110011001010000101110001100000011111011010001101001010
/home/garrett/coding/Ising_Model_Instances/data/3D/DRL/64/DRL_4_ID50.txt,01010001100011011001001110110110111111001000100000010110001111011
/home/garrett/coding/Ising_Model_Instances/data/3D/DRL/64/DRL_4_ID69.txt,01010000010101011010010011110011111010000001001000110110000100110
/home/garrett/coding/Ising_Model_Instances/data/3D/DRL/64/DRL_4_ID45.txt,01111001100000000100000001010001111110010101111010101000111100100
/home/garrett/coding/Ising_Model_Instances/data/3D/DRL/64/DRL_4_ID15.txt,00111010111110001011001010100000000000011100100110010101011111101
/home/garrett/coding/Ising_Model_Instances/data/3D/DRL/64/DRL_4_ID22.txt,00001001110001001011100110111000000110110101011011101111011010011
/home/garrett/coding/Ising_Model_Instances/data/3D/DRL/64/DRL_4_ID7.txt,01110110101101010011111110111010000110111100000001110101101011010
/home/garrett/coding/Ising_Model_Instances/data/3D/DRL/64/DRL_4_ID98.txt,01110101010100010000101110110110101101101111011011110001011100110
/home/garrett/coding/Ising_Model_Instances/data/3D/DRL/64/DRL_4_ID36.txt,01011100101000111111011110110100011011001110000100100101000100001
/home/garrett/coding/Ising_Model_Instances/data/3D/DRL/64/DRL_4_ID90.txt,01011100100100111010011000010110000110100000010111101100101101011
/home/garrett/coding/Ising_Model_Instances/data/3D/DRL/64/DRL_4_ID94.txt,01011011010111111110001001110000011111111110011100011010000000100
/home/garrett/coding/Ising_Model_Instances/data/3D/DRL/64/DRL_4_ID34.txt,01100101011010001100010000011100100100110000011110101101001000000
/home/garrett/coding/Ising_Model_Instances/data/3D/DRL/64/DRL_4_ID80.txt,00011100011001000101101000000011101011111110101101110010101110110
/home/garrett/coding/Ising_Model_Instances/data/3D/DRL/64/DRL_4_ID2.txt,01010111100111110111111001101001100010011111100110100110100010111
/home/garrett/coding/Ising_Model_Instances/data/3D/DRL/64/DRL_4_ID59.txt,01100010111100000010101110110000001010011110011100000011010110110
/home/garrett/coding/Ising_Model_Instances/data/3D/DRL/64/DRL_4_ID65.txt,00010011101100001000000100100001100011111101100101100011101111110
/home/garrett/coding/Ising_Model_Instances/data/3D/DRL/64/DRL_4_ID32.txt,01111110110000000110011110001010001010010101110010010101111001001
/home/garrett/coding/Ising_Model_Instances/data/3D/DRL/64/DRL_4_ID21.txt,00111110101000111111100111001011111110110011001010111011111111101
/home/garrett/coding/Ising_Model_Instances/data/3D/DRL/64/DRL_4_ID99.txt,00100101111000100010011110010100101010100101001111100011001101110
/home/garrett/coding/Ising_Model_Instances/data/3D/DRL/64/DRL_4_ID95.txt,01010111100101111011111010011010110101000010001010001001001100111
/home/garrett/coding/Ising_Model_Instances/data/3D/DRL/64/DRL_4_ID46.txt,01000101011111000100010010010000100011010111100110101011101001101
/home/garrett/coding/Ising_Model_Instances/data/3D/DRL/64/DRL_4_ID19.txt,01100101110010111011011010000001100100011010100010110100111001110
/home/garrett/coding/Ising_Model_Instances/data/3D/DRL/64/DRL_4_ID16.txt,00111011101111101011110000010011001000111011000001110111010101110
/home/garrett/coding/Ising_Model_Instances/data/3D/DRL/64/DRL_4_ID43.txt,00111110000000001110100011000101100000101110100111111111110101111
/home/garrett/coding/Ising_Model_Instances/data/3D/DRL/64/DRL_4_ID41.txt,00001000011111111101010101001000101000010100111010110101111110000
/home/garrett/coding/Ising_Model_Instances/data/3D/DRL/64/DRL_4_ID55.txt,01000110010000000010011110000001010001010000010111000011000111100
/home/garrett/coding/Ising_Model_Instances/data/3D/DRL/64/DRL_4_ID87.txt,00100111101010001000000011000011011101000011110110001111110110101
/home/garrett/coding/Ising_Model_Instances/data/3D/DRL/64/DRL_4_ID75.txt,00000000010010001000010100100111111100101101110011011101101101111
/home/garrett/coding/Ising_Model_Instances/data/3D/DRL/64/DRL_4_ID28.txt,01011001011111111001110110101110101011011011011000011011110111000
/home/garrett/coding/Ising_Model_Instances/data/3D/DRL/64/DRL_4_ID1.txt,01111001010000001100101111010001101001100101010101110111110011011
/home/garrett/coding/Ising_Model_Instances/data/3D/DRL/64/DRL_4_ID71.txt,00100111001111100010100100010100011101010011010011011011001100010
/home/garrett/coding/Ising_Model_Instances/data/3D/DRL/64/DRL_4_ID3.txt,00111011001110010110010101011011100010111011111101010100110101111
/home/garrett/coding/Ising_Model_Instances/data/3D/DRL/64/DRL_4_ID72.txt,01110011001101110100001100101001110111101010110000000001001111011
/home/garrett/coding/Ising_Model_Instances/data/3D/DRL/64/DRL_4_ID60.txt,01101101100001011110111111010101111110011101011011011001001111110
/home/garrett/coding/Ising_Model_Instances/data/3D/DRL/64/DRL_4_ID83.txt,01100011111111000111110110111100010101011111101001111101111101011
/home/garrett/coding/Ising_Model_Instances/data/3D/DRL/64/DRL_4_ID81.txt,01111011011101111111101111110011101111010110101110110010100000100
/home/garrett/coding/Ising_Model_Instances/data/3D/DRL/64/DRL_4_ID93.txt,00000010010101111110110010000010101000000001010110000110011110011
/home/garrett/coding/Ising_Model_Instances/data/3D/DRL/64/DRL_4_ID23.txt,01001110001100010001000111011110100110111000010100001010001001110
/home/garrett/coding/Ising_Model_Instances/data/3D/DRL/64/DRL_4_ID86.txt,01011011110111010000111001111000001100000001100001111111011111111
/home/garrett/coding/Ising_Model_Instances/data/3D/DRL/64/DRL_4_ID27.txt,01100010011010101001111111000001000101000111001010010110001011110
/home/garrett/coding/Ising_Model_Instances/data/3D/DRL/64/DRL_4_ID26.txt,01000011110111100111011001011110011111110011010010011101010101101
/home/garrett/coding/Ising_Model_Instances/data/3D/DRL/64/DRL_4_ID25.txt,00001011000111110011100111001101101111110000101111100110001110010
/home/garrett/coding/Ising_Model_Instances/data/3D/DRL/64/DRL_4_ID29.txt,01000100101110010001110100010011101111011101110010110000111000000
/home/garrett/coding/Ising_Model_Instances/data/3D/DRL/64/DRL_4_ID33.txt,01011100111110100000011000100011110100011000111110100111001001010
/home/garrett/coding/Ising_Model_Instances/data/3D/DRL/64/DRL_4_ID35.txt,01111100001010101101100100100110011101111010111110011100100111000
/home/garrett/coding/Ising_Model_Instances/data/3D/DRL/64/DRL_4_ID77.txt,00101010011110011100111011110000101100010101111000000111000100110
/home/garrett/coding/Ising_Model_Instances/data/3D/DRL/64/DRL_4_ID49.txt,01011010101010100110101001000010100010101111000010101111111001111
/home/garrett/coding/Ising_Model_Instances/data/3D/DRL/64/DRL_4_ID89.txt,01000011001111111111100111011111100111011111000110101011010100110
/home/garrett/coding/Ising_Model_Instances/data/3D/DRL/64/DRL_4_ID73.txt,00110001001110000001010110000011100011001010100111001001001000011
/home/garrett/coding/Ising_Model_Instances/data/3D/DRL/64/DRL_4_ID47.txt,01011111011101001100100111010000100100011011110011100010010100010
/home/garrett/coding/Ising_Model_Instances/data/3D/DRL/64/DRL_4_ID6.txt,01101000101111001010000100111100111111000000000000010100101001001
/home/garrett/coding/Ising_Model_Instances/data/3D/DRL/216/DRL_6_ID40.txt,ERROR: Model too large for size-limited license; visit https://gurobi.com/unrestricted for more information
/home/garrett/coding/Ising_Model_Instances/data/3D/DRL/216/DRL_6_ID38.txt,ERROR: Model too large for size-limited license; visit https://gurobi.com/unrestricted for more information
/home/garrett/coding/Ising_Model_Instances/data/3D/DRL/216/DRL_6_ID85.txt,ERROR: Model too large for size-limited license; visit https://gurobi.com/unrestricted for more information
/home/garrett/coding/Ising_Model_Instances/data/3D/DRL/216/DRL_6_ID59.txt,ERROR: Model too large for size-limited license; visit https://gurobi.com/unrestricted for more information
/home/garrett/coding/Ising_Model_Instances/data/3D/DRL/216/DRL_6_ID80.txt,ERROR: Model too large for size-limited license; visit https://gurobi.com/unrestricted for more information
/home/garrett/coding/Ising_Model_Instances/data/3D/DRL/216/DRL_6_ID70.txt,ERROR: Model too large for size-limited license; visit https://gurobi.com/unrestricted for more information
/home/garrett/coding/Ising_Model_Instances/data/3D/DRL/216/DRL_6_ID43.txt,ERROR: Model too large for size-limited license; visit https://gurobi.com/unrestricted for more information
/home/garrett/coding/Ising_Model_Instances/data/3D/DRL/216/DRL_6_ID87.txt,ERROR: Model too large for size-limited license; visit https://gurobi.com/unrestricted for more information
/home/garrett/coding/Ising_Model_Instances/data/3D/DRL/216/DRL_6_ID33.txt,ERROR: Model too large for size-limited license; visit https://gurobi.com/unrestricted for more information
/home/garrett/coding/Ising_Model_Instances/data/3D/DRL/216/DRL_6_ID64.txt,ERROR: Model too large for size-limited license; visit https://gurobi.com/unrestricted for more information
/home/garrett/coding/Ising_Model_Instances/data/3D/DRL/216/DRL_6_ID61.txt,ERROR: Model too large for size-limited license; visit https://gurobi.com/unrestricted for more information
/home/garrett/coding/Ising_Model_Instances/data/3D/DRL/216/DRL_6_ID65.txt,ERROR: Model too large for size-limited license; visit https://gurobi.com/unrestricted for more information
/home/garrett/coding/Ising_Model_Instances/data/3D/DRL/216/DRL_6_ID96.txt,ERROR: Model too large for size-limited license; visit https://gurobi.com/unrestricted for more information
/home/garrett/coding/Ising_Model_Instances/data/3D/DRL/216/DRL_6_ID71.txt,ERROR: Model too large for size-limited license; visit https://gurobi.com/unrestricted for more information
/home/garrett/coding/Ising_Model_Instances/data/3D/DRL/216/DRL_6_ID28.txt,ERROR: Model too large for size-limited license; visit https://gurobi.com/unrestricted for more information
/home/garrett/coding/Ising_Model_Instances/data/3D/DRL/216/DRL_6_ID2.txt,ERROR: Model too large for size-limited license; visit https://gurobi.com/unrestricted for more information
/home/garrett/coding/Ising_Model_Instances/data/3D/DRL/216/DRL_6_ID1.txt,ERROR: Model too large for size-limited license; visit https://gurobi.com/unrestricted for more information
/home/garrett/coding/Ising_Model_Instances/data/3D/DRL/216/DRL_6_ID67.txt,ERROR: Model too large for size-limited license; visit https://gurobi.com/unrestricted for more information
/home/garrett/coding/Ising_Model_Instances/data/3D/DRL/216/DRL_6_ID10.txt,ERROR: Model too large for size-limited license; visit https://gurobi.com/unrestricted for more information
/home/garrett/coding/Ising_Model_Instances/data/3D/DRL/216/DRL_6_ID57.txt,ERROR: Model too large for size-limited license; visit https://gurobi.com/unrestricted for more information
/home/garrett/coding/Ising_Model_Instances/data/3D/DRL/216/DRL_6_ID86.txt,ERROR: Model too large for size-limited license; visit https://gurobi.com/unrestricted for more information
/home/garrett/coding/Ising_Model_Instances/data/3D/DRL/216/DRL_6_ID51.txt,ERROR: Model too large for size-limited license; visit https://gurobi.com/unrestricted for more information
/home/garrett/coding/Ising_Model_Instances/data/3D/DRL/216/DRL_6_ID83.txt,ERROR: Model too large for size-limited license; visit https://gurobi.com/unrestricted for more information
/home/garrett/coding/Ising_Model_Instances/data/3D/DRL/216/DRL_6_ID24.txt,ERROR: Model too large for size-limited license; visit https://gurobi.com/unrestricted for more information
/home/garrett/coding/Ising_Model_Instances/data/3D/DRL/216/DRL_6_ID30.txt,ERROR: Model too large for size-limited license; visit https://gurobi.com/unrestricted for more information
/home/garrett/coding/Ising_Model_Instances/data/3D/DRL/216/DRL_6_ID60.txt,ERROR: Model too large for size-limited license; visit https://gurobi.com/unrestricted for more information
/home/garrett/coding/Ising_Model_Instances/data/3D/DRL/216/DRL_6_ID55.txt,ERROR: Model too large for size-limited license; visit https://gurobi.com/unrestricted for more information
/home/garrett/coding/Ising_Model_Instances/data/3D/DRL/216/DRL_6_ID35.txt,ERROR: Model too large for size-limited license; visit https://gurobi.com/unrestricted for more information
/home/garrett/coding/Ising_Model_Instances/data/3D/DRL/216/DRL_6_ID68.txt,ERROR: Model too large for size-limited license; visit https://gurobi.com/unrestricted for more information
/home/garrett/coding/Ising_Model_Instances/data/3D/DRL/216/DRL_6_ID69.txt,ERROR: Model too large for size-limited license; visit https://gurobi.com/unrestricted for more information
/home/garrett/coding/Ising_Model_Instances/data/3D/DRL/216/DRL_6_ID93.txt,ERROR: Model too large for size-limited license; visit https://gurobi.com/unrestricted for more information
/home/garrett/coding/Ising_Model_Instances/data/3D/DRL/216/DRL_6_ID77.txt,ERROR: Model too large for size-limited license; visit https://gurobi.com/unrestricted for more information
/home/garrett/coding/Ising_Model_Instances/data/3D/DRL/216/DRL_6_ID29.txt,ERROR: Model too large for size-limited license; visit https://gurobi.com/unrestricted for more information
/home/garrett/coding/Ising_Model_Instances/data/3D/DRL/216/DRL_6_ID3.txt,ERROR: Model too large for size-limited license; visit https://gurobi.com/unrestricted for more information
/home/garrett/coding/Ising_Model_Instances/data/3D/DRL/216/DRL_6_ID22.txt,ERROR: Model too large for size-limited license; visit https://gurobi.com/unrestricted for more information
/home/garrett/coding/Ising_Model_Instances/data/3D/DRL/216/DRL_6_ID41.txt,ERROR: Model too large for size-limited license; visit https://gurobi.com/unrestricted for more information
/home/garrett/coding/Ising_Model_Instances/data/3D/DRL/216/DRL_6_ID36.txt,ERROR: Model too large for size-limited license; visit https://gurobi.com/unrestricted for more information
/home/garrett/coding/Ising_Model_Instances/data/3D/DRL/216/DRL_6_ID99.txt,ERROR: Model too large for size-limited license; visit https://gurobi.com/unrestricted for more information
/home/garrett/coding/Ising_Model_Instances/data/3D/DRL/216/DRL_6_ID89.txt,ERROR: Model too large for size-limited license; visit https://gurobi.com/unrestricted for more information
/home/garrett/coding/Ising_Model_Instances/data/3D/DRL/216/DRL_6_ID98.txt,ERROR: Model too large for size-limited license; visit https://gurobi.com/unrestricted for more information
/home/garrett/coding/Ising_Model_Instances/data/3D/DRL/216/DRL_6_ID0.txt,ERROR: Model too large for size-limited license; visit https://gurobi.com/unrestricted for more information
/home/garrett/coding/Ising_Model_Instances/data/3D/DRL/216/DRL_6_ID14.txt,ERROR: Model too large for size-limited license; visit https://gurobi.com/unrestricted for more information
/home/garrett/coding/Ising_Model_Instances/data/3D/DRL/216/DRL_6_ID44.txt,ERROR: Model too large for size-limited license; visit https://gurobi.com/unrestricted for more information
/home/garrett/coding/Ising_Model_Instances/data/3D/DRL/216/DRL_6_ID7.txt,ERROR: Model too large for size-limited license; visit https://gurobi.com/unrestricted for more information
/home/garrett/coding/Ising_Model_Instances/data/3D/DRL/216/DRL_6_ID88.txt,ERROR: Model too large for size-limited license; visit https://gurobi.com/unrestricted for more information
/home/garrett/coding/Ising_Model_Instances/data/3D/DRL/216/DRL_6_ID82.txt,ERROR: Model too large for size-limited license; visit https://gurobi.com/unrestricted for more information
/home/garrett/coding/Ising_Model_Instances/data/3D/DRL/216/DRL_6_ID9.txt,ERROR: Model too large for size-limited license; visit https://gurobi.com/unrestricted for more information
/home/garrett/coding/Ising_Model_Instances/data/3D/DRL/216/DRL_6_ID26.txt,ERROR: Model too large for size-limited license; visit https://gurobi.com/unrestricted for more information
/home/garrett/coding/Ising_Model_Instances/data/3D/DRL/216/DRL_6_ID78.txt,ERROR: Model too large for size-limited license; visit https://gurobi.com/unrestricted for more information
/home/garrett/coding/Ising_Model_Instances/data/3D/DRL/216/DRL_6_ID37.txt,ERROR: Model too large for size-limited license; visit https://gurobi.com/unrestricted for more information
/home/garrett/coding/Ising_Model_Instances/data/3D/DRL/216/DRL_6_ID6.txt,ERROR: Model too large for size-limited license; visit https://gurobi.com/unrestricted for more information
/home/garrett/coding/Ising_Model_Instances/data/3D/DRL/216/DRL_6_ID4.txt,ERROR: Model too large for size-limited license; visit https://gurobi.com/unrestricted for more information
/home/garrett/coding/Ising_Model_Instances/data/3D/DRL/216/DRL_6_ID56.txt,ERROR: Model too large for size-limited license; visit https://gurobi.com/unrestricted for more information
/home/garrett/coding/Ising_Model_Instances/data/3D/DRL/216/DRL_6_ID5.txt,ERROR: Model too large for size-limited license; visit https://gurobi.com/unrestricted for more information
/home/garrett/coding/Ising_Model_Instances/data/3D/DRL/216/DRL_6_ID25.txt,ERROR: Model too large for size-limited license; visit https://gurobi.com/unrestricted for more information
/home/garrett/coding/Ising_Model_Instances/data/3D/DRL/216/DRL_6_ID32.txt,ERROR: Model too large for size-limited license; visit https://gurobi.com/unrestricted for more information
/home/garrett/coding/Ising_Model_Instances/data/3D/DRL/216/DRL_6_ID81.txt,ERROR: Model too large for size-limited license; visit https://gurobi.com/unrestricted for more information
/home/garrett/coding/Ising_Model_Instances/data/3D/DRL/216/DRL_6_ID12.txt,ERROR: Model too large for size-limited license; visit https://gurobi.com/unrestricted for more information
/home/garrett/coding/Ising_Model_Instances/data/3D/DRL/216/DRL_6_ID42.txt,ERROR: Model too large for size-limited license; visit https://gurobi.com/unrestricted for more information
/home/garrett/coding/Ising_Model_Instances/data/3D/DRL/216/DRL_6_ID8.txt,ERROR: Model too large for size-limited license; visit https://gurobi.com/unrestricted for more information
/home/garrett/coding/Ising_Model_Instances/data/3D/DRL/216/DRL_6_ID66.txt,ERROR: Model too large for size-limited license; visit https://gurobi.com/unrestricted for more information
/home/garrett/coding/Ising_Model_Instances/data/3D/DRL/216/DRL_6_ID15.txt,ERROR: Model too large for size-limited license; visit https://gurobi.com/unrestricted for more information
/home/garrett/coding/Ising_Model_Instances/data/3D/DRL/216/DRL_6_ID45.txt,ERROR: Model too large for size-limited license; visit https://gurobi.com/unrestricted for more information
/home/garrett/coding/Ising_Model_Instances/data/3D/DRL/216/DRL_6_ID54.txt,ERROR: Model too large for size-limited license; visit https://gurobi.com/unrestricted for more information
/home/garrett/coding/Ising_Model_Instances/data/3D/DRL/216/DRL_6_ID52.txt,ERROR: Model too large for size-limited license; visit https://gurobi.com/unrestricted for more information
/home/garrett/coding/Ising_Model_Instances/data/3D/DRL/216/DRL_6_ID91.txt,ERROR: Model too large for size-limited license; visit https://gurobi.com/unrestricted for more information
/home/garrett/coding/Ising_Model_Instances/data/3D/DRL/216/DRL_6_ID50.txt,ERROR: Model too large for size-limited license; visit https://gurobi.com/unrestricted for more information
/home/garrett/coding/Ising_Model_Instances/data/3D/DRL/216/DRL_6_ID72.txt,ERROR: Model too large for size-limited license; visit https://gurobi.com/unrestricted for more information
/home/garrett/coding/Ising_Model_Instances/data/3D/DRL/216/DRL_6_ID11.txt,ERROR: Model too large for size-limited license; visit https://gurobi.com/unrestricted for more information
/home/garrett/coding/Ising_Model_Instances/data/3D/DRL/216/DRL_6_ID39.txt,ERROR: Model too large for size-limited license; visit https://gurobi.com/unrestricted for more information
/home/garrett/coding/Ising_Model_Instances/data/3D/DRL/216/DRL_6_ID84.txt,ERROR: Model too large for size-limited license; visit https://gurobi.com/unrestricted for more information
/home/garrett/coding/Ising_Model_Instances/data/3D/DRL/216/DRL_6_ID94.txt,ERROR: Model too large for size-limited license; visit https://gurobi.com/unrestricted for more information
/home/garrett/coding/Ising_Model_Instances/data/3D/DRL/216/DRL_6_ID63.txt,ERROR: Model too large for size-limited license; visit https://gurobi.com/unrestricted for more information
/home/garrett/coding/Ising_Model_Instances/data/3D/DRL/216/DRL_6_ID46.txt,ERROR: Model too large for size-limited license; visit https://gurobi.com/unrestricted for more information
/home/garrett/coding/Ising_Model_Instances/data/3D/DRL/216/DRL_6_ID27.txt,ERROR: Model too large for size-limited license; visit https://gurobi.com/unrestricted for more information
/home/garrett/coding/Ising_Model_Instances/data/3D/DRL/216/DRL_6_ID76.txt,ERROR: Model too large for size-limited license; visit https://gurobi.com/unrestricted for more information
/home/garrett/coding/Ising_Model_Instances/data/3D/DRL/216/DRL_6_ID21.txt,ERROR: Model too large for size-limited license; visit https://gurobi.com/unrestricted for more information
/home/garrett/coding/Ising_Model_Instances/data/3D/DRL/216/DRL_6_ID23.txt,ERROR: Model too large for size-limited license; visit https://gurobi.com/unrestricted for more information
/home/garrett/coding/Ising_Model_Instances/data/3D/DRL/216/DRL_6_ID58.txt,ERROR: Model too large for size-limited license; visit https://gurobi.com/unrestricted for more information
/home/garrett/coding/Ising_Model_Instances/data/3D/DRL/216/DRL_6_ID31.txt,ERROR: Model too large for size-limited license; visit https://gurobi.com/unrestricted for more information
/home/garrett/coding/Ising_Model_Instances/data/3D/DRL/216/DRL_6_ID18.txt,ERROR: Model too large for size-limited license; visit https://gurobi.com/unrestricted for more information
/home/garrett/coding/Ising_Model_Instances/data/3D/DRL/216/DRL_6_ID20.txt,ERROR: Model too large for size-limited license; visit https://gurobi.com/unrestricted for more information
/home/garrett/coding/Ising_Model_Instances/data/3D/DRL/216/DRL_6_ID97.txt,ERROR: Model too large for size-limited license; visit https://gurobi.com/unrestricted for more information
/home/garrett/coding/Ising_Model_Instances/data/3D/DRL/216/DRL_6_ID19.txt,ERROR: Model too large for size-limited license; visit https://gurobi.com/unrestricted for more information
/home/garrett/coding/Ising_Model_Instances/data/3D/DRL/216/DRL_6_ID49.txt,ERROR: Model too large for size-limited license; visit https://gurobi.com/unrestricted for more information
/home/garrett/coding/Ising_Model_Instances/data/3D/DRL/216/DRL_6_ID92.txt,ERROR: Model too large for size-limited license; visit https://gurobi.com/unrestricted for more information
/home/garrett/coding/Ising_Model_Instances/data/3D/DRL/216/DRL_6_ID90.txt,ERROR: Model too large for size-limited license; visit https://gurobi.com/unrestricted for more information
/home/garrett/coding/Ising_Model_Instances/data/3D/DRL/216/DRL_6_ID16.txt,ERROR: Model too large for size-limited license; visit https://gurobi.com/unrestricted for more information
/home/garrett/coding/Ising_Model_Instances/data/3D/DRL/216/DRL_6_ID34.txt,ERROR: Model too large for size-limited license; visit https://gurobi.com/unrestricted for more information
/home/garrett/coding/Ising_Model_Instances/data/3D/DRL/216/DRL_6_ID75.txt,ERROR: Model too large for size-limited license; visit https://gurobi.com/unrestricted for more information
/home/garrett/coding/Ising_Model_Instances/data/3D/DRL/216/DRL_6_ID53.txt,ERROR: Model too large for size-limited license; visit https://gurobi.com/unrestricted for more information
/home/garrett/coding/Ising_Model_Instances/data/3D/DRL/216/DRL_6_ID13.txt,ERROR: Model too large for size-limited license; visit https://gurobi.com/unrestricted for more information
/home/garrett/coding/Ising_Model_Instances/data/3D/DRL/216/DRL_6_ID62.txt,ERROR: Model too large for size-limited license; visit https://gurobi.com/unrestricted for more information
/home/garrett/coding/Ising_Model_Instances/data/3D/DRL/216/DRL_6_ID95.txt,ERROR: Model too large for size-limited license; visit https://gurobi.com/unrestricted for more information
/home/garrett/coding/Ising_Model_Instances/data/3D/DRL/216/DRL_6_ID73.txt,ERROR: Model too large for size-limited license; visit https://gurobi.com/unrestricted for more information
/home/garrett/coding/Ising_Model_Instances/data/3D/DRL/216/DRL_6_ID79.txt,ERROR: Model too large for size-limited license; visit https://gurobi.com/unrestricted for more information
/home/garrett/coding/Ising_Model_Instances/data/3D/DRL/216/DRL_6_ID17.txt,ERROR: Model too large for size-limited license; visit https://gurobi.com/unrestricted for more information
/home/garrett/coding/Ising_Model_Instances/data/3D/DRL/216/DRL_6_ID47.txt,ERROR: Model too large for size-limited license; visit https://gurobi.com/unrestricted for more information
/home/garrett/coding/Ising_Model_Instances/data/3D/DRL/216/DRL_6_ID48.txt,ERROR: Model too large for size-limited license; visit https://gurobi.com/unrestricted for more information
/home/garrett/coding/Ising_Model_Instances/data/3D/DRL/216/DRL_6_ID74.txt,ERROR: Model too large for size-limited license; visit https://gurobi.com/unrestricted for more information
/home/garrett/coding/Ising_Model_Instances/data/3D/BIQ/343/t3g7_6666.txt,ERROR: Model too large for size-limited license; visit https://gurobi.com/unrestricted for more information
/home/garrett/coding/Ising_Model_Instances/data/3D/BIQ/343/t3g7_5555.txt,ERROR: Model too large for size-limited license; visit https://gurobi.com/unrestricted for more information
/home/garrett/coding/Ising_Model_Instances/data/3D/BIQ/343/t3g7_7777.txt,ERROR: Model too large for size-limited license; visit https://gurobi.com/unrestricted for more information
/home/garrett/coding/Ising_Model_Instances/data/3D/BIQ/125/t3g5_6666.txt,010101001101001010001100011111000101011100000101010001100010001001100000110010011001001001111001000111100011101100011100111110
/home/garrett/coding/Ising_Model_Instances/data/3D/BIQ/125/t3g5_7777.txt,010000111010001110010111011011010111111011111010011110101010100101010101111011111001010011110111100111110111100101001111001111
/home/garrett/coding/Ising_Model_Instances/data/3D/BIQ/125/t3g5_5555.txt,000010000001101011010111011100110110010101000110010111011100000010101010011100111000011111001100000101111100111001111110110100
/home/garrett/coding/Ising_Model_Instances/data/3D/BIQ/216/t3g6_6666.txt,ERROR: Model too large for size-limited license; visit https://gurobi.com/unrestricted for more information
/home/garrett/coding/Ising_Model_Instances/data/3D/BIQ/216/t3g6_5555.txt,ERROR: Model too large for size-limited license; visit https://gurobi.com/unrestricted for more information
/home/garrett/coding/Ising_Model_Instances/data/3D/BIQ/216/t3g6_7777.txt,ERROR: Model too large for size-limited license; visit https://gurobi.com/unrestricted for more information
/home/garrett/coding/Ising_Model_Instances/data/3D/DWAVE/3558/J_263.txt,ERROR: Model too large for size-limited license; visit https://gurobi.com/unrestricted for more information
/home/garrett/coding/Ising_Model_Instances/data/3D/DWAVE/4312/J_1312.txt,ERROR: Model too large for size-limited license; visit https://gurobi.com/unrestricted for more information
/home/garrett/coding/Ising_Model_Instances/data/3D/DWAVE/5730/J_5627.txt,ERROR: Model too large for size-limited license; visit https://gurobi.com/unrestricted for more information
/home/garrett/coding/Ising_Model_Instances/data/3D/DWAVE/3920/J_678.txt,ERROR: Model too large for size-limited license; visit https://gurobi.com/unrestricted for more information
/home/garrett/coding/Ising_Model_Instances/data/3D/DWAVE/4101/J_958.txt,ERROR: Model too large for size-limited license; visit https://gurobi.com/unrestricted for more information
/home/garrett/coding/Ising_Model_Instances/data/3D/DWAVE/4644/J_2084.txt,ERROR: Model too large for size-limited license; visit https://gurobi.com/unrestricted for more information
/home/garrett/coding/Ising_Model_Instances/data/Special_Geometries/Biclique/BCQS/24/N24_seed10.txt,0101010011010010101100101
/home/garrett/coding/Ising_Model_Instances/data/Special_Geometries/Biclique/BCQS/24/N24_seed13.txt,0010110011010011010010101
/home/garrett/coding/Ising_Model_Instances/data/Special_Geometries/Biclique/BCQS/24/N24_seed16.txt,0100110011010010101011010
/home/garrett/coding/Ising_Model_Instances/data/Special_Geometries/Biclique/BCQS/24/N24_seed0.txt,0100110010101011001100110
/home/garrett/coding/Ising_Model_Instances/data/Special_Geometries/Biclique/BCQS/24/N24_seed19.txt,0101010100110100101010101
/home/garrett/coding/Ising_Model_Instances/data/Special_Geometries/Biclique/BCQS/24/N24_seed11.txt,0011001011001101010100101
/home/garrett/coding/Ising_Model_Instances/data/Special_Geometries/Biclique/BCQS/24/N24_seed12.txt,0100110100110011010100101
/home/garrett/coding/Ising_Model_Instances/data/Special_Geometries/Biclique/BCQS/24/N24_seed18.txt,0100101011010010110010101
/home/garrett/coding/Ising_Model_Instances/data/Special_Geometries/Biclique/BCQS/24/N24_seed6.txt,0011010100101010110010101
/home/garrett/coding/Ising_Model_Instances/data/Special_Geometries/Biclique/BCQS/24/N24_seed9.txt,0011001010101011001101010
/home/garrett/coding/Ising_Model_Instances/data/Special_Geometries/Biclique/BCQS/24/N24_seed3.txt,0101001011001010101010101
/home/garrett/coding/Ising_Model_Instances/data/Special_Geometries/Biclique/BCQS/24/N24_seed1.txt,0101001100101011010010110
/home/garrett/coding/Ising_Model_Instances/data/Special_Geometries/Biclique/BCQS/24/N24_seed4.txt,0011001100110100110101001
/home/garrett/coding/Ising_Model_Instances/data/Special_Geometries/Biclique/BCQS/24/N24_seed8.txt,0101001101001011010100101
/home/garrett/coding/Ising_Model_Instances/data/Special_Geometries/Biclique/BCQS/24/N24_seed2.txt,0011010010110101001101001
/home/garrett/coding/Ising_Model_Instances/data/Special_Geometries/Biclique/BCQS/24/N24_seed15.txt,0011010010110100110101010
/home/garrett/coding/Ising_Model_Instances/data/Special_Geometries/Biclique/BCQS/24/N24_seed7.txt,0101010011001100110010110
/home/garrett/coding/Ising_Model_Instances/data/Special_Geometries/Biclique/BCQS/24/N24_seed17.txt,0010101100101010101011001
/home/garrett/coding/Ising_Model_Instances/data/Special_Geometries/Biclique/BCQS/24/N24_seed14.txt,0010101101010101010101010
/home/garrett/coding/Ising_Model_Instances/data/Special_Geometries/Biclique/BCQS/24/N24_seed5.txt,0010101101001101001100101
/home/garrett/coding/Ising_Model_Instances/data/Special_Geometries/Biclique/BCQS/28/N28_seed1.txt,00101101001010110010101011010
/home/garrett/coding/Ising_Model_Instances/data/Special_Geometries/Biclique/BCQS/28/N28_seed2.txt,01010011010010110101010011010
/home/garrett/coding/Ising_Model_Instances/data/Special_Geometries/Biclique/BCQS/28/N28_seed4.txt,01010100101010110100110101001
/home/garrett/coding/Ising_Model_Instances/data/Special_Geometries/Biclique/BCQS/28/N28_seed10.txt,01010101010011010010101010110
/home/garrett/coding/Ising_Model_Instances/data/Special_Geometries/Biclique/BCQS/28/N28_seed13.txt,01001101010011001011001100110
/home/garrett/coding/Ising_Model_Instances/data/Special_Geometries/Biclique/BCQS/28/N28_seed16.txt,00110010101011001011010101010
/home/garrett/coding/Ising_Model_Instances/data/Special_Geometries/Biclique/BCQS/28/N28_seed7.txt,00110010110011010010110010101
/home/garrett/coding/Ising_Model_Instances/data/Special_Geometries/Biclique/BCQS/28/N28_seed11.txt,00101010101010101011010010101
/home/garrett/coding/Ising_Model_Instances/data/Special_Geometries/Biclique/BCQS/28/N28_seed6.txt,01010011001010110101010100101
/home/garrett/coding/Ising_Model_Instances/data/Special_Geometries/Biclique/BCQS/28/N28_seed14.txt,00110010110101001010110011010
/home/garrett/coding/Ising_Model_Instances/data/Special_Geometries/Biclique/BCQS/28/N28_seed5.txt,00101101010011001010101101010
/home/garrett/coding/Ising_Model_Instances/data/Special_Geometries/Biclique/BCQS/28/N28_seed9.txt,00110011001011010010110101010
/home/garrett/coding/Ising_Model_Instances/data/Special_Geometries/Biclique/BCQS/28/N28_seed3.txt,00110011010011001011010010110
/home/garrett/coding/Ising_Model_Instances/data/Special_Geometries/Biclique/BCQS/28/N28_seed12.txt,00101100101100101010110100110
/home/garrett/coding/Ising_Model_Instances/data/Special_Geometries/Biclique/BCQS/28/N28_seed15.txt,00101101010010101100101011010
/home/garrett/coding/Ising_Model_Instances/data/Special_Geometries/Biclique/BCQS/28/N28_seed0.txt,00101101010010101011010100110
/home/garrett/coding/Ising_Model_Instances/data/Special_Geometries/Biclique/BCQS/28/N28_seed18.txt,00101011001011010010110010110
/home/garrett/coding/Ising_Model_Instances/data/Special_Geometries/Biclique/BCQS/28/N28_seed17.txt,00110011010010110101010101010
/home/garrett/coding/Ising_Model_Instances/data/Special_Geometries/Biclique/BCQS/28/N28_seed8.txt,01010011010100101010101101001
/home/garrett/coding/Ising_Model_Instances/data/Special_Geometries/Biclique/BCQS/28/N28_seed19.txt,01001100101101010011010010110
/home/garrett/coding/Ising_Model_Instances/data/Special_Geometries/Biclique/BCQS/32/N32_seed19.txt,001100110011010010101011010011001
/home/garrett/coding/Ising_Model_Instances/data/Special_Geometries/Biclique/BCQS/32/N32_seed13.txt,010101001101001100101100110011010
/home/garrett/coding/Ising_Model_Instances/data/Special_Geometries/Biclique/BCQS/32/N32_seed15.txt,001010101010101100101100101011001
/home/garrett/coding/Ising_Model_Instances/data/Special_Geometries/Biclique/BCQS/32/N32_seed5.txt,010100101011001010101010101010110
/home/garrett/coding/Ising_Model_Instances/data/Special_Geometries/Biclique/BCQS/32/N32_seed10.txt,001011001100101011010010110011001
/home/garrett/coding/Ising_Model_Instances/data/Special_Geometries/Biclique/BCQS/32/N32_seed1.txt,010100101010101100101011001010101
/home/garrett/coding/Ising_Model_Instances/data/Special_Geometries/Biclique/BCQS/32/N32_seed14.txt,001101001011001011001010110100101
/home/garrett/coding/Ising_Model_Instances/data/Special_Geometries/Biclique/BCQS/32/N32_seed6.txt,010010101011010101001100110010101
/home/garrett/coding/Ising_Model_Instances/data/Special_Geometries/Biclique/BCQS/32/N32_seed0.txt,001010101011010010110010110101010
/home/garrett/coding/Ising_Model_Instances/data/Special_Geometries/Biclique/BCQS/32/N32_seed8.txt,010010110100101101010010110100110
/home/garrett/coding/Ising_Model_Instances/data/Special_Geometries/Biclique/BCQS/32/N32_seed3.txt,001010101011001010110100110101010
/home/garrett/coding/Ising_Model_Instances/data/Special_Geometries/Biclique/BCQS/32/N32_seed18.txt,001101010101001011001010101101001
/home/garrett/coding/Ising_Model_Instances/data/Special_Geometries/Biclique/BCQS/32/N32_seed17.txt,010010101010101100110101010100101
/home/garrett/coding/Ising_Model_Instances/data/Special_Geometries/Biclique/BCQS/32/N32_seed11.txt,001010110010110100101010101100101
/home/garrett/coding/Ising_Model_Instances/data/Special_Geometries/Biclique/BCQS/32/N32_seed4.txt,001100101011001011001101001101001
/home/garrett/coding/Ising_Model_Instances/data/Special_Geometries/Biclique/BCQS/32/N32_seed7.txt,001011001011001011001010101011010
/home/garrett/coding/Ising_Model_Instances/data/Special_Geometries/Biclique/BCQS/32/N32_seed9.txt,001101001010101100110011001100110
/home/garrett/coding/Ising_Model_Instances/data/Special_Geometries/Biclique/BCQS/32/N32_seed2.txt,001100110100101010101010101100101
/home/garrett/coding/Ising_Model_Instances/data/Special_Geometries/Biclique/BCQS/32/N32_seed12.txt,010011001010110011010011010101001
/home/garrett/coding/Ising_Model_Instances/data/Special_Geometries/Biclique/BCQS/32/N32_seed16.txt,001100101010101011001010110101010
/home/garrett/coding/Ising_Model_Instances/data/Special_Geometries/Biclique/BCQS/20/N20_seed17.txt,001100101011001101010
/home/garrett/coding/Ising_Model_Instances/data/Special_Geometries/Biclique/BCQS/20/N20_seed7.txt,010010101101001011001
/home/garrett/coding/Ising_Model_Instances/data/Special_Geometries/Biclique/BCQS/20/N20_seed4.txt,010100101100110011010
/home/garrett/coding/Ising_Model_Instances/data/Special_Geometries/Biclique/BCQS/20/N20_seed8.txt,001010101100101101001
/home/garrett/coding/Ising_Model_Instances/data/Special_Geometries/Biclique/BCQS/20/N20_seed15.txt,010010101101010100110
/home/garrett/coding/Ising_Model_Instances/data/Special_Geometries/Biclique/BCQS/20/N20_seed1.txt,001101001010101100110
/home/garrett/coding/Ising_Model_Instances/data/Special_Geometries/Biclique/BCQS/20/N20_seed12.txt,001100110100101011010
/home/garrett/coding/Ising_Model_Instances/data/Special_Geometries/Biclique/BCQS/20/N20_seed16.txt,010101010101010101010
/home/garrett/coding/Ising_Model_Instances/data/Special_Geometries/Biclique/BCQS/20/N20_seed5.txt,001100101010101010101
/home/garrett/coding/Ising_Model_Instances/data/Special_Geometries/Biclique/BCQS/20/N20_seed10.txt,010101010011001100101
/home/garrett/coding/Ising_Model_Instances/data/Special_Geometries/Biclique/BCQS/20/N20_seed2.txt,010011001011001101001
/home/garrett/coding/Ising_Model_Instances/data/Special_Geometries/Biclique/BCQS/20/N20_seed13.txt,010010101011001011010
/home/garrett/coding/Ising_Model_Instances/data/Special_Geometries/Biclique/BCQS/20/N20_seed6.txt,001011001100110101001
/home/garrett/coding/Ising_Model_Instances/data/Special_Geometries/Biclique/BCQS/20/N20_seed9.txt,001100110010101100110
/home/garrett/coding/Ising_Model_Instances/data/Special_Geometries/Biclique/BCQS/20/N20_seed14.txt,001010101100101010101
/home/garrett/coding/Ising_Model_Instances/data/Special_Geometries/Biclique/BCQS/20/N20_seed19.txt,001100110101001010101
/home/garrett/coding/Ising_Model_Instances/data/Special_Geometries/Biclique/BCQS/20/N20_seed11.txt,010010110010101101010
/home/garrett/coding/Ising_Model_Instances/data/Special_Geometries/Biclique/BCQS/20/N20_seed3.txt,001100101011001100101
/home/garrett/coding/Ising_Model_Instances/data/Special_Geometries/Biclique/BCQS/20/N20_seed18.txt,010101001010101011001
/home/garrett/coding/Ising_Model_Instances/data/Special_Geometries/Biclique/BCQS/20/N20_seed0.txt,010010110100101101001
/home/garrett/coding/Ising_Model_Instances/data/Special_Geometries/Biclique/BCQS/36/N36_seed0.txt,0101001011010011001100110010101101001
/home/garrett/coding/Ising_Model_Instances/data/Special_Geometries/Biclique/BCQS/36/N36_seed9.txt,0011001010101010101100110011001011001
/home/garrett/coding/Ising_Model_Instances/data/Special_Geometries/Biclique/BCQS/36/N36_seed1.txt,0011001010101010101100110011001010110
/home/garrett/coding/Ising_Model_Instances/data/Special_Geometries/Biclique/BCQS/36/N36_seed3.txt,0010110011010010101010110010101010110
/home/garrett/coding/Ising_Model_Instances/data/Special_Geometries/Biclique/BCQS/36/N36_seed17.txt,0100101100110100110010101010101100110
/home/garrett/coding/Ising_Model_Instances/data/Special_Geometries/Biclique/BCQS/36/N36_seed14.txt,0011010100110011001010110010101011010
/home/garrett/coding/Ising_Model_Instances/data/Special_Geometries/Biclique/BCQS/36/N36_seed19.txt,0100101100101011010100101010110101010
/home/garrett/coding/Ising_Model_Instances/data/Special_Geometries/Biclique/BCQS/36/N36_seed13.txt,0010110011010101001101001100101101010
/home/garrett/coding/Ising_Model_Instances/data/Special_Geometries/Biclique/BCQS/36/N36_seed7.txt,0101010101010100101011010100101011001
/home/garrett/coding/Ising_Model_Instances/data/Special_Geometries/Biclique/BCQS/36/N36_seed8.txt,0101001101001010101100101100101101010
/home/garrett/coding/Ising_Model_Instances/data/Special_Geometries/Biclique/BCQS/36/N36_seed12.txt,0101010010101010101100110010101010110
/home/garrett/coding/Ising_Model_Instances/data/Special_Geometries/Biclique/BCQS/36/N36_seed15.txt,0010110101001011001010110010110010101
/home/garrett/coding/Ising_Model_Instances/data/Special_Geometries/Biclique/BCQS/36/N36_seed18.txt,0011001011001010110010101100110010101
/home/garrett/coding/Ising_Model_Instances/data/Special_Geometries/Biclique/BCQS/36/N36_seed6.txt,0100101101001100110101001011001101001
/home/garrett/coding/Ising_Model_Instances/data/Special_Geometries/Biclique/BCQS/36/N36_seed4.txt,0100101011010100101011001011001101001
/home/garrett/coding/Ising_Model_Instances/data/Special_Geometries/Biclique/BCQS/36/N36_seed16.txt,0010110101001010101011010010110010110
/home/garrett/coding/Ising_Model_Instances/data/Special_Geometries/Biclique/BCQS/36/N36_seed5.txt,0011001100101101010011010011001010101
/home/garrett/coding/Ising_Model_Instances/data/Special_Geometries/Biclique/BCQS/36/N36_seed2.txt,0010101100101101010100110101001101010
/home/garrett/coding/Ising_Model_Instances/data/Special_Geometries/Biclique/BCQS/36/N36_seed10.txt,0010110100110010110011001011001011001
/home/garrett/coding/Ising_Model_Instances/data/Special_Geometries/Biclique/BCQS/36/N36_seed11.txt,0010110010101010110010110101001101001
/home/garrett/coding/Ising_Model_Instances/data/Special_Geometries/Diamond/BCQS/50/N50_seed7.txt,010110011111001001001110111111111010010011111001110
/home/garrett/coding/Ising_Model_Instances/data/Special_Geometries/Diamond/BCQS/50/N50_seed11.txt,000100100101101011101110000011100000111000111000101
/home/garrett/coding/Ising_Model_Instances/data/Special_Geometries/Diamond/BCQS/50/N50_seed14.txt,001000100101101110001100001000110100011000011100000
/home/garrett/coding/Ising_Model_Instances/data/Special_Geometries/Diamond/BCQS/50/N50_seed19.txt,011100000010001001111111011010010100101010011001111
/home/garrett/coding/Ising_Model_Instances/data/Special_Geometries/Diamond/BCQS/50/N50_seed18.txt,011011000101111011010000000001100101111001000111011
/home/garrett/coding/Ising_Model_Instances/data/Special_Geometries/Diamond/BCQS/50/N50_seed2.txt,011011100010111001100111001111011110011111010100000
/home/garrett/coding/Ising_Model_Instances/data/Special_Geometries/Diamond/BCQS/50/N50_seed1.txt,010110101111011000001011101100101011011100100010001
/home/garrett/coding/Ising_Model_Instances/data/Special_Geometries/Diamond/BCQS/50/N50_seed13.txt,011111011111000010100011101001000001011111001100111
/home/garrett/coding/Ising_Model_Instances/data/Special_Geometries/Diamond/BCQS/50/N50_seed16.txt,011001110100101110000111000111110110001110000101110
/home/garrett/coding/Ising_Model_Instances/data/Special_Geometries/Diamond/BCQS/50/N50_seed10.txt,010000110010010111111011110001100100001001101111111
/home/garrett/coding/Ising_Model_Instances/data/Special_Geometries/Diamond/BCQS/50/N50_seed9.txt,000111010110010011000100000001111101011111111010101
/home/garrett/coding/Ising_Model_Instances/data/Special_Geometries/Diamond/BCQS/50/N50_seed0.txt,011010100010100001110011100000111010010001100000010
/home/garrett/coding/Ising_Model_Instances/data/Special_Geometries/Diamond/BCQS/50/N50_seed6.txt,001111100001001100111001011001110011011001111101011
/home/garrett/coding/Ising_Model_Instances/data/Special_Geometries/Diamond/BCQS/50/N50_seed8.txt,011101001101111101000011011100010000111110100111001
/home/garrett/coding/Ising_Model_Instances/data/Special_Geometries/Diamond/BCQS/50/N50_seed4.txt,000101010011010110110100101000011011101001011110111
/home/garrett/coding/Ising_Model_Instances/data/Special_Geometries/Diamond/BCQS/50/N50_seed3.txt,011011010000000100010100111010000011000010110010100
/home/garrett/coding/Ising_Model_Instances/data/Special_Geometries/Diamond/BCQS/50/N50_seed17.txt,000011010001010110011011101001011001011001000101001
/home/garrett/coding/Ising_Model_Instances/data/Special_Geometries/Diamond/BCQS/50/N50_seed12.txt,000010010011100110100111101000110111100001011000110
/home/garrett/coding/Ising_Model_Instances/data/Special_Geometries/Diamond/BCQS/50/N50_seed15.txt,000001010111000101011001001110111010100110011001011
/home/garrett/coding/Ising_Model_Instances/data/Special_Geometries/Diamond/BCQS/50/N50_seed5.txt,010111111110111111000010110000010110010001011101001
/home/garrett/coding/Ising_Model_Instances/data/Special_Geometries/Diamond/BCQS/18/N18_seed8.txt,0111110100010011010
/home/garrett/coding/Ising_Model_Instances/data/Special_Geometries/Diamond/BCQS/18/N18_seed16.txt,0111001000101001100
/home/garrett/coding/Ising_Model_Instances/data/Special_Geometries/Diamond/BCQS/18/N18_seed5.txt,0001111111111000001
/home/garrett/coding/Ising_Model_Instances/data/Special_Geometries/Diamond/BCQS/18/N18_seed9.txt,0110111110100011011
/home/garrett/coding/Ising_Model_Instances/data/Special_Geometries/Diamond/BCQS/18/N18_seed12.txt,0111001000110111000
/home/garrett/coding/Ising_Model_Instances/data/Special_Geometries/Diamond/BCQS/18/N18_seed3.txt,0001110111111010111
/home/garrett/coding/Ising_Model_Instances/data/Special_Geometries/Diamond/BCQS/18/N18_seed1.txt,0010000110101000110
/home/garrett/coding/Ising_Model_Instances/data/Special_Geometries/Diamond/BCQS/18/N18_seed7.txt,0010100010101011000
/home/garrett/coding/Ising_Model_Instances/data/Special_Geometries/Diamond/BCQS/18/N18_seed17.txt,0111101110000011101
/home/garrett/coding/Ising_Model_Instances/data/Special_Geometries/Diamond/BCQS/18/N18_seed2.txt,0001011100101100010
/home/garrett/coding/Ising_Model_Instances/data/Special_Geometries/Diamond/BCQS/18/N18_seed19.txt,0111010000110101101
/home/garrett/coding/Ising_Model_Instances/data/Special_Geometries/Diamond/BCQS/18/N18_seed0.txt,0001011100110011101
/home/garrett/coding/Ising_Model_Instances/data/Special_Geometries/Diamond/BCQS/18/N18_seed14.txt,0101010001101000011
/home/garrett/coding/Ising_Model_Instances/data/Special_Geometries/Diamond/BCQS/18/N18_seed13.txt,0001010011011010101
/home/garrett/coding/Ising_Model_Instances/data/Special_Geometries/Diamond/BCQS/18/N18_seed15.txt,0111111011000111001
/home/garrett/coding/Ising_Model_Instances/data/Special_Geometries/Diamond/BCQS/18/N18_seed18.txt,0110111110101110100
/home/garrett/coding/Ising_Model_Instances/data/Special_Geometries/Diamond/BCQS/18/N18_seed10.txt,0111011011101000111
/home/garrett/coding/Ising_Model_Instances/data/Special_Geometries/Diamond/BCQS/18/N18_seed6.txt,0101011011111110000
/home/garrett/coding/Ising_Model_Instances/data/Special_Geometries/Diamond/BCQS/18/N18_seed4.txt,0110111001110101000
/home/garrett/coding/Ising_Model_Instances/data/Special_Geometries/Diamond/BCQS/18/N18_seed11.txt,0001010110010111110
/home/garrett/coding/Ising_Model_Instances/data/Special_Geometries/Diamond/BCQS/32/N32_seed19.txt,011011000001010101101011001001100
/home/garrett/coding/Ising_Model_Instances/data/Special_Geometries/Diamond/BCQS/32/N32_seed13.txt,011000100101010101111100011000101
/home/garrett/coding/Ising_Model_Instances/data/Special_Geometries/Diamond/BCQS/32/N32_seed15.txt,010000001000100100000110101010010
/home/garrett/coding/Ising_Model_Instances/data/Special_Geometries/Diamond/BCQS/32/N32_seed5.txt,010110001011101011000001011101101
/home/garrett/coding/Ising_Model_Instances/data/Special_Geometries/Diamond/BCQS/32/N32_seed10.txt,010001110011001101001000111101101
/home/garrett/coding/Ising_Model_Instances/data/Special_Geometries/Diamond/BCQS/32/N32_seed1.txt,001000010010101100001111100110101
/home/garrett/coding/Ising_Model_Instances/data/Special_Geometries/Diamond/BCQS/32/N32_seed14.txt,001110100101011110100111111101010
/home/garrett/coding/Ising_Model_Instances/data/Special_Geometries/Diamond/BCQS/32/N32_seed6.txt,010000011011100110100111110100000
/home/garrett/coding/Ising_Model_Instances/data/Special_Geometries/Diamond/BCQS/32/N32_seed0.txt,010101010001111001110101101010010
/home/garrett/coding/Ising_Model_Instances/data/Special_Geometries/Diamond/BCQS/32/N32_seed8.txt,011100110111100100100110110000010
/home/garrett/coding/Ising_Model_Instances/data/Special_Geometries/Diamond/BCQS/32/N32_seed3.txt,011010101100101011001110011100110
/home/garrett/coding/Ising_Model_Instances/data/Special_Geometries/Diamond/BCQS/32/N32_seed18.txt,011000000110011101110011110100110
/home/garrett/coding/Ising_Model_Instances/data/Special_Geometries/Diamond/BCQS/32/N32_seed17.txt,000011001001010100111001100111010
/home/garrett/coding/Ising_Model_Instances/data/Special_Geometries/Diamond/BCQS/32/N32_seed11.txt,011010100000100101000001010010101
/home/garrett/coding/Ising_Model_Instances/data/Special_Geometries/Diamond/BCQS/32/N32_seed4.txt,000100010111011000100111001011100
/home/garrett/coding/Ising_Model_Instances/data/Special_Geometries/Diamond/BCQS/32/N32_seed7.txt,001001100001111000011111101001001
/home/garrett/coding/Ising_Model_Instances/data/Special_Geometries/Diamond/BCQS/32/N32_seed9.txt,010100101111010001110011011111111
/home/garrett/coding/Ising_Model_Instances/data/Special_Geometries/Diamond/BCQS/32/N32_seed2.txt,000100011010111011000000011110010
/home/garrett/coding/Ising_Model_Instances/data/Special_Geometries/Diamond/BCQS/32/N32_seed12.txt,000010100100010100100100011101000
/home/garrett/coding/Ising_Model_Instances/data/Special_Geometries/Diamond/BCQS/32/N32_seed16.txt,000101000101110110001011010101101
/home/garrett/coding/Ising_Model_Instances/data/Special_Geometries/Fully_connected/VAN/SK/300/seed28.txt,ERROR: Model too large for size-limited license; visit https://gurobi.com/unrestricted for more information
/home/garrett/coding/Ising_Model_Instances/data/Special_Geometries/Fully_connected/VAN/SK/300/seed17.txt,ERROR: Model too large for size-limited license; visit https://gurobi.com/unrestricted for more information
/home/garrett/coding/Ising_Model_Instances/data/Special_Geometries/Fully_connected/VAN/SK/300/seed86.txt,ERROR: Model too large for size-limited license; visit https://gurobi.com/unrestricted for more information
/home/garrett/coding/Ising_Model_Instances/data/Special_Geometries/Fully_connected/VAN/SK/300/seed9.txt,ERROR: Model too large for size-limited license; visit https://gurobi.com/unrestricted for more information
/home/garrett/coding/Ising_Model_Instances/data/Special_Geometries/Fully_connected/VAN/SK/300/seed45.txt,ERROR: Model too large for size-limited license; visit https://gurobi.com/unrestricted for more information
/home/garrett/coding/Ising_Model_Instances/data/Special_Geometries/Fully_connected/VAN/SK/300/seed67.txt,ERROR: Model too large for size-limited license; visit https://gurobi.com/unrestricted for more information
/home/garrett/coding/Ising_Model_Instances/data/Special_Geometries/Fully_connected/VAN/SK/300/seed15.txt,ERROR: Model too large for size-limited license; visit https://gurobi.com/unrestricted for more information
/home/garrett/coding/Ising_Model_Instances/data/Special_Geometries/Fully_connected/VAN/SK/300/seed54.txt,ERROR: Model too large for size-limited license; visit https://gurobi.com/unrestricted for more information
/home/garrett/coding/Ising_Model_Instances/data/Special_Geometries/Fully_connected/VAN/SK/300/seed32.txt,ERROR: Model too large for size-limited license; visit https://gurobi.com/unrestricted for more information
/home/garrett/coding/Ising_Model_Instances/data/Special_Geometries/Fully_connected/VAN/SK/300/seed11.txt,ERROR: Model too large for size-limited license; visit https://gurobi.com/unrestricted for more information
/home/garrett/coding/Ising_Model_Instances/data/Special_Geometries/Fully_connected/VAN/SK/300/seed19.txt,ERROR: Model too large for size-limited license; visit https://gurobi.com/unrestricted for more information
/home/garrett/coding/Ising_Model_Instances/data/Special_Geometries/Fully_connected/VAN/SK/300/seed92.txt,ERROR: Model too large for size-limited license; visit https://gurobi.com/unrestricted for more information
/home/garrett/coding/Ising_Model_Instances/data/Special_Geometries/Fully_connected/VAN/SK/300/seed66.txt,ERROR: Model too large for size-limited license; visit https://gurobi.com/unrestricted for more information
/home/garrett/coding/Ising_Model_Instances/data/Special_Geometries/Fully_connected/VAN/SK/300/seed78.txt,ERROR: Model too large for size-limited license; visit https://gurobi.com/unrestricted for more information
/home/garrett/coding/Ising_Model_Instances/data/Special_Geometries/Fully_connected/VAN/SK/300/seed63.txt,ERROR: Model too large for size-limited license; visit https://gurobi.com/unrestricted for more information
/home/garrett/coding/Ising_Model_Instances/data/Special_Geometries/Fully_connected/VAN/SK/300/seed41.txt,ERROR: Model too large for size-limited license; visit https://gurobi.com/unrestricted for more information
/home/garrett/coding/Ising_Model_Instances/data/Special_Geometries/Fully_connected/VAN/SK/300/seed22.txt,ERROR: Model too large for size-limited license; visit https://gurobi.com/unrestricted for more information
/home/garrett/coding/Ising_Model_Instances/data/Special_Geometries/Fully_connected/VAN/SK/300/seed64.txt,ERROR: Model too large for size-limited license; visit https://gurobi.com/unrestricted for more information
/home/garrett/coding/Ising_Model_Instances/data/Special_Geometries/Fully_connected/VAN/SK/300/seed37.txt,ERROR: Model too large for size-limited license; visit https://gurobi.com/unrestricted for more information
/home/garrett/coding/Ising_Model_Instances/data/Special_Geometries/Fully_connected/VAN/SK/300/seed74.txt,ERROR: Model too large for size-limited license; visit https://gurobi.com/unrestricted for more information
/home/garrett/coding/Ising_Model_Instances/data/Special_Geometries/Fully_connected/VAN/SK/300/seed13.txt,ERROR: Model too large for size-limited license; visit https://gurobi.com/unrestricted for more information
/home/garrett/coding/Ising_Model_Instances/data/Special_Geometries/Fully_connected/VAN/SK/300/seed99.txt,ERROR: Model too large for size-limited license; visit https://gurobi.com/unrestricted for more information
/home/garrett/coding/Ising_Model_Instances/data/Special_Geometries/Fully_connected/VAN/SK/300/seed33.txt,ERROR: Model too large for size-limited license; visit https://gurobi.com/unrestricted for more information
/home/garrett/coding/Ising_Model_Instances/data/Special_Geometries/Fully_connected/VAN/SK/300/seed29.txt,ERROR: Model too large for size-limited license; visit https://gurobi.com/unrestricted for more information
/home/garrett/coding/Ising_Model_Instances/data/Special_Geometries/Fully_connected/VAN/SK/300/seed36.txt,ERROR: Model too large for size-limited license; visit https://gurobi.com/unrestricted for more information
/home/garrett/coding/Ising_Model_Instances/data/Special_Geometries/Fully_connected/VAN/SK/300/seed43.txt,ERROR: Model too large for size-limited license; visit https://gurobi.com/unrestricted for more information
/home/garrett/coding/Ising_Model_Instances/data/Special_Geometries/Fully_connected/VAN/SK/300/seed2.txt,ERROR: Model too large for size-limited license; visit https://gurobi.com/unrestricted for more information
/home/garrett/coding/Ising_Model_Instances/data/Special_Geometries/Fully_connected/VAN/SK/300/seed25.txt,ERROR: Model too large for size-limited license; visit https://gurobi.com/unrestricted for more information
/home/garrett/coding/Ising_Model_Instances/data/Special_Geometries/Fully_connected/VAN/SK/300/seed48.txt,ERROR: Model too large for size-limited license; visit https://gurobi.com/unrestricted for more information
/home/garrett/coding/Ising_Model_Instances/data/Special_Geometries/Fully_connected/VAN/SK/300/seed88.txt,ERROR: Model too large for size-limited license; visit https://gurobi.com/unrestricted for more information
/home/garrett/coding/Ising_Model_Instances/data/Special_Geometries/Fully_connected/VAN/SK/300/seed6.txt,ERROR: Model too large for size-limited license; visit https://gurobi.com/unrestricted for more information
/home/garrett/coding/Ising_Model_Instances/data/Special_Geometries/Fully_connected/VAN/SK/300/seed94.txt,ERROR: Model too large for size-limited license; visit https://gurobi.com/unrestricted for more information
/home/garrett/coding/Ising_Model_Instances/data/Special_Geometries/Fully_connected/VAN/SK/300/seed26.txt,ERROR: Model too large for size-limited license; visit https://gurobi.com/unrestricted for more information
/home/garrett/coding/Ising_Model_Instances/data/Special_Geometries/Fully_connected/VAN/SK/300/seed14.txt,ERROR: Model too large for size-limited license; visit https://gurobi.com/unrestricted for more information
/home/garrett/coding/Ising_Model_Instances/data/Special_Geometries/Fully_connected/VAN/SK/300/seed30.txt,ERROR: Model too large for size-limited license; visit https://gurobi.com/unrestricted for more information
/home/garrett/coding/Ising_Model_Instances/data/Special_Geometries/Fully_connected/VAN/SK/300/seed56.txt,ERROR: Model too large for size-limited license; visit https://gurobi.com/unrestricted for more information
/home/garrett/coding/Ising_Model_Instances/data/Special_Geometries/Fully_connected/VAN/SK/300/seed5.txt,ERROR: Model too large for size-limited license; visit https://gurobi.com/unrestricted for more information
/home/garrett/coding/Ising_Model_Instances/data/Special_Geometries/Fully_connected/VAN/SK/300/seed42.txt,ERROR: Model too large for size-limited license; visit https://gurobi.com/unrestricted for more information
/home/garrett/coding/Ising_Model_Instances/data/Special_Geometries/Fully_connected/VAN/SK/300/seed81.txt,ERROR: Model too large for size-limited license; visit https://gurobi.com/unrestricted for more information
/home/garrett/coding/Ising_Model_Instances/data/Special_Geometries/Fully_connected/VAN/SK/300/seed69.txt,ERROR: Model too large for size-limited license; visit https://gurobi.com/unrestricted for more information
/home/garrett/coding/Ising_Model_Instances/data/Special_Geometries/Fully_connected/VAN/SK/300/seed55.txt,ERROR: Model too large for size-limited license; visit https://gurobi.com/unrestricted for more information
/home/garrett/coding/Ising_Model_Instances/data/Special_Geometries/Fully_connected/VAN/SK/300/seed77.txt,ERROR: Model too large for size-limited license; visit https://gurobi.com/unrestricted for more information
/home/garrett/coding/Ising_Model_Instances/data/Special_Geometries/Fully_connected/VAN/SK/300/seed12.txt,ERROR: Model too large for size-limited license; visit https://gurobi.com/unrestricted for more information
/home/garrett/coding/Ising_Model_Instances/data/Special_Geometries/Fully_connected/VAN/SK/300/seed79.txt,ERROR: Model too large for size-limited license; visit https://gurobi.com/unrestricted for more information
/home/garrett/coding/Ising_Model_Instances/data/Special_Geometries/Fully_connected/VAN/SK/300/seed51.txt,ERROR: Model too large for size-limited license; visit https://gurobi.com/unrestricted for more information
/home/garrett/coding/Ising_Model_Instances/data/Special_Geometries/Fully_connected/VAN/SK/300/seed96.txt,ERROR: Model too large for size-limited license; visit https://gurobi.com/unrestricted for more information
/home/garrett/coding/Ising_Model_Instances/data/Special_Geometries/Fully_connected/VAN/SK/300/seed61.txt,ERROR: Model too large for size-limited license; visit https://gurobi.com/unrestricted for more information
/home/garrett/coding/Ising_Model_Instances/data/Special_Geometries/Fully_connected/VAN/SK/300/seed72.txt,ERROR: Model too large for size-limited license; visit https://gurobi.com/unrestricted for more information
/home/garrett/coding/Ising_Model_Instances/data/Special_Geometries/Fully_connected/VAN/SK/300/seed80.txt,ERROR: Model too large for size-limited license; visit https://gurobi.com/unrestricted for more information
/home/garrett/coding/Ising_Model_Instances/data/Special_Geometries/Fully_connected/VAN/SK/300/seed71.txt,ERROR: Model too large for size-limited license; visit https://gurobi.com/unrestricted for more information
/home/garrett/coding/Ising_Model_Instances/data/Special_Geometries/Fully_connected/VAN/SK/300/seed34.txt,ERROR: Model too large for size-limited license; visit https://gurobi.com/unrestricted for more information
/home/garrett/coding/Ising_Model_Instances/data/Special_Geometries/Fully_connected/VAN/SK/300/seed52.txt,ERROR: Model too large for size-limited license; visit https://gurobi.com/unrestricted for more information
/home/garrett/coding/Ising_Model_Instances/data/Special_Geometries/Fully_connected/VAN/SK/300/seed89.txt,ERROR: Model too large for size-limited license; visit https://gurobi.com/unrestricted for more information
/home/garrett/coding/Ising_Model_Instances/data/Special_Geometries/Fully_connected/VAN/SK/300/seed53.txt,ERROR: Model too large for size-limited license; visit https://gurobi.com/unrestricted for more information
/home/garrett/coding/Ising_Model_Instances/data/Special_Geometries/Fully_connected/VAN/SK/300/seed60.txt,ERROR: Model too large for size-limited license; visit https://gurobi.com/unrestricted for more information
/home/garrett/coding/Ising_Model_Instances/data/Special_Geometries/Fully_connected/VAN/SK/300/seed47.txt,ERROR: Model too large for size-limited license; visit https://gurobi.com/unrestricted for more information
/home/garrett/coding/Ising_Model_Instances/data/Special_Geometries/Fully_connected/VAN/SK/300/seed73.txt,ERROR: Model too large for size-limited license; visit https://gurobi.com/unrestricted for more information
/home/garrett/coding/Ising_Model_Instances/data/Special_Geometries/Fully_connected/VAN/SK/300/seed76.txt,ERROR: Model too large for size-limited license; visit https://gurobi.com/unrestricted for more information
/home/garrett/coding/Ising_Model_Instances/data/Special_Geometries/Fully_connected/VAN/SK/300/seed58.txt,ERROR: Model too large for size-limited license; visit https://gurobi.com/unrestricted for more information
/home/garrett/coding/Ising_Model_Instances/data/Special_Geometries/Fully_connected/VAN/SK/300/seed39.txt,ERROR: Model too large for size-limited license; visit https://gurobi.com/unrestricted for more information
/home/garrett/coding/Ising_Model_Instances/data/Special_Geometries/Fully_connected/VAN/SK/300/seed83.txt,ERROR: Model too large for size-limited license; visit https://gurobi.com/unrestricted for more information
/home/garrett/coding/Ising_Model_Instances/data/Special_Geometries/Fully_connected/VAN/SK/300/seed70.txt,ERROR: Model too large for size-limited license; visit https://gurobi.com/unrestricted for more information
/home/garrett/coding/Ising_Model_Instances/data/Special_Geometries/Fully_connected/VAN/SK/300/seed40.txt,ERROR: Model too large for size-limited license; visit https://gurobi.com/unrestricted for more information
/home/garrett/coding/Ising_Model_Instances/data/Special_Geometries/Fully_connected/VAN/SK/300/seed75.txt,ERROR: Model too large for size-limited license; visit https://gurobi.com/unrestricted for more information
/home/garrett/coding/Ising_Model_Instances/data/Special_Geometries/Fully_connected/VAN/SK/300/seed57.txt,ERROR: Model too large for size-limited license; visit https://gurobi.com/unrestricted for more information
/home/garrett/coding/Ising_Model_Instances/data/Special_Geometries/Fully_connected/VAN/SK/300/seed84.txt,ERROR: Model too large for size-limited license; visit https://gurobi.com/unrestricted for more information
/home/garrett/coding/Ising_Model_Instances/data/Special_Geometries/Fully_connected/VAN/SK/300/seed87.txt,ERROR: Model too large for size-limited license; visit https://gurobi.com/unrestricted for more information
/home/garrett/coding/Ising_Model_Instances/data/Special_Geometries/Fully_connected/VAN/SK/300/seed98.txt,ERROR: Model too large for size-limited license; visit https://gurobi.com/unrestricted for more information
/home/garrett/coding/Ising_Model_Instances/data/Special_Geometries/Fully_connected/VAN/SK/300/seed23.txt,ERROR: Model too large for size-limited license; visit https://gurobi.com/unrestricted for more information
/home/garrett/coding/Ising_Model_Instances/data/Special_Geometries/Fully_connected/VAN/SK/300/seed31.txt,ERROR: Model too large for size-limited license; visit https://gurobi.com/unrestricted for more information
/home/garrett/coding/Ising_Model_Instances/data/Special_Geometries/Fully_connected/VAN/SK/300/seed38.txt,ERROR: Model too large for size-limited license; visit https://gurobi.com/unrestricted for more information
/home/garrett/coding/Ising_Model_Instances/data/Special_Geometries/Fully_connected/VAN/SK/300/seed62.txt,ERROR: Model too large for size-limited license; visit https://gurobi.com/unrestricted for more information
/home/garrett/coding/Ising_Model_Instances/data/Special_Geometries/Fully_connected/VAN/SK/300/seed27.txt,ERROR: Model too large for size-limited license; visit https://gurobi.com/unrestricted for more information
/home/garrett/coding/Ising_Model_Instances/data/Special_Geometries/Fully_connected/VAN/SK/300/seed46.txt,ERROR: Model too large for size-limited license; visit https://gurobi.com/unrestricted for more information
/home/garrett/coding/Ising_Model_Instances/data/Special_Geometries/Fully_connected/VAN/SK/300/seed16.txt,ERROR: Model too large for size-limited license; visit https://gurobi.com/unrestricted for more information
/home/garrett/coding/Ising_Model_Instances/data/Special_Geometries/Fully_connected/VAN/SK/300/seed95.txt,ERROR: Model too large for size-limited license; visit https://gurobi.com/unrestricted for more information
/home/garrett/coding/Ising_Model_Instances/data/Special_Geometries/Fully_connected/VAN/SK/300/seed82.txt,ERROR: Model too large for size-limited license; visit https://gurobi.com/unrestricted for more information
/home/garrett/coding/Ising_Model_Instances/data/Special_Geometries/Fully_connected/VAN/SK/300/seed91.txt,ERROR: Model too large for size-limited license; visit https://gurobi.com/unrestricted for more information
/home/garrett/coding/Ising_Model_Instances/data/Special_Geometries/Fully_connected/VAN/SK/300/seed4.txt,ERROR: Model too large for size-limited license; visit https://gurobi.com/unrestricted for more information
/home/garrett/coding/Ising_Model_Instances/data/Special_Geometries/Fully_connected/VAN/SK/300/seed7.txt,ERROR: Model too large for size-limited license; visit https://gurobi.com/unrestricted for more information
/home/garrett/coding/Ising_Model_Instances/data/Special_Geometries/Fully_connected/VAN/SK/300/seed93.txt,ERROR: Model too large for size-limited license; visit https://gurobi.com/unrestricted for more information
/home/garrett/coding/Ising_Model_Instances/data/Special_Geometries/Fully_connected/VAN/SK/300/seed24.txt,ERROR: Model too large for size-limited license; visit https://gurobi.com/unrestricted for more information
/home/garrett/coding/Ising_Model_Instances/data/Special_Geometries/Fully_connected/VAN/SK/300/seed68.txt,ERROR: Model too large for size-limited license; visit https://gurobi.com/unrestricted for more information
/home/garrett/coding/Ising_Model_Instances/data/Special_Geometries/Fully_connected/VAN/SK/300/seed100.txt,ERROR: Model too large for size-limited license; visit https://gurobi.com/unrestricted for more information
/home/garrett/coding/Ising_Model_Instances/data/Special_Geometries/Fully_connected/VAN/SK/300/seed10.txt,ERROR: Model too large for size-limited license; visit https://gurobi.com/unrestricted for more information
/home/garrett/coding/Ising_Model_Instances/data/Special_Geometries/Fully_connected/VAN/SK/300/seed8.txt,ERROR: Model too large for size-limited license; visit https://gurobi.com/unrestricted for more information
/home/garrett/coding/Ising_Model_Instances/data/Special_Geometries/Fully_connected/VAN/SK/300/seed21.txt,ERROR: Model too large for size-limited license; visit https://gurobi.com/unrestricted for more information
/home/garrett/coding/Ising_Model_Instances/data/Special_Geometries/Fully_connected/VAN/SK/300/seed35.txt,ERROR: Model too large for size-limited license; visit https://gurobi.com/unrestricted for more information
/home/garrett/coding/Ising_Model_Instances/data/Special_Geometries/Fully_connected/VAN/SK/300/seed20.txt,ERROR: Model too large for size-limited license; visit https://gurobi.com/unrestricted for more information
/home/garrett/coding/Ising_Model_Instances/data/Special_Geometries/Fully_connected/VAN/SK/300/seed59.txt,ERROR: Model too large for size-limited license; visit https://gurobi.com/unrestricted for more information
/home/garrett/coding/Ising_Model_Instances/data/Special_Geometries/Fully_connected/VAN/SK/300/seed49.txt,ERROR: Model too large for size-limited license; visit https://gurobi.com/unrestricted for more information
/home/garrett/coding/Ising_Model_Instances/data/Special_Geometries/Fully_connected/VAN/SK/300/seed97.txt,ERROR: Model too large for size-limited license; visit https://gurobi.com/unrestricted for more information
/home/garrett/coding/Ising_Model_Instances/data/Special_Geometries/Fully_connected/VAN/SK/300/seed3.txt,ERROR: Model too large for size-limited license; visit https://gurobi.com/unrestricted for more information
/home/garrett/coding/Ising_Model_Instances/data/Special_Geometries/Fully_connected/VAN/SK/300/seed1.txt,ERROR: Model too large for size-limited license; visit https://gurobi.com/unrestricted for more information
/home/garrett/coding/Ising_Model_Instances/data/Special_Geometries/Fully_connected/VAN/SK/300/seed90.txt,ERROR: Model too large for size-limited license; visit https://gurobi.com/unrestricted for more information
/home/garrett/coding/Ising_Model_Instances/data/Special_Geometries/Fully_connected/VAN/SK/300/seed65.txt,ERROR: Model too large for size-limited license; visit https://gurobi.com/unrestricted for more information
/home/garrett/coding/Ising_Model_Instances/data/Special_Geometries/Fully_connected/VAN/SK/300/seed50.txt,ERROR: Model too large for size-limited license; visit https://gurobi.com/unrestricted for more information
/home/garrett/coding/Ising_Model_Instances/data/Special_Geometries/Fully_connected/VAN/SK/300/seed18.txt,ERROR: Model too large for size-limited license; visit https://gurobi.com/unrestricted for more information
/home/garrett/coding/Ising_Model_Instances/data/Special_Geometries/Fully_connected/VAN/SK/300/seed85.txt,ERROR: Model too large for size-limited license; visit https://gurobi.com/unrestricted for more information
/home/garrett/coding/Ising_Model_Instances/data/Special_Geometries/Fully_connected/VAN/SK/300/seed44.txt,ERROR: Model too large for size-limited license; visit https://gurobi.com/unrestricted for more information
/home/garrett/coding/Ising_Model_Instances/data/Special_Geometries/Fully_connected/VAN/SK/100/seed28.txt,00101101001100010000101011011111011010101111000000000110101101010011011101011111000101111001000000001
/home/garrett/coding/Ising_Model_Instances/data/Special_Geometries/Fully_connected/VAN/SK/100/seed17.txt,00000101101001001101110101011111000010011101000110010110011000001011001100011001111111101000100010001
/home/garrett/coding/Ising_Model_Instances/data/Special_Geometries/Fully_connected/VAN/SK/100/seed86.txt,00011010001101001001100000011111010001111011100100100010100111010001110110100010010111100101110001101
/home/garrett/coding/Ising_Model_Instances/data/Special_Geometries/Fully_connected/VAN/SK/100/seed9.txt,00111101001111001100001000001100001111101001011011011110011000011010000011000110110000101001110011111
/home/garrett/coding/Ising_Model_Instances/data/Special_Geometries/Fully_connected/VAN/SK/100/seed45.txt,01110011111101100000100000011111001000010100110100010001000000100001101111000110100101111011100100011
/home/garrett/coding/Ising_Model_Instances/data/Special_Geometries/Fully_connected/VAN/SK/100/seed67.txt,01111010001000001100110010110101010010011111000000100000001111000100001010111101100101011111100011110
/home/garrett/coding/Ising_Model_Instances/data/Special_Geometries/Fully_connected/VAN/SK/100/seed15.txt,00111001001101101101010001001100111000100011010001011101011111101000101100001101111111001101000110011
/home/garrett/coding/Ising_Model_Instances/data/Special_Geometries/Fully_connected/VAN/SK/100/seed54.txt,00000010100010111101101000101001011010100001101110011001100101001010101110101000011000110100001000010
/home/garrett/coding/Ising_Model_Instances/data/Special_Geometries/Fully_connected/VAN/SK/100/seed32.txt,00100101110000111011001001111000010000011011011001110000111010000011011111000110101100011000001010000
/home/garrett/coding/Ising_Model_Instances/data/Special_Geometries/Fully_connected/VAN/SK/100/seed11.txt,01001111000001011111001111111100111000100010111010010100011010010101100101101101011000001001001011101
/home/garrett/coding/Ising_Model_Instances/data/Special_Geometries/Fully_connected/VAN/SK/100/seed19.txt,01011111111110101101111101001110101101000110000010000000000100011000011010101010111000000000011100000
